track_id,artists,album_name,track_name,popularity,duration_ms,explicit,danceability,energy,key,loudness,mode,speechiness,acousticness,instrumentalness,liveness,valence,tempo,time_signature,track_genre,genre_id,tempo_normalized,loudness_normalized,mood_score,transition_score,calm,happy,energetic,sad,dark,romantic,focus,hype
5SuOikwiRyPMVoIQDJUgSV,Gen Hoshino,Comedy,Comedy,73,230666,0,0.676,0.461,1,-6.746,0,0.143,0.0322,1.01e-06,0.358,0.715,87.917,4,acoustic,0,0.2707531946034188,0.7793947929503354,0.588,0.5753826625179181,0.3,0.7,0.2,0.1,0.0,0.4,0.5,0.1
4qPNDBW1i3p13qLCt0Ki3A,Ben Woodward,Ghost (Acoustic),Ghost - Acoustic,55,149610,0,0.42,0.166,1,-17.235,1,0.0763,0.924,5.56e-06,0.101,0.267,77.489,4,acoustic,0,0.2218349501810744,0.5742229524871388,0.2165,0.4053526342227377,0.8,0.2,0.1,0.3,0.1,0.4,0.7,0.0
1iJBSr7s7jYXzM8EGcbK5b,Ingrid Michaelson;ZAYN,To Begin Again,To Begin Again,57,210826,0,0.438,0.359,0,-9.734,1,0.0557,0.21,0.0,0.117,0.12,76.332,4,acoustic,0,0.2164074081023773,0.7209475187293389,0.2395,0.4584516422772388,0.7,0.1,0.1,0.3,0.0,0.2,0.6,0.0
6lfxq3CG4xtTiEg7opyCyx,Kina Grannis,Crazy Rich Asians (Original Motion Picture Soundtrack),Can't Help Falling In Love,71,201933,0,0.266,0.0596,0,-18.515,1,0.0363,0.905,7.07e-05,0.132,0.143,181.74,3,acoustic,0,0.7108813540239807,0.5491852982023746,0.1013,0.5086888840754518,0.8,0.2,0.1,0.3,0.0,0.7,0.6,0.0
5vjLSffimiIP26QG5WcN2K,Chord Overstreet,Hold On,Hold On,82,198853,0,0.618,0.443,2,-9.681,1,0.0526,0.469,0.0,0.0829,0.167,119.949,4,acoustic,0,0.4210168314788057,0.7219842341020676,0.305,0.5870003551936245,0.6,0.2,0.3,0.4,0.1,0.3,0.5,0.1
01MVOl9KtVTNfFiBU9I7dc,Tyrone Wells,Days I Will Remember,Days I Will Remember,58,214240,0,0.688,0.481,6,-8.807,1,0.105,0.289,0.0,0.189,0.666,98.017,4,acoustic,0,0.3181327754114048,0.739080257418383,0.5735,0.5817376776099292,0.3,0.7,0.2,0.1,0.0,0.4,0.5,0.1
6Vc5wAMmXdKIAM7WUoEb7N,A Great Big World;Christina Aguilera,Is There Anybody Out There?,Say Something,74,229400,0,0.407,0.147,2,-8.822,1,0.0355,0.857,2.89e-06,0.0913,0.0765,141.284,3,acoustic,0,0.5211003321261704,0.7387868474072335,0.1117499999999999,0.5556290598444679,0.7,0.1,0.0,0.6,0.0,0.2,0.4,0.0
1EzrEOXmMH3G43AXT1y7pA,Jason Mraz,We Sing. We Dance. We Steal Things.,I'm Yours,80,242946,0,0.703,0.444,11,-9.331,1,0.0417,0.559,0.0,0.0973,0.712,150.96,4,acoustic,0,0.566490908749742,0.7288304676955578,0.578,0.6661071254817665,0.3,0.7,0.5,0.1,0.0,0.4,0.3,0.2
0IktbUcnAGrvD03AWnz3Q8,Jason Mraz;Colbie Caillat,We Sing. We Dance. We Steal Things.,Lucky,74,189613,0,0.625,0.414,0,-8.7,1,0.0369,0.294,0.0,0.151,0.669,130.088,4,acoustic,0,0.468579363143377,0.7411732488312501,0.5415,0.6115842039915423,0.2,0.7,0.5,0.1,0.0,0.4,0.3,0.2
7k9GuJYLp2AzqokyEdwEw2,Ross Copperman,Hunger,Hunger,56,205594,0,0.442,0.632,1,-6.77,1,0.0295,0.426,0.00419,0.0735,0.196,78.899,4,acoustic,0,0.2284493273037734,0.778925336932496,0.414,0.4831248880787565,0.6,0.2,0.3,0.4,0.1,0.3,0.7,0.1
4mzP5mHkRvGxdhdGdAH7EJ,Zack Tabudlo,Episode,Give Me Your Forever,74,244800,0,0.627,0.363,8,-8.127,1,0.0291,0.279,0.0,0.0928,0.301,99.905,4,acoustic,0,0.3269894732891749,0.752381511257164,0.3319999999999999,0.568790328182113,0.6,0.4,0.2,0.3,0.1,0.5,0.7,0.1
5ivF4eQBqJiVL5IAE9jRyl,Jason Mraz,Love Is a Four Letter Word,I Won't Give Up,69,240165,0,0.483,0.303,4,-10.058,1,0.0429,0.694,0.0,0.115,0.139,133.406,3,acoustic,0,0.4841442590959413,0.7146098624885081,0.221,0.5605847071948165,0.6,0.3,0.2,0.3,0.0,0.2,0.7,0.0
4ptDJbJl35d7gQfeNteBwp,Dan Berk,Solo,Solo,52,198712,0,0.489,0.314,7,-9.245,0,0.0331,0.749,0.0,0.113,0.607,124.234,4,acoustic,0,0.4411179704651642,0.7305126850928154,0.4605,0.5535435518526599,0.3,0.6,0.2,0.1,0.0,0.4,0.5,0.1
0X9MxHR1rTkEHDjp95F2OO,Anna Hamilton,Bad Liar,Bad Liar,62,248448,0,0.691,0.234,3,-6.441,1,0.0285,0.777,0.0,0.12,0.209,87.103,4,acoustic,0,0.2669346818531514,0.7853607965103768,0.2215,0.5810984927878428,0.7,0.2,0.1,0.3,0.1,0.4,0.6,0.0
4LbWtBkN82ZRhz9jqzgrb3,Chord Overstreet;Deepend,Hold On (Remix),Hold On - Remix,56,188133,0,0.755,0.78,2,-6.084,1,0.0327,0.124,2.83e-05,0.121,0.387,120.004,4,acoustic,0,0.4212748390970671,0.7923439547757369,0.5835,0.656206264624268,0.2,0.4,0.7,0.1,0.0,0.3,0.5,0.2
1KHdq8NK9QxnGjdXb55NiG,Landon Pigg,The Boy Who Never,Falling in Love at a Coffee Shop,58,244986,0,0.489,0.561,4,-7.933,1,0.0274,0.2,4.56e-05,0.179,0.238,83.457,3,acoustic,0,0.2498311222862289,0.7561762807346987,0.3995,0.4983358010069758,0.6,0.3,0.2,0.3,0.1,0.7,0.5,0.1
6xKeQgzfjixSUld14qUezm,Andrew Foy;Renee Foy,ily (i love you baby),ily (i love you baby),56,129750,0,0.706,0.112,2,-18.098,1,0.0391,0.827,4.03e-06,0.125,0.414,110.154,4,acoustic,0,0.3750680201902688,0.557342096512333,0.263,0.5461367055675339,0.7,0.4,0.1,0.1,0.0,0.3,0.6,0.0
4Yo0igmcoNyat1secaH0OD,Andrew Foy;Renee Foy,At My Worst,At My Worst,54,169728,0,0.795,0.0841,10,-18.09,0,0.0461,0.742,1.17e-05,0.0853,0.609,91.803,4,acoustic,0,0.2889826055954815,0.5574985818516127,0.3465499999999999,0.5471603958156981,0.7,0.6,0.1,0.1,0.0,0.4,0.5,0.0
2qLMf6TuEC3ruGJg4SMMN6,Jason Mraz;Colbie Caillat,We Sing. We Dance. We Steal Things.,Lucky,68,189613,0,0.625,0.414,0,-8.7,1,0.0369,0.294,0.0,0.151,0.669,130.088,4,acoustic,0,0.468579363143377,0.7411732488312501,0.5415,0.6115842039915423,0.2,0.7,0.5,0.1,0.0,0.4,0.3,0.2
3S0OXQeoh0w6AY8WQVckRW,Jason Mraz,We Sing. We Dance. We Steal Things.,I'm Yours,75,242946,0,0.703,0.444,11,-9.331,1,0.0417,0.559,0.0,0.0973,0.712,150.96,4,acoustic,0,0.566490908749742,0.7288304676955578,0.578,0.6661071254817665,0.3,0.7,0.5,0.1,0.0,0.4,0.3,0.2
210JCw2LbYD4YIs8GiZ9iP,Boyce Avenue;Jennel Garcia,"Cover Sessions, Vol. 3",Demons,63,174174,0,0.678,0.351,0,-8.654,1,0.0266,0.747,0.0,0.355,0.569,90.032,4,acoustic,0,0.2806747602874673,0.7420730395321087,0.4599999999999999,0.566915933273192,0.6,0.4,0.2,0.3,0.1,0.4,0.5,0.1
5TvE3pk05pyFIGdSY9j4DJ,A Great Big World;Christina Aguilera,Is There Anybody Out There? - Track by Track Commentary,Say Something,70,229400,0,0.407,0.147,2,-8.822,1,0.0355,0.857,2.89e-06,0.0913,0.0765,141.284,3,acoustic,0,0.5211003321261704,0.7387868474072335,0.1117499999999999,0.5556290598444679,0.7,0.1,0.0,0.6,0.0,0.2,0.4,0.0
0BUuuEvNa5T4lMaewyiudB,Jason Mraz,Coffee Moment,93 Million Miles,0,216386,0,0.572,0.454,3,-10.286,1,0.0258,0.477,1.37e-05,0.0974,0.515,140.182,4,acoustic,0,0.5159307976657346,0.7101500303190345,0.4845,0.5993602759949229,0.3,0.6,0.5,0.1,0.0,0.2,0.4,0.1
3Hn3LfhrQOaKihdCibJsTs,Jason Mraz,Human - Best Adult Pop Tunes,Unlonely,0,231266,0,0.796,0.667,5,-4.831,0,0.0392,0.381,0.0,0.221,0.754,97.988,4,acoustic,0,0.317996735030867,0.8168534710404318,0.7105,0.6436167353570996,0.3,0.7,0.4,0.1,0.0,0.4,0.5,0.2
6D33wCKzWtNEgOovgeVJ7r,Jason Mraz,Mellow Adult Pop,Bella Luna,1,302346,0,0.755,0.454,9,-9.609,0,0.0352,0.757,0.0,0.236,0.33,120.06,4,acoustic,0,0.4215375377629332,0.7233926021555854,0.392,0.6333100466395062,0.6,0.4,0.3,0.1,0.0,0.5,0.7,0.1
5IfCZDRXZrqZSm8AwE44PG,Jason Mraz,Holly Jolly Christmas,Winter Wonderland,0,131760,0,0.62,0.309,5,-9.209,1,0.0495,0.788,0.0,0.146,0.664,145.363,4,acoustic,0,0.54023511530595,0.7312168691195744,0.4865,0.6304839948085081,0.3,0.7,0.4,0.1,0.0,0.4,0.3,0.2
0dzKBptH2P5j5a0MifBMwM,Jason Mraz,Feeling Good - Adult Pop Favorites,If It Kills Me,0,273653,0,0.633,0.429,4,-6.784,0,0.0381,0.0444,0.0,0.132,0.52,143.793,4,acoustic,0,0.5328701705664909,0.7786514875887565,0.4745,0.6481738860517491,0.2,0.6,0.5,0.1,0.0,0.3,0.3,0.1
5QAMZTM5cmLg3fHX9ZbTZi,Jason Mraz,Christmas Time,Winter Wonderland,0,131760,0,0.62,0.309,5,-9.209,1,0.0495,0.788,0.0,0.146,0.664,145.363,4,acoustic,0,0.54023511530595,0.7312168691195744,0.4865,0.6304839948085081,0.3,0.7,0.4,0.1,0.0,0.4,0.3,0.2
2qESE1ZeWly7I3YjyTXmXh,Jason Mraz,Perfect Christmas Hits,Winter Wonderland,0,131760,0,0.62,0.309,5,-9.209,1,0.0495,0.788,0.0,0.146,0.664,145.363,4,acoustic,0,0.54023511530595,0.7312168691195744,0.4865,0.6304839948085081,0.3,0.7,0.4,0.1,0.0,0.4,0.3,0.2
3EQV1ZHtHvq9OnVRYIdbg3,Jason Mraz,Merry Christmas,Winter Wonderland,0,131760,0,0.62,0.309,5,-9.209,1,0.0495,0.788,0.0,0.146,0.664,145.363,4,acoustic,0,0.54023511530595,0.7312168691195744,0.4865,0.6304839948085081,0.3,0.7,0.4,0.1,0.0,0.4,0.3,0.2
3ax0rfGb7exLtl02LL08U9,Jason Mraz,Christmas Music - Holiday Hits,Winter Wonderland,0,131760,0,0.62,0.309,5,-9.209,1,0.0495,0.788,0.0,0.146,0.664,145.363,4,acoustic,0,0.54023511530595,0.7312168691195744,0.4865,0.6304839948085081,0.3,0.7,0.4,0.1,0.0,0.4,0.3,0.2
1m5LC29RE52Bxy7hxvpOlL,Chord Overstreet,Christmas Country Songs 2022,All I Want For Christmas Is A Real Good Tan,0,234186,0,0.593,0.455,6,-8.192,1,0.0388,0.366,0.0,0.0914,0.564,202.019,4,acoustic,0,0.806011108400728,0.7511100678755158,0.5095,0.716707058758748,0.2,0.6,0.5,0.1,0.0,0.3,0.3,0.2
3H36x7buZdQD4687VmFrwY,Brandi Carlile;Sam Smith,Human - Best Adult Pop Tunes,Party of One,0,259558,0,0.296,0.206,0,-11.799,1,0.0412,0.782,0.000225,0.0959,0.202,165.4,4,acoustic,0,0.6342296361623477,0.6805547405277468,0.204,0.5369281255633648,0.6,0.1,0.3,0.3,0.0,0.2,0.5,0.0
0xbMRcMFqxJq1Wa7tvWPtn,Brandi Carlile;Sam Smith,Feeling Good - Adult Pop Favorites,Party of One,0,259558,0,0.296,0.206,0,-11.799,1,0.0412,0.782,0.000225,0.0959,0.202,165.4,4,acoustic,0,0.6342296361623477,0.6805547405277468,0.204,0.5369281255633648,0.6,0.1,0.3,0.3,0.0,0.2,0.5,0.0
6h061f44HZPj1OXO2nA45d,Brandi Carlile;Sam Smith,Mellow Bars R'n'B,Party of One,0,259558,0,0.296,0.206,0,-11.799,1,0.0412,0.782,0.000225,0.0959,0.202,165.4,4,acoustic,0,0.6342296361623477,0.6805547405277468,0.204,0.5369281255633648,0.6,0.1,0.3,0.3,0.0,0.2,0.5,0.0
62EwQLDw0dprDzuLwQ0sH1,KT Tunstall,Chill Christmas Dinner,Lonely This Christmas,0,257493,0,0.409,0.153,6,-10.74,0,0.0306,0.939,2.56e-05,0.108,0.18,85.262,4,acoustic,0,0.2582984632128046,0.7012694873149071,0.1664999999999999,0.4561893168425706,0.7,0.1,0.05,0.6,0.1,0.2,0.5,0.0
3lvo0I8c2qBJDLZWqExDgC,Brandi Carlile,rainy day indie,Throwing Good After Bad,0,247791,0,0.501,0.0952,2,-12.931,1,0.054,0.963,1.58e-05,0.0915,0.316,138.016,4,acoustic,0,0.5057699885538437,0.6584120650196584,0.2056,0.5550606845245007,0.7,0.2,0.1,0.3,0.0,0.2,0.6,0.0
1ae8XfBQ3fDEvmBjFaemGV,Brandi Carlile,Coffee Moment,This Time Tomorrow,0,206267,0,0.606,0.326,10,-10.031,1,0.0294,0.841,0.0,0.139,0.414,91.626,4,acoustic,0,0.2881522901694406,0.7151380005085773,0.37,0.5364300968926726,0.6,0.4,0.2,0.3,0.1,0.4,0.5,0.1
0adVktNVJXPZfhQe6B1NO5,KT Tunstall,sadsadchristmas,Lonely This Christmas,0,257493,0,0.409,0.153,6,-10.74,0,0.0306,0.939,2.56e-05,0.108,0.18,85.262,4,acoustic,0,0.2582984632128046,0.7012694873149071,0.1664999999999999,0.4561893168425706,0.7,0.1,0.05,0.6,0.1,0.2,0.5,0.0
6sp6Vx3sv2l5qxPfbQkcyt,Eddie Vedder,Mega Hits Autumn/Fall 2022,The Haves,0,306794,0,0.474,0.519,7,-5.291,1,0.0253,0.281,0.0,0.107,0.326,151.832,4,acoustic,0,0.5705815022610848,0.8078555640318447,0.4225,0.6174790220976432,0.3,0.2,0.6,0.1,0.0,0.1,0.4,0.2
1WFVfVjCtbmdIv7j3Fa9iy,Brandi Carlile,Mellow Adult Pop,When You're Wrong,0,266960,0,0.568,0.301,10,-10.163,0,0.0373,0.796,3.37e-06,0.118,0.142,88.029,4,acoustic,0,0.2712785919351509,0.712555992410461,0.2214999999999999,0.5172781947818706,0.7,0.1,0.1,0.4,0.1,0.2,0.6,0.0
0e5PAxSyZ5DWWVqKANHETz,Brandi Carlile;Lucius,Country Car Hits,You and Me on the Rock,0,230098,0,0.568,0.686,1,-6.635,1,0.033,0.15,1.81e-06,0.0881,0.725,172.075,4,acoustic,0,0.6655423789240612,0.7815660270328424,0.7055,0.6717028019856345,0.2,0.7,0.8,0.1,0.0,0.3,0.2,0.6
1MLr9b1fOybO3MGiLy47Ys,Brandi Carlile;Lucius,Country Road Songs,You and Me on the Rock,0,230098,0,0.568,0.686,1,-6.635,1,0.033,0.15,1.81e-06,0.0881,0.725,172.075,4,acoustic,0,0.6655423789240612,0.7815660270328424,0.7055,0.6717028019856345,0.2,0.7,0.8,0.1,0.0,0.3,0.2,0.6
6JGjevTaqr9J1xp7YvYUKF,Brandi Carlile,Finest Country,"Speak Your Mind (From the Netflix Series ""We The People"")",0,193943,0,0.476,0.666,6,-3.438,1,0.0446,0.314,0.0,0.342,0.498,148.155,4,acoustic,0,0.5533325202184151,0.8441014807425228,0.5820000000000001,0.6244780003203126,0.2,0.5,0.6,0.1,0.0,0.3,0.4,0.2
7Af2YlwMZryKOQiRfwMsD2,Brandi Carlile;Lucius,Easy Country,You and Me on the Rock,0,230098,0,0.568,0.686,1,-6.635,1,0.033,0.15,1.81e-06,0.0881,0.725,172.075,4,acoustic,0,0.6655423789240612,0.7815660270328424,0.7055,0.6717028019856345,0.2,0.7,0.8,0.1,0.0,0.3,0.2,0.6
3RE5nHIVkC4KcA7snFaTKd,Brandi Carlile;Lucius,Cozy Country,You and Me on the Rock,0,230098,0,0.568,0.686,1,-6.635,1,0.033,0.15,1.81e-06,0.0881,0.725,172.075,4,acoustic,0,0.6655423789240612,0.7815660270328424,0.7055,0.6717028019856345,0.2,0.7,0.8,0.1,0.0,0.3,0.2,0.6
0JvkNRyq8Tmot9khpdtN0I,Brandi Carlile;Lucius,Good Times Country,You and Me on the Rock,0,230098,0,0.568,0.686,1,-6.635,1,0.033,0.15,1.81e-06,0.0881,0.725,172.075,4,acoustic,0,0.6655423789240612,0.7815660270328424,0.7055,0.6717028019856345,0.2,0.7,0.8,0.1,0.0,0.3,0.2,0.6
27gHtbsHClwimHFtKgFop4,Brandi Carlile;Lucius,Laidback Country,You and Me on the Rock,0,230098,0,0.568,0.686,1,-6.635,1,0.033,0.15,1.81e-06,0.0881,0.725,172.075,4,acoustic,0,0.6655423789240612,0.7815660270328424,0.7055,0.6717028019856345,0.2,0.7,0.8,0.1,0.0,0.3,0.2,0.6
1QBNBGeIRRGBnLhdlHbfI8,Brandi Carlile;Lucius,Chillin' It - Mellow Day Country,You and Me on the Rock,0,230098,0,0.568,0.686,1,-6.635,1,0.033,0.15,1.81e-06,0.0881,0.725,172.075,4,acoustic,0,0.6655423789240612,0.7815660270328424,0.7055,0.6717028019856345,0.2,0.7,0.8,0.1,0.0,0.3,0.2,0.6
72xTsTouZ5nBmASX8k1XCW,Highland Peak,Trampoline (Acoustic),Trampoline - Acoustic,46,213098,0,0.596,0.2,0,-10.424,0,0.0305,0.91,0.000183,0.0884,0.308,107.893,4,acoustic,0,0.3644615615559266,0.7074506582164584,0.254,0.5559707399241284,0.7,0.3,0.1,0.2,0.0,0.3,0.6,0.0
3ILmwMefYZoQh5Cf5jeuUQ,Motohiro Hata,Documentary,透明だった世界,61,232360,0,0.373,0.914,0,-4.185,1,0.0565,0.076,0.0,0.669,0.56,168.21,4,acoustic,0,0.6474114799316983,0.8294896621872737,0.7370000000000001,0.6166337140396574,0.1,0.6,0.8,0.1,0.0,0.3,0.2,0.7
2DHDuADAHoUW6n0z80RLQF,Andrew Belle,Black Bear,Pieces,60,241119,0,0.494,0.652,6,-5.863,0,0.0314,0.0754,0.00256,0.125,0.298,137.018,4,acoustic,0,0.5010883230443022,0.7966668622733407,0.475,0.5972517284392143,0.2,0.3,0.7,0.3,0.1,0.2,0.5,0.4
5JDcQAztvZTIkrWoZihgvC,Ron Pope,The Bedroom Demos,A Drop in the Ocean,68,220239,0,0.447,0.393,5,-8.65,1,0.038,0.785,0.0,0.28,0.564,73.139,3,acoustic,0,0.2014288931004071,0.7421512822017488,0.4785,0.4635267251007186,0.7,0.4,0.1,0.3,0.0,0.4,0.6,0.0
2sYFi9xVSZ56WHKSY2fN1K,Adam Christopher,So Far Away (Acoustic),So Far Away - Acoustic,52,171543,0,0.576,0.331,6,-9.389,0,0.0306,0.894,3.44e-05,0.129,0.407,149.02,4,acoustic,0,0.5573902763965248,0.7276959489857793,0.369,0.6203620751274347,0.6,0.4,0.3,0.2,0.1,0.3,0.5,0.1
6xJOhSm4SvZwzy3uhWz26O,Andrew Belle,Black Bear,The Enemy,62,286865,0,0.536,0.89,1,-5.222,1,0.0375,0.078,0.0202,0.131,0.273,121.974,4,acoustic,0,0.4305162028784268,0.8092052500831327,0.5815,0.5919071509871866,0.1,0.3,0.7,0.2,0.1,0.2,0.4,0.5
7lLKxcNeJtDTWVRKHovLEC,Aron Wright,Build It Better,Build It Better,51,234473,0,0.526,0.333,4,-13.02,1,0.0314,0.91,0.168,0.111,0.159,94.951,4,acoustic,0,0.3037500234552379,0.6566711656201709,0.246,0.495473729691803,0.7,0.2,0.1,0.3,0.1,0.2,0.6,0.0
25UzeaV47eDT44Fovve6xQ,Chord Overstreet,Sleepwalking in the Rain,Sleepwalking in the Rain,0,216000,0,0.501,0.381,0,-9.448,1,0.036,0.687,0.00133,0.119,0.502,80.075,4,acoustic,0,0.2339659992869607,0.726541869608591,0.4415,0.4871692896318505,0.7,0.4,0.1,0.2,0.1,0.4,0.6,0.0
4oa14QBfWRDfJy2agySy0L,Sara Bareilles,Little Voice,Gravity,67,232760,0,0.27,0.275,0,-10.357,1,0.0356,0.834,0.0,0.146,0.231,168.964,4,acoustic,0,0.6509485298256806,0.7087612229329264,0.253,0.543236584252869,0.6,0.1,0.3,0.4,0.1,0.2,0.5,0.0
2gRKq9rIC5i1zuxp06zJWH,Chord Overstreet,What's Left of You,What's Left of You,57,178600,1,0.731,0.507,0,-6.477,1,0.046,0.572,0.0,0.0912,0.265,117.969,4,acoustic,0,0.4117285572213986,0.784656612483618,0.386,0.6424617232350055,0.4,0.2,0.5,0.3,0.1,0.2,0.6,0.1
08MFgEQeVLF37EyZ7jcwLc,Zack Tabudlo,Pano,Pano,75,254400,0,0.375,0.457,3,-7.018,1,0.0315,0.868,0.0145,0.191,0.415,174.839,3,acoustic,0,0.6785084345035933,0.774074291414823,0.436,0.6091942419728055,0.4,0.3,0.6,0.2,0.1,0.2,0.5,0.3
6nXIYClvJAfi6ujLiKqEq8,Andrew Belle,The Daylight EP,Sky's Still Blue,62,244320,0,0.43,0.791,6,-5.419,0,0.0302,0.0726,0.0193,0.11,0.217,171.864,4,acoustic,0,0.6645525678794588,0.8053517986033684,0.504,0.6333014554942756,0.1,0.3,0.8,0.2,0.1,0.2,0.3,0.6
7x4b0UccXSKBWxWmjcrG2T,Kurt Cobain,Montage Of Heck: The Home Recordings,And I Love Her,66,124933,0,0.616,0.282,1,-15.317,1,0.0331,0.983,0.833,0.13,0.435,96.638,4,acoustic,0,0.3116638207644531,0.6117403125794652,0.3585,0.5131347111146395,0.7,0.3,0.1,0.2,0.0,0.6,0.5,0.0
6owKuyHxUqidcAA6fPKSyy,Boyce Avenue;Bea Miller,"Cover Sessions, Vol. 3",We Can't Stop,64,222146,0,0.705,0.347,2,-8.249,1,0.0301,0.674,0.0,0.12,0.36,80.057,4,acoustic,0,0.2338815604300752,0.7499951098331474,0.3535,0.5629588900877409,0.6,0.3,0.2,0.2,0.1,0.4,0.7,0.1
0wbmIfvndFV9VDvuUY1pYN,Tim Halperin,Covers,Always Be My Baby,62,181852,0,0.582,0.255,4,-10.254,1,0.0306,0.772,0.0,0.0889,0.285,139.884,4,acoustic,0,0.5145328654795187,0.7107759716761536,0.27,0.6024362790518908,0.7,0.3,0.2,0.1,0.0,0.2,0.6,0.1
3e5yu9MkIvQx17mm7LF6KY,Canyon City,Midnight Waves,Alone with You,58,186584,0,0.549,0.274,1,-12.565,1,0.0379,0.798,6.63e-06,0.103,0.207,86.664,4,acoustic,0,0.2648753119546657,0.6655712692917083,0.2405,0.4931488604154579,0.7,0.2,0.1,0.3,0.1,0.3,0.6,0.0
6VwAh8Z1d5YKoSWoEaV4db,Aaron Espe,Making All Things New,Making All Things New,65,159600,0,0.787,0.355,0,-11.429,1,0.0288,0.896,0.0201,0.111,0.48,99.978,4,acoustic,0,0.3273319197643217,0.6877921874694364,0.4175,0.6007080357445861,0.7,0.4,0.2,0.2,0.1,0.5,0.6,0.1
7LwGBxB0h0CVmkOZxYKn0g,Andrew Belle,In My Veins (Feat. Erin Mccarley),In My Veins - Feat. Erin Mccarley,65,318908,0,0.548,0.42,0,-7.842,1,0.0277,0.198,4.46e-06,0.0899,0.196,128.012,4,acoustic,0,0.4588407483159138,0.757956301469006,0.308,0.58826568326164,0.4,0.1,0.3,0.3,0.1,0.2,0.5,0.1
0ZwdH0m32I8odedwvspYTh,Tyler Ward,Under Covers,I Don't Wanna Live Forever (Fifty Shades Darker),44,222351,0,0.787,0.403,0,-11.989,1,0.033,0.603,0.00857,0.131,0.264,118.042,4,acoustic,0,0.4120710036965455,0.6768382137198521,0.3335,0.6253030724721326,0.4,0.2,0.3,0.5,0.3,0.4,0.6,0.1
16dkWKIlBsfYTISCVuDs0w,Ron Pope,Whatever It Takes,A Drop In the Ocean,55,219480,0,0.484,0.573,5,-6.183,1,0.0298,0.0882,1.14e-06,0.15,0.346,139.966,3,acoustic,0,0.5149175313831085,0.7904074487021496,0.4594999999999999,0.5964416600284194,0.3,0.2,0.6,0.4,0.1,0.2,0.5,0.2
3TwtrR1yNLY1PMPsrGQpOp,Five For Fighting,America Town,Superman (It's Not Easy),70,221693,0,0.382,0.416,0,-9.303,1,0.0302,0.0733,0.0,0.0719,0.125,102.089,4,acoustic,0,0.3372347212579513,0.7293781663830369,0.2704999999999999,0.482870962546996,0.6,0.1,0.2,0.5,0.1,0.2,0.4,0.0
3Et4LKZLnXygPYfNdeB3D3,Andrew Belle,Dive Deep,When the End Comes,57,354400,0,0.541,0.575,9,-9.463,1,0.0491,0.677,0.215,0.102,0.428,91.98,4,acoustic,0,0.2898129210215225,0.7262484595974414,0.5015,0.5190204602063213,0.6,0.3,0.4,0.2,0.1,0.3,0.7,0.1
2E9viCx0hJKNKNThd2MdGQ,Bailey Jehl,You're Still The One,You're Still The One,56,177500,0,0.607,0.473,2,-8.555,1,0.034,0.712,0.0,0.66,0.54,119.698,4,acoustic,0,0.4198393785300132,0.744009545605696,0.5065,0.590282974711903,0.6,0.5,0.3,0.1,0.0,0.4,0.5,0.1
0Zf1BPkkFAWGtVHeBwHHz4,Ingrid Michaelson,It Doesn't Have To Make Sense,Light Me Up,56,247840,0,0.417,0.595,6,-7.84,1,0.0396,0.158,0.000269,0.101,0.117,147.928,4,acoustic,0,0.5522676524121366,0.757995422803826,0.356,0.5757543584053209,0.3,0.2,0.6,0.1,0.0,0.1,0.4,0.2
38jy6kRlPt8z1GUS9WXeNh,Jason Mraz,Love Is a Four Letter Word,93 Million Miles,67,216386,0,0.572,0.454,3,-10.286,1,0.0258,0.477,1.37e-05,0.0974,0.515,140.182,4,acoustic,0,0.5159307976657346,0.7101500303190345,0.4845,0.5993602759949229,0.3,0.6,0.5,0.1,0.0,0.2,0.4,0.1
2SkJKMfjpYsNv0KWOxiegX,A Great Big World,When the Morning Comes,Kaleidoscope,62,229320,0,0.709,0.913,7,-5.148,1,0.0748,0.0182,0.0,0.167,0.519,108.024,4,acoustic,0,0.365076088792149,0.8106527394714707,0.716,0.6282429427545398,0.1,0.6,0.7,0.2,0.0,0.3,0.4,0.5
4qCbMMMuEB56kHd4zPE6GD,Eddie Vedder;Nusrat Fateh Ali Khan,"Eat, Pray, Love",The Long Road,45,330933,0,0.537,0.342,2,-13.553,1,0.0273,0.645,0.266,0.0687,0.253,109.236,4,acoustic,0,0.3707616384891073,0.6462453298906558,0.2975,0.5180023227932544,0.6,0.2,0.2,0.4,0.1,0.3,0.5,0.1
11TK5KLtLZUdKr1C549bAw,Drew Holcomb & The Neighbors,Good Light,What Would I Do Without You,64,172213,0,0.602,0.336,8,-11.106,1,0.0369,0.883,0.0017,0.143,0.335,90.894,4,acoustic,0,0.2847184433227628,0.6941102830428574,0.3355,0.5269429087885401,0.7,0.3,0.2,0.3,0.1,0.4,0.6,0.1
7BXW1QCg56yzEBV8pW8pah,Jason Mraz,Know.,Have It All,65,226106,0,0.643,0.638,1,-4.947,0,0.0407,0.204,0.0,0.0707,0.6,82.001,4,acoustic,0,0.2430009569737113,0.8145844336208751,0.619,0.5668617968648622,0.3,0.7,0.4,0.1,0.0,0.4,0.5,0.2
2kMrCPZ0o5gErBPLCRgoli,Gabrielle Aplin,Mellow Adult Pop,Heavy Heart,0,235173,0,0.451,0.7,10,-6.597,0,0.0431,0.455,0.00233,0.405,0.37,150.055,4,acoustic,0,0.5622455106674422,0.7823093323944212,0.5349999999999999,0.5985182810206212,0.2,0.3,0.6,0.3,0.1,0.2,0.4,0.3
5IjTZ1g8KrIuV97N3OQZ0V,Gabrielle Aplin,Break Up Songs,The House We Never Built,0,195213,0,0.546,0.391,2,-10.786,0,0.063,0.784,2.72e-06,0.0552,0.202,139.669,4,acoustic,0,0.5135242902444974,0.7003696966140484,0.2965,0.5866313289528486,0.6,0.2,0.3,0.4,0.1,0.3,0.5,0.1
3bHhUEOTIbezeZ856R0BX5,Eddie Vedder,Into The Wild (Music For The Motion Picture),Society,68,236306,0,0.561,0.327,11,-10.835,0,0.0327,0.902,0.000469,0.111,0.298,161.858,4,acoustic,0,0.6176139455463194,0.6994112239109598,0.3125,0.626008389819093,0.6,0.2,0.3,0.4,0.1,0.2,0.5,0.1
0wf17wsLRwnnfh241GkeH5,Gabrielle Aplin,u don't deserve me,Please Don't Say You Love Me,0,181400,0,0.479,0.541,0,-9.862,1,0.0543,0.74,0.0,0.108,0.3,85.994,4,acoustic,0,0.2617323100594824,0.7184437533008625,0.4205,0.486392021120115,0.7,0.2,0.3,0.4,0.1,0.3,0.6,0.1
3322ArxAq7wCSZI4fF77Q0,Gabrielle Aplin,Coffee Moment,Please Don't Say You Love Me,0,181400,0,0.479,0.541,0,-9.862,1,0.0543,0.74,0.0,0.108,0.3,85.994,4,acoustic,0,0.2617323100594824,0.7184437533008625,0.4205,0.486392021120115,0.7,0.2,0.3,0.4,0.1,0.3,0.6,0.1
4LGF2tDg3878bs0mQPByZ4,Eddie Vedder,Into The Wild (Music For The Motion Picture),Guaranteed,61,164500,0,0.436,0.4,7,-11.485,1,0.0272,0.904,0.00105,0.125,0.351,100.734,4,acoustic,0,0.3308783517535135,0.686696790094478,0.3755,0.4845250472826639,0.7,0.2,0.1,0.3,0.0,0.4,0.6,0.0
6Uy6K3KdmUdAfelUp0SeXn,Sara Bareilles,The Blessed Unrest,Brave,70,220573,0,0.551,0.836,10,-3.838,0,0.0524,0.00502,2.1e-05,0.0425,0.758,185.063,4,acoustic,0,0.7264697052145684,0.836277213778534,0.7969999999999999,0.7045823063310341,0.1,0.7,0.8,0.1,0.0,0.3,0.2,0.6
2z2JKNU24UEngb4joR9p8f,KT Tunstall,Slow Christmas Songs 2022,Lonely This Christmas,0,257493,0,0.409,0.153,6,-10.74,0,0.0306,0.939,2.56e-05,0.108,0.18,85.262,4,acoustic,0,0.2582984632128046,0.7012694873149071,0.1664999999999999,0.4561893168425706,0.7,0.1,0.05,0.6,0.1,0.2,0.5,0.0
2nef44o0sjJDKB1ta4S0ub,KT Tunstall,Lonely Christmas 2022,Lonely This Christmas,0,257493,0,0.409,0.153,6,-10.74,0,0.0306,0.939,2.56e-05,0.108,0.18,85.262,4,acoustic,0,0.2582984632128046,0.7012694873149071,0.1664999999999999,0.4561893168425706,0.7,0.1,0.05,0.6,0.1,0.2,0.5,0.0
0qJGlogD7AyMLAJfQ42aI2,Five For Fighting,Bookmarks,Heaven Knows,62,210612,0,0.6,0.845,10,-7.076,1,0.0311,0.048,0.0,0.24,0.392,97.631,4,acoustic,0,0.3163220310359709,0.7729397727050447,0.6185,0.5630872679136719,0.2,0.4,0.6,0.1,0.0,0.3,0.3,0.1
04JS6OitE9VGsIS3S94Osg,The Civil Wars,Slow Christmas Songs 2022,I Heard The Bells On Christmas Day,0,154440,0,0.492,0.145,2,-14.504,0,0.0422,0.872,9.68e-06,0.107,0.218,90.078,4,acoustic,0,0.2808905484772859,0.6276431351837725,0.1815,0.4668445612203527,0.8,0.1,0.05,0.3,0.1,0.4,0.7,0.0
5OGpsZeJRZ3t3MZioawcZW,The Civil Wars,Alternative Christmas 2022,I Heard The Bells On Christmas Day,0,154440,0,0.492,0.145,2,-14.504,0,0.0422,0.872,9.68e-06,0.107,0.218,90.078,4,acoustic,0,0.2808905484772859,0.6276431351837725,0.1815,0.4668445612203527,0.8,0.1,0.05,0.3,0.1,0.4,0.7,0.0
3Vnes7v746dYzBn0FJTZ1W,KT Tunstall,Alternative Christmas 2022,Fairytale Of New York,0,263866,0,0.447,0.555,2,-6.018,1,0.0349,0.218,3.46e-06,0.124,0.33,117.888,3,acoustic,0,0.4113485823654138,0.7936349588247951,0.4425,0.5506611803967363,0.4,0.3,0.5,0.2,0.1,0.2,0.6,0.2
30cYWLpVdBZVLb1cYdmcTT,The Civil Wars,Acoustic Christmas Campfire,I Heard The Bells On Christmas Day,0,154440,0,0.492,0.145,2,-14.504,0,0.0422,0.872,9.68e-06,0.107,0.218,90.078,4,acoustic,0,0.2808905484772859,0.6276431351837725,0.1815,0.4668445612203527,0.8,0.1,0.05,0.3,0.1,0.4,0.7,0.0
7sUqJ51FGSi3n7x4pYjY3v,The Civil Wars,Lonely Christmas 2022,I Heard The Bells On Christmas Day,0,154440,0,0.492,0.145,2,-14.504,0,0.0422,0.872,9.68e-06,0.107,0.218,90.078,4,acoustic,0,0.2808905484772859,0.6276431351837725,0.1815,0.4668445612203527,0.8,0.1,0.05,0.3,0.1,0.4,0.7,0.0
15BFn2VmEtonsXfNL1lUmy,The Civil Wars,Chill Christmas Dinner,I Heard The Bells On Christmas Day,0,154440,0,0.492,0.145,2,-14.504,0,0.0422,0.872,9.68e-06,0.107,0.218,90.078,4,acoustic,0,0.2808905484772859,0.6276431351837725,0.1815,0.4668445612203527,0.8,0.1,0.05,0.3,0.1,0.4,0.7,0.0
0WOFJR54wyTwLB11jcBDb1,The Civil Wars,sadsadchristmas,I Heard The Bells On Christmas Day,0,154440,0,0.492,0.145,2,-14.504,0,0.0422,0.872,9.68e-06,0.107,0.218,90.078,4,acoustic,0,0.2808905484772859,0.6276431351837725,0.1815,0.4668445612203527,0.8,0.1,0.05,0.3,0.1,0.4,0.7,0.0
1uDCw6LVMOmbZ6zRliNcNX,The Civil Wars,Christmas Country Songs 2022,I Heard The Bells On Christmas Day,0,154440,0,0.492,0.145,2,-14.504,0,0.0422,0.872,9.68e-06,0.107,0.218,90.078,4,acoustic,0,0.2808905484772859,0.6276431351837725,0.1815,0.4668445612203527,0.8,0.1,0.05,0.3,0.1,0.4,0.7,0.0
7DYsBLdOqz0z14tYWMt2Tn,KT Tunstall,Del gusto de mamá,Hold On,0,177613,0,0.661,0.937,4,-5.157,0,0.0979,0.322,1.04e-06,0.19,0.805,105.549,4,acoustic,0,0.3534657459703901,0.8104766934647809,0.871,0.6083141464783903,0.1,0.8,0.7,0.1,0.0,0.3,0.3,0.6
7cPuE0M35EajWPRO3nRcH8,KT Tunstall,OO's Music Grandi Successi,Suddenly I See,0,199040,0,0.603,0.78,0,-5.531,1,0.0438,0.139,0.0,0.164,0.693,100.499,4,acoustic,0,0.329775955566397,0.8031610038534515,0.7364999999999999,0.5786456531399495,0.2,0.7,0.6,0.1,0.0,0.3,0.4,0.2
0U32q8CZRRo7xCzyiaZw5f,Motohiro Hata,言ノ葉,Rain,58,293040,0,0.626,0.655,9,-6.69,1,0.0263,0.503,0.0,0.13,0.542,92.003,4,acoustic,0,0.2899208151164317,0.7804901903252939,0.5985,0.5654703351472419,0.6,0.5,0.3,0.2,0.1,0.4,0.7,0.1
4kQXMVjoZ9yMibLZq5Aqi5,Callum J Wright,Somebody Else (Acoustic),Somebody Else - Acoustic,50,138495,0,0.794,0.38,10,-8.769,0,0.0477,0.762,0.0,0.262,0.617,114.99,4,acoustic,0,0.3977539264068451,0.7398235627799621,0.4985,0.6438591630622691,0.6,0.7,0.3,0.1,0.0,0.4,0.5,0.1
3us8sod4dLbM9FiMiPiEY8,Andrew Belle,Black Bear (Hushed),Pieces (Hushed),59,198626,0,0.52,0.279,5,-10.739,0,0.0547,0.894,0.000105,0.103,0.0951,69.642,4,acoustic,0,0.1850242996265925,0.7012890479823172,0.18705,0.4687711158696365,0.8,0.1,0.1,0.3,0.1,0.4,0.7,0.0
1PR5pyPiOEEQ02oJYq402x,Boyce Avenue;Fifth Harmony,"Cover Sessions, Vol. 3",Mirrors,57,292566,0,0.545,0.658,1,-7.174,1,0.0474,0.496,0.0,0.105,0.683,76.971,4,acoustic,0,0.2194049875218133,0.7710228272988674,0.6705000000000001,0.5118092716068936,0.3,0.6,0.3,0.1,0.1,0.4,0.5,0.2
068qo0w1Ki0cjnFYOUhAm2,Boyce Avenue,Stand by Me,Stand by Me,60,199019,0,0.728,0.266,8,-7.322,1,0.0293,0.872,1.03e-05,0.114,0.307,115.189,4,acoustic,0,0.3986874448801905,0.7681278485221915,0.2865,0.631605097800794,0.7,0.3,0.2,0.3,0.1,0.4,0.6,0.1
2RFt6ZWQbr9mPhsft9u9eX,Gabrielle Aplin;JP Cooper,Dear Happy,Losing Me,61,181760,0,0.66,0.407,7,-8.381,1,0.0571,0.236,0.0,0.109,0.257,133.86,4,acoustic,0,0.4862739947084983,0.7474131017350312,0.3319999999999999,0.6312290321478432,0.4,0.2,0.5,0.3,0.1,0.2,0.6,0.1
59pUIlXjQupbiYwt40uUTi,Mone Kamishiraishi,chouchou,なんでもないや - movie ver.,49,349920,0,0.357,0.161,8,-10.667,1,0.0388,0.971,1.4e-05,0.358,0.325,83.449,4,acoustic,0,0.2497935939053909,0.702697416035835,0.243,0.436497003313742,0.8,0.3,0.1,0.2,0.0,0.4,0.7,0.0
0VhZ5JYfqPojSYeGWnk4dL,John Adams,You’re Beautiful (Acoustic),You’re Beautiful - Acoustic,55,204973,0,0.479,0.154,2,-11.282,1,0.0352,0.915,0.0,0.0974,0.36,147.207,4,acoustic,0,0.548885407089111,0.6906676055787022,0.257,0.5728510042226044,0.7,0.3,0.2,0.1,0.0,0.2,0.6,0.0
0ltIx8PLjtWoS9zn9PqsZW,Kitri,Hikare Inochi,Hikare Inochi,51,322146,0,0.592,0.769,2,-5.268,1,0.0311,0.319,4.66e-06,0.137,0.385,102.033,4,acoustic,0,0.3369720225920852,0.808305459382274,0.577,0.5790924939914531,0.3,0.4,0.6,0.2,0.1,0.3,0.5,0.2
7ACW42whcdOiUxiNVu7ltx,Tyler Ward,Songs From Nashville,How To Lose a Girl,46,210375,0,0.7,0.454,7,-10.39,0,0.0388,0.55,0.0022,0.121,0.34,80.011,3,acoustic,0,0.2336657722402566,0.7081157209083974,0.397,0.547260497716218,0.6,0.3,0.2,0.2,0.1,0.4,0.7,0.1
4qTHoIp62ngNDpUJwW3hZ7,Boyce Avenue,"Cover Sessions, Vol. 6",Can’t Help Falling in Love,57,131000,0,0.402,0.197,5,-10.775,1,0.0295,0.858,1.05e-06,0.114,0.148,100.044,3,acoustic,0,0.3276415289062352,0.7005848639555582,0.1725,0.4767421309539312,0.8,0.2,0.1,0.3,0.1,0.7,0.6,0.0
4VbDTk82rqWqVgoQC93CkC,Andrew Belle,Dive Deep (Hushed),Dive Deep (Hushed),58,218531,0,0.507,0.378,9,-9.019,1,0.0332,0.852,0.000212,0.0937,0.085,135.86,4,acoustic,0,0.4956560899180005,0.734933395927469,0.2315,0.5791964952818232,0.7,0.1,0.2,0.3,0.1,0.2,0.6,0.0
1pG5nd6gmfbMwUfT5shDQe,Ben Woodward,When the Party's over (Acoustic Piano),When the Party's over (Acoustic Piano),51,195945,0,0.619,0.226,4,-13.453,1,0.0641,0.959,4.42e-05,0.106,0.188,124.96,3,acoustic,0,0.4445236710262135,0.6482013966316531,0.207,0.5705750225526222,0.7,0.2,0.1,0.4,0.1,0.3,0.6,0.0
2WZyfujzMweFLnozyUJBkW,Augustana,All The Stars and Boulevards,Boston,63,245933,0,0.404,0.571,0,-5.069,1,0.0303,0.182,2.08e-05,0.129,0.29,147.01,4,acoustic,0,0.547961270710975,0.8121980321968585,0.4305,0.5880531009692779,0.2,0.3,0.6,0.3,0.1,0.2,0.4,0.3
6gijbGNDNNJgT60Aj7UCyc,Matthew Perryman Jones,Living in the Shadows,Living in the Shadows,53,212386,0,0.418,0.79,4,-6.599,0,0.0506,0.0284,9.96e-06,0.117,0.197,175.975,4,acoustic,0,0.6838374645825905,0.7822702110596014,0.4935,0.6280358918807306,0.1,0.1,0.8,0.3,0.2,0.1,0.3,0.7
5pq4v03P5PxMcnCagg4S3Z,Boyce Avenue,"Cover Sessions, Vol. 4",In Case You Didn’t Know,60,225165,0,0.633,0.299,11,-7.798,1,0.0353,0.833,0.0,0.109,0.341,147.549,4,acoustic,0,0.550489745369936,0.7588169708350448,0.32,0.647435572068327,0.7,0.3,0.4,0.2,0.1,0.3,0.6,0.1
08OjvLnGR3M0HUhcePeMNO,Andrew Foy;Renee Foy,death bed (coffee for your head),death bed (coffee for your head),47,112008,0,0.565,0.0392,1,-28.276,1,0.045,0.835,0.183,0.117,0.601,125.399,4,acoustic,0,0.4465830409246992,0.3582536236136377,0.3201,0.4566122215127789,0.7,0.5,0.1,0.1,0.0,0.3,0.6,0.0
65VhbQdqvozUntjnlFkFbZ,Kina Grannis,You Are My Sunshine,You Are My Sunshine,60,123609,0,0.664,0.0755,10,-19.836,1,0.0389,0.91,0.0,0.164,0.575,80.004,1,acoustic,0,0.2336329349070234,0.5233456565538016,0.32525,0.4736595304869417,0.8,0.6,0.1,0.2,0.0,0.5,0.7,0.0
3PG6V5yuFfo4APiovOQoRv,Ray LaMontagne;Sierra Ferrell,I Was Born To Love You,I Was Born To Love You,67,265843,0,0.65,0.271,9,-11.081,1,0.0314,0.794,6.9e-05,0.196,0.21,78.036,4,acoustic,0,0.2244009532208732,0.6945992997281067,0.2405,0.5230000843163266,0.7,0.3,0.1,0.2,0.1,0.5,0.6,0.0
5O9R57EozcpLKGQBzadPVy,Meg Birch,Life Sucks Playlist,Only Love Can Hurt Like This,43,194194,0,0.534,0.213,1,-8.64,1,0.0283,0.884,0.0,0.107,0.0998,98.385,4,acoustic,0,0.3198590809299532,0.7423468888758484,0.1563999999999999,0.5320686566019339,0.7,0.1,0.1,0.6,0.1,0.3,0.5,0.0
6ta5yavnnEfCE4faU0jebM,Catherine Feeny,Hurricane Glass,Mr Blue,54,154600,0,0.456,0.386,10,-10.293,1,0.032,0.835,0.108,0.389,0.612,165.733,4,acoustic,0,0.6357917550147298,0.7100131056471647,0.499,0.6006016202206315,0.3,0.6,0.7,0.1,0.0,0.2,0.2,0.5
7BRCa8MPiyuvr2VU3O9W0F,Joshua Hyslop,Where The Mountain Meets The Valley,Do Not Let Me Go,60,158960,0,0.409,0.234,3,-13.711,1,0.0323,0.338,5e-05,0.0895,0.145,139.832,4,acoustic,0,0.5142889310040717,0.6431547444398803,0.1895,0.5221478918146506,0.7,0.1,0.2,0.4,0.1,0.2,0.6,0.0
5ZhaKUsY68U0lgREFWfoxg,Ross Copperman,Holding On And Letting Go - Single,Holding On And Letting Go,49,319000,0,0.502,0.53,2,-9.573,1,0.0266,0.805,0.000738,0.0728,0.102,78.046,4,acoustic,0,0.2244478636969208,0.7240967861823445,0.316,0.4835148832930884,0.7,0.1,0.2,0.4,0.1,0.3,0.6,0.0
4zcMBfbQZvBSHQBGDd6gsN,JJ Heller,You Already Know,You Already Know,57,214360,0,0.496,0.117,0,-12.884,1,0.0301,0.933,0.0,0.126,0.318,78.068,4,acoustic,0,0.2245510667442252,0.6593314163879271,0.2175,0.4599608277107174,0.8,0.2,0.1,0.1,0.0,0.3,0.7,0.0
7bhHLZxkRekrNPPkEdDTbn,Ben Woodward,Believer (Remix),Believer (Remix),42,204480,0,0.585,0.724,1,-6.513,0,0.0745,0.315,0.0681,0.0448,0.333,187.484,3,acoustic,0,0.7378267314656709,0.783952428456859,0.5285,0.7022597199741766,0.1,0.3,0.8,0.1,0.2,0.1,0.2,0.7
5rwq6R0Uq0BngM3rdmCeNg,Howie Day,Stop All the World Now (Special Edition),Collide - Acoustic Version,67,277000,0,0.582,0.253,10,-11.43,1,0.0259,0.827,2.95e-05,0.091,0.294,90.186,4,acoustic,0,0.281397181618599,0.6877726268020264,0.2734999999999999,0.5170566028068752,0.7,0.3,0.1,0.4,0.1,0.5,0.6,0.0
2lxBZVbkiCXC1soks2RXwV,Ben Rector,Magic,Love Like This,61,214240,0,0.637,0.14,2,-11.472,1,0.0407,0.903,0.0,0.107,0.392,139.78,4,acoustic,0,0.5140449965286247,0.6869510787708076,0.266,0.6126653584331442,0.7,0.4,0.2,0.1,0.0,0.3,0.6,0.1
38YgZVHPWOWsKrsCXz6JyP,Matt Nathanson,Some Mad Hope,Come On Get Higher,71,215173,0,0.672,0.623,9,-5.699,1,0.0297,0.241,0.0,0.0848,0.617,92.018,4,acoustic,0,0.289991180830503,0.7998748117285762,0.62,0.5872886641863597,0.3,0.7,0.4,0.1,0.0,0.5,0.3,0.2
6XrNrp7UtGgyZcHJ0ckL0w,Rachael Yamagata,Something In the Rain (Music from the Original TV Series),"""Something In the Rain"" (Something In the Rain, Pt. 1) [Music from the Original TV Series]",49,296862,0,0.422,0.272,4,-10.772,0,0.0353,0.496,1.07e-05,0.0704,0.113,143.413,4,acoustic,0,0.5310875724766855,0.7006435459577881,0.1925,0.5512437061448244,0.7,0.1,0.2,0.4,0.1,0.3,0.5,0.0
72R0X0h8YaxYNpegeoOl0M,Parachute,The Way It Was,Kiss Me Slowly,61,235813,0,0.47,0.801,9,-6.426,1,0.0352,0.0758,3.53e-05,0.218,0.431,173.92,4,acoustic,0,0.674197361754827,0.7856542065215264,0.616,0.6432838560921178,0.1,0.4,0.8,0.1,0.0,0.3,0.2,0.6
6R6ux6KaKrhAg2EIB2krdU,Parachute,Wide Awake,Without You,61,228933,0,0.564,0.864,4,-5.121,1,0.0341,0.0761,0.0,0.182,0.534,95.984,4,acoustic,0,0.3085958756309458,0.8111808774915399,0.6990000000000001,0.5612589177074953,0.2,0.6,0.7,0.1,0.0,0.3,0.4,0.1
2D9w6sabdMCLSheW5aegwO,Jason Mraz,Waiting for My Rocket to Come (Expanded Edition),Absolutely Zero,20,339196,0,0.521,0.495,5,-7.756,1,0.027,0.128,0.0,0.296,0.116,135.061,4,acoustic,0,0.4919079428818043,0.7596385188662637,0.3055,0.5908488205826893,0.3,0.2,0.6,0.4,0.1,0.1,0.5,0.2
1Qo3taHLFSQpzLm5Sty7M4,Jason Mraz,Waiting for My Rocket to Come (Expanded Edition),Sleep All Day,22,296843,0,0.616,0.81,2,-6.51,1,0.0668,0.369,0.0,0.107,0.79,97.994,4,acoustic,0,0.3180248813164955,0.7840111104590889,0.8,0.5726786639251947,0.2,0.7,0.5,0.1,0.0,0.4,0.3,0.1
71M4QMn8nrok1KFVXwEEyU,Jason Mraz,Waiting for My Rocket to Come (Expanded Edition),You and I Both,35,218240,0,0.615,0.812,7,-6.573,1,0.0458,0.184,0.0,0.328,0.74,98.954,4,acoustic,0,0.3225282870170565,0.7827787884122606,0.776,0.5734356918097724,0.2,0.7,0.6,0.1,0.0,0.4,0.3,0.2
2PIlBukQ6limukVR8Ubb5o,Gabrielle Aplin,English Rain,Please Don't Say You Love Me,59,181400,0,0.479,0.541,0,-9.862,1,0.0545,0.737,0.0,0.108,0.321,85.994,4,acoustic,0,0.2617323100594824,0.7184437533008625,0.431,0.486392021120115,0.6,0.3,0.2,0.4,0.1,0.3,0.5,0.1
5p9XWUdvbUzmPCukOmwoU3,KT Tunstall,Eye To The Telescope,Suddenly I See,73,201706,0,0.587,0.767,0,-5.713,1,0.0449,0.225,0.0,0.112,0.664,100.38,4,acoustic,0,0.3292177209014316,0.7996009623848365,0.7155,0.5719395610954227,0.2,0.7,0.6,0.1,0.0,0.3,0.4,0.2
1uSuY2qLCbx1QB7oPUVhFG,Jason Mraz,Waiting for My Rocket to Come (Expanded Edition),Who Needs Shelter,22,192260,0,0.514,0.569,6,-7.866,0,0.03,0.601,2.21e-06,0.218,0.264,142.597,4,acoustic,0,0.5272596776312085,0.7574868454511667,0.4165,0.5995821743607918,0.3,0.4,0.6,0.2,0.1,0.2,0.5,0.3
6twvFrIoIINH8UW8EB8OnU,Jason Mraz,Waiting for My Rocket to Come (Expanded Edition),No Stopping Us,19,198855,0,0.646,0.836,1,-6.203,1,0.0327,0.301,3.23e-05,0.29,0.727,105.991,4,acoustic,0,0.35553918901169,0.7900162353539502,0.7815,0.5971851414552134,0.2,0.7,0.6,0.1,0.0,0.3,0.4,0.2
2pelUnMKr07JjJpilj9Yew,Jason Mraz,Waiting for My Rocket to Come (Expanded Edition),I'll Do Anything,24,191889,0,0.57,0.711,9,-4.155,1,0.0703,0.119,0.0,0.352,0.648,163.117,4,acoustic,0,0.623519974480701,0.8300764822095729,0.6795,0.6745321522300912,0.2,0.7,0.6,0.1,0.0,0.3,0.3,0.4
7d0bJhpp0mCYyMXaMgWyMS,JJ Heller,I Dream of You: CALM,Make You Feel My Love,57,171293,0,0.678,0.199,9,-9.785,1,0.0307,0.957,3.23e-06,0.0968,0.262,72.006,4,acoustic,0,0.1961139361642241,0.7199499246914304,0.2305,0.5313546202852182,0.8,0.2,0.1,0.3,0.1,0.5,0.7,0.0
73CbJykoV6WapWGfTeRzTl,Jason Mraz,Waiting for My Rocket to Come (Expanded Edition),The Remedy (I Won't Worry),35,256440,0,0.589,0.867,10,-4.523,1,0.0385,0.041,0.0,0.306,0.795,94.52,4,acoustic,0,0.3017281819375902,0.8228781566027031,0.831,0.5712021128467645,0.2,0.8,0.6,0.1,0.0,0.3,0.3,0.2
3ixLIO5BsTmic0Pp27FaPY,Jason Mraz,Waiting for My Rocket to Come (Expanded Edition),Too Much Food,20,221425,0,0.626,0.926,2,-4.441,1,0.0477,0.0265,0.0,0.159,0.548,99.997,4,acoustic,0,0.3274210496688119,0.8244821313303209,0.7370000000000001,0.5926343936663776,0.2,0.7,0.6,0.1,0.0,0.3,0.4,0.2
5ZetMq21bMQN5oo4TtdOxu,Jason Mraz,Waiting for My Rocket to Come (Expanded Edition),The Boy's Gone,18,255047,0,0.686,0.556,1,-8.5,0,0.0271,0.532,0.0,0.0922,0.36,112.997,4,acoustic,0,0.3884046685305762,0.7450853823132445,0.458,0.606496683614607,0.4,0.3,0.4,0.2,0.1,0.3,0.6,0.2
73oHkllHIT8fdbzpxiXW40,Jason Mraz,Waiting for My Rocket to Come (Expanded Edition),"On Love, in Sadness",19,208793,0,0.56,0.832,9,-5.595,1,0.0352,0.108,0.0,0.232,0.802,100.957,4,acoustic,0,0.331924455369373,0.8019091211392132,0.817,0.5646111921695288,0.2,0.7,0.6,0.1,0.0,0.3,0.4,0.2
4MihgVRpD82EZoT61GW63w,Jason Mraz,Waiting for My Rocket to Come (Expanded Edition),Curbside Prophet,23,214552,0,0.619,0.793,5,-5.964,1,0.0661,0.263,0.0,0.0828,0.892,177.991,4,acoustic,0,0.6932946165537688,0.7946912348649335,0.8425,0.7023286171395675,0.1,0.8,0.7,0.0,0.0,0.3,0.2,0.5
1BECZPXBXzobsfmlzj0g3I,Jason Mraz,Waiting for My Rocket to Come (Expanded Edition),"Tonight, Not Again - Live",19,264280,0,0.56,0.278,3,-12.501,1,0.0921,0.733,0.0,0.112,0.594,102.187,4,acoustic,0,0.3376944439232168,0.6668231520059464,0.436,0.5215058653097211,0.6,0.5,0.2,0.1,0.1,0.4,0.7,0.1
14vExHBkh1prEAN94wZug8,Jason Mraz,Waiting for My Rocket to Come (Expanded Edition),"Tonight, Not Again",18,289041,0,0.595,0.805,8,-7.926,1,0.0543,0.0167,1.06e-05,0.0691,0.359,102.44,4,acoustic,0,0.3388812789672188,0.7563132054065684,0.5820000000000001,0.5633981614579291,0.2,0.6,0.5,0.1,0.0,0.3,0.4,0.1
0fzCtVM9D5UEwiLqcY8Ouq,Eddie Vedder,Into The Wild (Music For The Motion Picture),Hard Sun,65,322080,0,0.438,0.827,8,-6.531,1,0.0328,0.0512,0.000402,0.319,0.645,143.377,4,acoustic,0,0.5309186947629144,0.7836003364434794,0.736,0.5841730104021313,0.1,0.6,0.7,0.1,0.0,0.3,0.2,0.5
6IF2P93LkyW4GqDQu1yS7H,Susie Suh;Robot Koch,Here with Me,Here with Me,55,238971,0,0.582,0.375,1,-13.277,0,0.0329,0.702,0.0631,0.136,0.106,129.909,4,acoustic,0,0.4677396656221266,0.651644074095808,0.2405,0.5671279132393116,0.6,0.1,0.4,0.3,0.1,0.2,0.5,0.1
34dnNAUoIPcwnK0RtVMBWZ,Tyler Ward;Lindsey Stirling;Kina Grannis,"Tyler Ward Covers, Vol. 5",The Scientist,47,276575,0,0.453,0.295,7,-12.881,1,0.0291,0.518,0.00011,0.293,0.14,146.022,4,acoustic,0,0.543326515677481,0.659390098390157,0.2175,0.551905538022546,0.6,0.1,0.3,0.5,0.1,0.3,0.4,0.1
5aDpULK8MbJmHl42kR5KNI,Howie Day,Stop All The World Now,Collide,56,249120,0,0.636,0.625,11,-7.895,1,0.0277,0.222,5.35e-05,0.119,0.342,93.931,4,acoustic,0,0.2989651548983918,0.7569195860962775,0.4835,0.5639615803315565,0.4,0.3,0.3,0.2,0.1,0.3,0.5,0.1
1fI1TMpz7FVkpoYBhmiywp,Eden Elf;Ren Avel,get better,get better,53,111734,0,0.639,0.201,7,-16.613,0,0.0526,0.907,2.26e-05,0.124,0.4,88.107,4,acoustic,0,0.2716444936483215,0.5863896876161414,0.3005,0.499011393754821,0.7,0.3,0.1,0.2,0.0,0.3,0.6,0.0
23Mcmg5O8rBKAOzxvrTjnD,Kitri,Hikare Inochi,Sympathy,49,210760,0,0.69,0.423,2,-9.194,0,0.0294,0.883,0.0123,0.111,0.59,130.121,4,acoustic,0,0.4687341677143339,0.7315102791307239,0.5065,0.6300814822816859,0.3,0.6,0.5,0.1,0.0,0.4,0.3,0.2
0gVbkmFqq5fIkXtJJ3UTfM,Boyce Avenue;Rachel Grae,Let It Go,Let It Go,51,255688,0,0.599,0.349,1,-9.269,1,0.0301,0.819,0.0,0.112,0.444,147.913,4,acoustic,0,0.5521972866980653,0.730043229074976,0.3964999999999999,0.6270801719243471,0.4,0.3,0.6,0.1,0.0,0.2,0.5,0.1
00DuOxungwHwVUX2m37P0P,Chord Overstreet,What You Need,What You Need,53,181786,0,0.519,0.264,0,-11.171,1,0.0601,0.918,0.000253,0.237,0.192,140.354,4,acoustic,0,0.5167376578537519,0.6928388396612092,0.228,0.5761921658383203,0.7,0.2,0.1,0.3,0.0,0.2,0.6,0.0
2WD93lsfJonaKtrQtpLB2R,Andrew Belle,Nightshade,You're the Sea,56,174546,0,0.573,0.624,1,-9.076,0,0.0324,0.471,0.117,0.114,0.529,161.025,4,acoustic,0,0.6137063028915618,0.7338184378851006,0.5765,0.6401749135922207,0.2,0.5,0.7,0.1,0.0,0.3,0.4,0.3
7njTGO45SkaBTNu35t2Yq0,Rachael Yamagata,"One Spring Night (Original Television Soundtrack), Pt. 1",No Direction,47,234330,0,0.654,0.821,7,-5.472,1,0.0264,0.00666,0.00299,0.228,0.613,111.958,4,acoustic,0,0.3835306700692398,0.8043150832306397,0.717,0.6139485844332931,0.2,0.6,0.5,0.3,0.1,0.4,0.4,0.2
6ivkBaxvclVhwZDE2uwldj,Cary Brothers,Under Control,Belong,51,255600,0,0.426,0.399,0,-8.447,1,0.034,0.761,0.00112,0.118,0.217,115.979,4,acoustic,0,0.4023933724879439,0.746122097685973,0.308,0.5248384900579723,0.7,0.2,0.2,0.4,0.1,0.3,0.6,0.1
6Cvti10W0AzmzG9D1tpuKp,The Mayries,As It Was,As It Was,55,176542,0,0.505,0.21,11,-11.349,1,0.0295,0.907,0.0,0.11,0.323,80.721,4,acoustic,0,0.2369964160396299,0.6893570408622343,0.2665,0.477117818967288,0.7,0.3,0.1,0.2,0.0,0.1,0.6,0.0
03yc0G2OoH1Eeyu7Piy8fK,Jason Mraz,I'm Yours,I'm Yours,60,243494,0,0.693,0.43,11,-9.395,1,0.0442,0.565,0.0,0.0928,0.731,151.001,4,acoustic,0,0.5666832417015367,0.7275785849813194,0.5805,0.6624206088942853,0.3,0.8,0.5,0.1,0.0,0.4,0.2,0.3
5RO0MNa5hBKIM4OcjygadU,Joseph Sullinger,Chi Mai,Chi Mai,40,188695,0,0.739,0.287,6,-14.007,0,0.059,0.969,0.961,0.111,0.557,80.64,4,acoustic,0,0.236616441183645,0.6373647868865285,0.422,0.5376604093567245,0.7,0.5,0.1,0.2,0.0,0.4,0.6,0.0
78TKtlSLWK8pZAKKW3MyQL,A Great Big World;Christina Aguilera,Say Something,Say Something,58,229400,0,0.453,0.146,2,-8.976,1,0.0343,0.867,3.49e-06,0.0945,0.0915,137.905,3,acoustic,0,0.5052492822697164,0.7357745046260978,0.11875,0.5646745956319381,0.7,0.1,0.0,0.6,0.0,0.2,0.4,0.0
1esE8j1nVyzEQ5rVhYXoJT,Parachute,Parachute,Had It All,55,216853,0,0.606,0.54,7,-6.271,0,0.0339,0.182,0.000144,0.144,0.249,79.952,4,acoustic,0,0.2333890004315763,0.7886861099700722,0.3945,0.5426917034672162,0.6,0.2,0.3,0.3,0.1,0.4,0.7,0.1
68Yc9ylRZZPtsuVgtrxcDj,Zack Tabudlo;Yonnyboii,Take Me Back,Take Me Back ft. Yonnyboii,50,149000,0,0.595,0.646,0,-5.495,1,0.0327,0.11,0.0,0.258,0.563,120.049,4,acoustic,0,0.4214859362392809,0.8038651878802104,0.6045,0.6067837080398304,0.3,0.6,0.5,0.1,0.0,0.4,0.5,0.2
3tjjCCdXSdaVEo4q4y071G,Tobey Rosen,Whole Again (Acoustic Version),Whole Again - Acoustic Version,52,157231,0,0.736,0.145,11,-9.215,1,0.0336,0.855,0.0,0.108,0.235,129.832,4,acoustic,0,0.4673784549565608,0.7310995051151146,0.19,0.6448259866905585,0.7,0.2,0.1,0.3,0.0,0.4,0.6,0.0
3tob5ofeuvFKKSbOTldenC,The Mayries,Overpass Graffiti,Overpass Graffiti,54,226603,0,0.479,0.126,1,-13.974,1,0.0303,0.966,0.0,0.113,0.279,96.327,4,acoustic,0,0.3102049049593754,0.6380102889110577,0.2025,0.475738397956811,0.8,0.2,0.1,0.3,0.1,0.3,0.7,0.0
4E6cwWJWZw2zWf7VFbH7wf,Sara Bareilles,Little Voice,Love Song,73,258826,0,0.583,0.786,2,-3.142,0,0.0301,0.0208,0.0,0.188,0.573,123.055,4,acoustic,0,0.4355872253391627,0.8498914382958745,0.6795,0.6228262212116791,0.2,0.6,0.5,0.1,0.0,0.4,0.3,0.1
3uAdZpIbMTtVXitHVibLMV,Andrew Foy;Renee Foy,Let Her Go,Let Her Go,38,194013,0,0.549,0.291,2,-13.457,1,0.0388,0.858,0.000846,0.129,0.376,75.153,4,acoustic,0,0.2108766629763758,0.6481231539620131,0.3335,0.4693332723127963,0.7,0.3,0.1,0.4,0.1,0.3,0.6,0.0
2LC523tbEPFpc1pnikbt5b,Aqualung,Still Life,Brighter Than Sunshine,53,242439,0,0.418,0.489,6,-8.373,0,0.0323,0.287,0.0288,0.42,0.398,72.891,4,acoustic,0,0.2002655132944289,0.747569587074311,0.4435,0.4552783667895799,0.6,0.3,0.2,0.2,0.1,0.3,0.7,0.1
3ISLwA96mtx13Wx7K1PPPk,Tyler Ward;Karis;Ray Lorraine,Love Story,Love Story,55,232500,0,0.498,0.12,0,-17.721,1,0.0487,0.851,0.0,0.171,0.338,121.187,4,acoustic,0,0.4268243484134876,0.5647164681258924,0.229,0.4965136055131267,0.7,0.3,0.1,0.2,0.0,0.4,0.6,0.0
7Ca2CkwSqHyr3eCh8IRdjz,Agustín Amigó;Nylonwings,Mujer con Abanico,Mujer con Abanico,41,156787,0,0.769,0.135,5,-12.049,0,0.061,0.986,0.905,0.106,0.471,103.939,4,acoustic,0,0.3459131593267407,0.6756645736752538,0.303,0.5968592443339982,0.7,0.4,0.1,0.2,0.0,0.5,0.6,0.0
6ql0ffq6Jvyh9OKqrJCMaP,Amy Stroup,In the Shadows,In the Shadows,46,263823,0,0.434,0.469,0,-7.849,0,0.0265,0.52,0.000328,0.108,0.0568,136.282,4,acoustic,0,0.4976357120072054,0.7578193767971363,0.2628999999999999,0.5631516962681139,0.6,0.1,0.4,0.3,0.1,0.2,0.5,0.1
1EyvonxK8OGHRV4WDRdArc,Boyce Avenue;Connie Talbot,Can You Feel the Love Tonight,Can You Feel the Love Tonight,63,250916,0,0.452,0.198,10,-9.374,1,0.0335,0.931,2.24e-06,0.1,0.217,119.499,4,acoustic,0,0.4189058600566677,0.7279893589969288,0.2075,0.5329650730178656,0.7,0.3,0.1,0.2,0.0,0.6,0.5,0.0
0EKBV6GybPtALXUgWqWrym,Brandi Carlile,The Story,The Story,66,238493,0,0.544,0.5,11,-8.253,1,0.026,0.0325,3.78e-06,0.109,0.177,93.621,4,acoustic,0,0.297510930140919,0.7499168671635076,0.3385,0.5304759324348088,0.6,0.2,0.3,0.4,0.1,0.3,0.7,0.1
41A82PidFKhGX5hm1WoaDs,JJ Heller,Better,Better,54,215906,0,0.662,0.187,2,-9.003,1,0.0268,0.969,0.000273,0.0922,0.233,104.988,4,acoustic,0,0.3508340682641246,0.7352463666060286,0.21,0.5826934782900511,0.8,0.2,0.1,0.3,0.1,0.4,0.7,0.0
5oV8bZaShr2d01FFMHBUPq,Kina Grannis,Iris,Iris,62,181136,0,0.497,0.13,6,-15.571,1,0.0436,0.841,0.0,0.111,0.179,130.769,3,acoustic,0,0.4717739665622126,0.6067719030573323,0.1545,0.5251819565398482,0.7,0.2,0.1,0.3,0.0,0.4,0.6,0.0
5nMRpGfqQ0tb1TMbqBVK2J,The Mayries,#Acoustic,Rockabye - Acoustic Version,57,157466,0,0.528,0.291,10,-9.696,1,0.0401,0.914,0.0,0.121,0.355,76.805,4,acoustic,0,0.2186262736194247,0.721690824090918,0.3229999999999999,0.4894390325701143,0.7,0.3,0.1,0.2,0.0,0.3,0.6,0.0
04qDUASuSfVp6fktfsxVej,Caleb Santos;Viva Music Publishing Inc.,I Need You More Today,I Need You More Today,68,233728,0,0.461,0.522,11,-7.513,1,0.043,0.36,0.0,0.123,0.446,157.768,4,acoustic,0,0.5984275608428874,0.7643917610468869,0.484,0.607939773963258,0.3,0.4,0.6,0.2,0.1,0.3,0.4,0.5
3g61xRaqII8q1wlQDzv550,Boyce Avenue,"Cover Sessions, Vol. 4",Beautiful Soul,62,216612,0,0.483,0.506,9,-6.058,1,0.0347,0.394,0.0,0.0946,0.705,87.337,4,acoustic,0,0.2680323869926632,0.7928525321283961,0.6054999999999999,0.5146283063736864,0.4,0.6,0.3,0.1,0.0,0.5,0.5,0.1
3dglCYsVMjPbDlU2CC9Vq7,Jason Mraz,Know.,Let's See What The Night Can Do,53,245186,0,0.392,0.423,7,-7.813,1,0.0348,0.27,0.0,0.117,0.288,113.537,4,acoustic,0,0.3909378342371418,0.7585235608238953,0.3555,0.5138204650203457,0.6,0.3,0.2,0.4,0.1,0.3,0.5,0.1
2f4jlGvGi3ZDGogXys5FUp,Rachael Yamagata,Something In the Rain (Music from the Original TV Series),"La La La (Something In the Rain, Pt. 2) [Music from the Original TV Series]",44,219613,0,0.42,0.2,7,-18.827,1,0.0492,0.929,0.49,0.0758,0.164,87.248,4,acoustic,0,0.2676148837558403,0.5430823699704633,0.182,0.4102324179087679,0.8,0.1,0.1,0.4,0.1,0.3,0.7,0.0
3NCg46FWgnANZc9HQHQOQR,Parachute,The Way It Was,Forever And Always,57,248960,0,0.657,0.716,2,-5.675,1,0.0301,0.014,0.0,0.0483,0.435,93.924,4,acoustic,0,0.2989323175651586,0.8003442677464155,0.5755,0.5854255284371913,0.2,0.5,0.4,0.1,0.0,0.3,0.6,0.1
0muntSMuAZzcwYBBMZj6sf,Priscilla Ahn,When Marnie Was There Song Album - Just Know That I Love You.,Fine On The Outside,52,252466,0,0.495,0.185,9,-13.824,1,0.0288,0.692,0.00403,0.109,0.196,101.89,4,acoustic,0,0.3363012027846058,0.6409443890225535,0.1905,0.4907485306023864,0.7,0.2,0.1,0.3,0.1,0.2,0.6,0.0
4bXoVtbp6fN8FaSQvGQB41,Chord Overstreet,Tree House Tapes,Tortured Soul,53,246613,0,0.55,0.499,4,-9.502,1,0.0338,0.472,2.26e-06,0.0798,0.144,86.966,1,acoustic,0,0.2662920083313004,0.7254855935684524,0.3215,0.5139258672999176,0.6,0.1,0.2,0.4,0.1,0.2,0.5,0.0
3FRARAKLpHw3er9ZaTwaHO,JJ Heller,I Believe in You,I Believe in You,53,198786,0,0.534,0.359,0,-9.311,1,0.0296,0.449,1.2e-05,0.331,0.267,131.804,4,acoustic,0,0.47662920083313,0.7292216810437572,0.313,0.5799502939589624,0.6,0.3,0.2,0.3,0.1,0.2,0.5,0.1
2Dzhwe90lhHXVU6lk7Nx0H,Jon Bryant,Cult Classic,At Home,55,226640,0,0.378,0.52,11,-10.965,1,0.0382,0.777,0.0888,0.0979,0.357,73.744,4,acoustic,0,0.2042669769012815,0.6968683371476635,0.4385,0.4263784380163151,0.7,0.2,0.2,0.3,0.1,0.4,0.6,0.1
12niARgkwxGsklcEwh6GlG,Donovan Woods,"Hard Settle, Ain't Troubled","Portland, Maine",66,203869,0,0.606,0.349,4,-13.967,1,0.0319,0.764,0.306,0.112,0.156,80.071,4,acoustic,0,0.2339472350965417,0.6381472135829275,0.2525,0.492698149559823,0.7,0.2,0.1,0.4,0.1,0.3,0.6,0.0
0v0pc1lIt5p6EBX7pnfOGF,Ross Copperman,Holding On and Letting Go LP,Holding On and Letting Go,49,317441,0,0.486,0.555,2,-9.466,1,0.0271,0.818,0.00269,0.109,0.0992,77.987,4,acoustic,0,0.2241710918882404,0.7261897775952115,0.3271,0.478786956494484,0.7,0.1,0.2,0.3,0.0,0.2,0.6,0.0
5wQci5VCUjdbKnRD61XYwu,Joshua Hyslop,In Deepest Blue (Bonus Track Version),The Flood,60,261640,0,0.577,0.446,6,-11.343,1,0.0313,0.554,0.0782,0.116,0.262,81.005,4,acoustic,0,0.2383286735593792,0.6894744048666941,0.354,0.5016010261420244,0.7,0.2,0.2,0.4,0.1,0.3,0.6,0.1
0HQnJee8ShSDu2AYwibxst,Angelina Cruz,Hanggang Kailan (Umuwi Ka Na Baby),Hanggang Kailan (Umuwi Ka Na Baby),38,211933,0,0.59,0.407,4,-9.079,1,0.0361,0.861,9.95e-06,0.094,0.276,145.852,4,acoustic,0,0.5425290375846733,0.7337597558828707,0.3415,0.6220962644891813,0.3,0.2,0.5,0.3,0.1,0.2,0.4,0.2
4VoJCUgNmnqG2qF0peDBkw,Stephen Speaks,No More Doubt,Out of My League,67,218800,0,0.538,0.315,0,-10.057,1,0.0291,0.96,0.00596,0.0979,0.4,91.921,3,acoustic,0,0.2895361492128422,0.714629423155918,0.3575,0.5140551907895867,0.7,0.4,0.1,0.2,0.0,0.3,0.6,0.0
7xLhousIHDxoGgeJNhO4Ye,A Great Big World,Is There Anybody Out There? - Track by Track Commentary,Say Something,57,233266,0,0.447,0.158,2,-7.571,1,0.036,0.872,1.58e-06,0.0816,0.142,140.942,3,acoustic,0,0.5194959938453455,0.7632572423371086,0.15,0.576584412060818,0.7,0.1,0.1,0.6,0.1,0.2,0.4,0.0
1bhpBRCLsVg3p7BWARbaDS,Eddie Vedder,Into The Wild (Music For The Motion Picture),Rise,60,156453,0,0.401,0.58,7,-6.86,1,0.0541,0.906,0.217,0.134,0.526,173.277,3,acoustic,0,0.671181018144972,0.7771648768655987,0.5529999999999999,0.6164486316701902,0.2,0.4,0.6,0.1,0.0,0.2,0.3,0.5
6NSlOEEtWlqvEFrjQsry77,The Weepies;Deb Talan;Steve Tannen,Say I Am You,World Spins Madly On,64,165133,0,0.502,0.311,1,-13.421,1,0.0285,0.617,4.32e-05,0.129,0.4,107.612,4,acoustic,0,0.3631433771789915,0.6488273379887721,0.3555,0.5046569050559212,0.6,0.4,0.2,0.3,0.1,0.4,0.5,0.1
1HqVCK9h4LiJ61aRrrKTAt,Freddie King,Thanksgiving Party,Stumble,0,216626,0,0.678,0.612,4,-9.764,1,0.0339,0.1,0.316,0.164,0.857,118.381,4,acoustic,0,0.413661268834556,0.7203606987070398,0.7344999999999999,0.6040073225138652,0.2,0.7,0.6,0.1,0.1,0.4,0.3,0.5
0wP19iM8ULJyV0r0LFDsDv,Taj Mahal,Supa Chill,Paradise,0,251426,0,0.65,0.406,7,-13.492,1,0.0761,0.568,0.0,0.484,0.862,79.642,4,acoustic,0,0.2319347756741034,0.6474385306026642,0.634,0.5097911020922559,0.3,0.7,0.2,0.1,0.0,0.4,0.5,0.1
27Fq4XyOkogdGLcfsVdjFb,Keb' Mo';Gerald Albright,Un tecito y a mimir,"Moonlight, Mistletoe & You",0,209293,0,0.649,0.399,6,-7.894,1,0.0256,0.184,0.000108,0.113,0.342,97.498,3,acoustic,0,0.315698121704539,0.7569391467636876,0.3705,0.5738790894894089,0.6,0.3,0.2,0.2,0.1,0.5,0.4,0.1
45jGOHwYKgsRYbAJ8DR61d,Motohiro Hata,青の光景,ひまわりの約束,61,308146,0,0.523,0.445,10,-6.359,1,0.0329,0.188,0.0,0.18,0.336,78.957,4,acoustic,0,0.2287214080648489,0.7869647712379946,0.3905,0.5128953931009478,0.6,0.3,0.2,0.2,0.1,0.4,0.7,0.1
4iObEYRE4FLm0D90gmZFef,Thomas Daniel,Since U Been Gone,Since U Been Gone - Acoustic Version,50,221170,0,0.538,0.162,5,-13.31,1,0.0299,0.847,0.0,0.114,0.366,94.981,4,acoustic,0,0.3038907548833804,0.650998572071279,0.264,0.4976297756515531,0.7,0.3,0.1,0.2,0.0,0.3,0.6,0.0
3akr0ZrJxLMBLIFeNNKffW,Masayoshi Yamazaki,"One more time,One more chance","One more time,One more chance",47,330786,0,0.519,0.429,11,-7.707,0,0.0317,0.658,0.0,0.111,0.396,129.491,4,acoustic,0,0.4657788077233408,0.7605969915693522,0.4125,0.5817919330975644,0.4,0.3,0.5,0.2,0.1,0.3,0.6,0.2
7BRwh1bemr9rFMDeTbcy5S,Kina Grannis,Creep,Creep,58,234135,0,0.585,0.103,7,-12.682,1,0.0309,0.801,0.0,0.126,0.179,133.057,4,acoustic,0,0.482507083481883,0.6632826712047414,0.141,0.5769299182288748,0.7,0.2,0.1,0.6,0.1,0.3,0.4,0.0
3rzRo91l4htQvMXhsiECAX,Todd Carey;Ariza;Chuck Leavell,Higher Love,Higher Love,30,173250,0,0.578,0.763,2,-4.824,1,0.0998,0.0916,2.8e-06,0.0743,0.394,96.808,4,acoustic,0,0.3124612988572607,0.8169903957123017,0.5785,0.5691505648565208,0.2,0.6,0.7,0.1,0.0,0.3,0.4,0.5
0v1vufjir4OE4iRckLMoLd,YUZU,Shinsekai,Hyouriittai,52,336619,0,0.223,0.891,1,-3.626,0,0.138,0.325,0.0,0.287,0.333,159.888,4,acoustic,0,0.6083725817649598,0.8404240752694482,0.612,0.5572655523448026,0.1,0.3,0.8,0.2,0.1,0.1,0.3,0.6
4vAnqYqm1DOo5IDVcxORX3,Canyon City,How Long Will I Love You,How Long Will I Love You,55,144830,0,0.382,0.157,1,-16.157,1,0.0361,0.878,0.000473,0.112,0.224,136.11,4,acoustic,0,0.4968288518191882,0.5953093519550887,0.1905,0.4913794012580923,0.7,0.2,0.1,0.3,0.0,0.4,0.6,0.0
2X5AFygz5SDYlXagyPw8kX,Zack Tabudlo,Binibini,Binibini,67,221538,0,0.642,0.374,5,-10.606,1,0.032,0.423,1.54e-06,0.435,0.0979,129.863,4,acoustic,0,0.4675238774323081,0.7038906167478434,0.23595,0.6044714980600505,0.4,0.2,0.5,0.3,0.1,0.2,0.6,0.3
13GvSZgg9LOs3M9uGbWsPE,Aron Wright,You Were Supposed to Be Different,You Were Supposed to Be Different,45,192972,0,0.436,0.239,7,-12.83,1,0.0282,0.861,8.48e-05,0.0902,0.137,73.761,4,acoustic,0,0.2043467247105623,0.6603876924280656,0.188,0.4335781390462093,0.7,0.1,0.1,0.3,0.1,0.2,0.6,0.0
4cR4nao0hqqBtklQmGVqbe,Boyce Avenue,"Cover Sessions, Vol. 3",Thinking out Loud,56,278640,0,0.702,0.326,1,-6.638,1,0.0272,0.705,0.0,0.168,0.628,79.904,4,acoustic,0,0.2331638301465482,0.7815073450306125,0.477,0.5722237250590535,0.6,0.5,0.2,0.1,0.0,0.7,0.5,0.1
4x7AdVDV9IFWp8pg4LMz90,Jonah Baker,Covers,Perfect / Style,37,212864,0,0.593,0.292,11,-12.755,1,0.0364,0.828,0.0,0.174,0.375,111.121,4,acoustic,0,0.3796042632240631,0.6618547424838135,0.3335,0.5448196685692922,0.7,0.3,0.1,0.2,0.0,0.4,0.6,0.0
5eNYumDY5PCXtKKJ0SWg2r,The Civil Wars,Barton Hollow,Poison & Wine,54,219466,0,0.285,0.186,1,-12.729,1,0.0288,0.76,7.3e-05,0.104,0.203,153.848,4,acoustic,0,0.5800386542322631,0.6623633198364728,0.1945,0.5091339913562453,0.6,0.1,0.2,0.4,0.3,0.5,0.3,0.1
6dwkFmLUz6hx2CZG2EqLol,Howie Day,Stop All The World Now,Collide,66,249120,0,0.636,0.625,11,-7.895,1,0.0277,0.222,5.35e-05,0.119,0.342,93.931,4,acoustic,0,0.2989651548983918,0.7569195860962775,0.4835,0.5639615803315565,0.4,0.3,0.3,0.2,0.1,0.3,0.5,0.1
7aohwSiTDju51QmC54AUba,Ingrid Michaelson,Be OK,You And I,63,148400,0,0.698,0.285,0,-7.632,1,0.0553,0.927,0.0,0.0883,0.53,135.027,4,acoustic,0,0.4917484472632427,0.7620640416251002,0.4075,0.650604162962781,0.4,0.6,0.5,0.1,0.0,0.3,0.3,0.2
7g3ryXLtXExZ0OFCj17Ae1,Zack Tabudlo;Billkin,Give Me Your Forever,Give Me Your Forever (ft. Billkin),58,244800,0,0.601,0.439,8,-7.589,1,0.0269,0.0642,0.0,0.0942,0.275,99.976,4,acoustic,0,0.3273225376691122,0.7629051503237291,0.357,0.5637425626642805,0.6,0.3,0.2,0.4,0.1,0.5,0.5,0.1
5MrgVJzR1du1gz8XWe4m28,Landon Pigg,Coffee Shop,Falling in Love at a Coffee Shop,55,270840,0,0.332,0.298,4,-14.174,1,0.0569,0.875,0.00784,0.114,0.243,83.555,4,acoustic,0,0.2502908449514945,0.6340981554290632,0.2704999999999999,0.4054630001268526,0.7,0.3,0.1,0.2,0.0,0.6,0.5,0.0
5auMzVHFr5Zfw6IbKarZ56,Anna Nalick,Wreck of the Day,Breathe (2 AM),65,279826,0,0.386,0.452,2,-7.715,1,0.0278,0.417,0.0,0.0881,0.287,169.837,3,acoustic,0,0.6550438143846283,0.7604405062300726,0.3695,0.6004947735382337,0.3,0.1,0.7,0.4,0.1,0.1,0.3,0.2
63bmIgH9sS6sX5Sc7MetGq,Zack Tabudlo,Episode,Habang Buhay,69,244067,0,0.62,0.668,9,-5.719,1,0.0305,0.088,0.0,0.362,0.183,118.013,4,acoustic,0,0.4119349633160077,0.7994835983803766,0.4255,0.6104728538987948,0.4,0.2,0.5,0.3,0.1,0.3,0.6,0.2
3ZjSJv88euP3CdvTg07dZL,Jonah Baker,Beautiful Soul,Beautiful Soul,44,214738,0,0.394,0.281,9,-11.12,1,0.0414,0.826,0.0,0.0854,0.485,90.044,4,acoustic,0,0.2807310528587243,0.6938364336991178,0.383,0.4561891621859473,0.7,0.4,0.1,0.2,0.0,0.3,0.6,0.0
14BMBNRzv24eG6OKoIgPfP,Ben Woodward,Bulletproof,Bulletproof,39,207677,0,0.59,0.552,7,-10.496,1,0.0407,0.654,0.000359,0.128,0.635,155.101,5,acoustic,0,0.5859165368810162,0.7060422901629403,0.5935,0.6273196090146521,0.3,0.6,0.7,0.1,0.0,0.2,0.4,0.5
5pEmeoMUW38w1oU3kPelvR,Andrew Belle,Nightshade,Spectrum,54,265506,0,0.539,0.717,3,-7.385,1,0.031,0.000298,0.111,0.125,0.212,117.973,4,acoustic,0,0.4117473214118176,0.7668955264753633,0.4644999999999999,0.5725476159623937,0.2,0.3,0.6,0.3,0.1,0.2,0.5,0.2
2h3VsZVKQeT0yLNQtCIRjn,Jonah Baker,Girls Like You (Acoustic Version),Girls Like You - Acoustic Version,44,188494,0,0.543,0.138,0,-14.331,1,0.0531,0.791,0.0,0.185,0.3,115.65,4,acoustic,0,0.4008500178259808,0.6310271306456977,0.219,0.5249590494905595,0.7,0.3,0.1,0.2,0.0,0.4,0.6,0.0
1dcNEEtODRVZEevQ20Cgmy,Zack Tabudlo,Nangangamba,Nangangamba,70,210354,0,0.62,0.547,1,-6.772,1,0.0248,0.112,0.0,0.19,0.208,98.032,4,acoustic,0,0.3182031411254761,0.7788862155976761,0.3775,0.5723631189077174,0.4,0.2,0.3,0.6,0.1,0.3,0.5,0.1
6huS9u0BDfeQHq0lObNLPl,Us The Duo,Better Together,Better Together,64,200706,0,0.761,0.311,5,-10.597,1,0.0692,0.647,0.0,0.15,0.553,109.891,4,acoustic,0,0.3738342746702193,0.7040666627545331,0.432,0.6129669791415842,0.6,0.7,0.2,0.1,0.0,0.5,0.4,0.1
14NiShC5b46yQxBN1mu9VJ,Andrew Foy;Renee Foy,Heartbreak Anniversary,Heartbreak Anniversary,40,199256,0,0.674,0.122,1,-17.963,1,0.0427,0.882,0.0,0.139,0.339,130.014,4,acoustic,0,0.4682322256206255,0.5599827866126792,0.2305,0.5674050040777683,0.7,0.2,0.3,0.3,0.0,0.2,0.6,0.1
3DyhwZyBFedvnt68fMi6vf,Tyler Ward;Karis;Ray Lorraine,One More Time Around,One More Time Around,47,205666,0,0.429,0.358,0,-9.076,1,0.0346,0.614,0.0,0.0875,0.187,134.279,4,acoustic,0,0.4882395436548889,0.7338184378851006,0.2724999999999999,0.5503526605133299,0.4,0.2,0.3,0.3,0.1,0.2,0.5,0.1
6kRZfOZSuoi0Htg6gROKDz,A Great Big World,流星花園音樂專輯,Say Something,40,229573,0,0.456,0.101,2,-11.75,1,0.038,0.876,1.74e-06,0.0776,0.155,139.896,3,acoustic,0,0.5145891580507758,0.6815132132308354,0.128,0.5507007904272037,0.7,0.1,0.1,0.6,0.1,0.2,0.3,0.0
5e9DrLUUZraUE7mmniufjn,Zack Tabudlo,Episode,Heart Can’t Lose,55,240952,0,0.647,0.567,1,-8.971,1,0.0328,0.0318,0.0,0.133,0.374,125.871,4,acoustic,0,0.4487972153941417,0.7358723079631477,0.4705,0.6105565077857632,0.3,0.4,0.6,0.2,0.1,0.3,0.5,0.4
2z3HKlpENvfz1Am2MNF2pL,Donovan Woods;Tenille Townes,The Other Way,I Ain't Ever Loved No One - Acoustic,57,199594,0,0.322,0.213,10,-14.915,0,0.0318,0.611,0.0,0.113,0.16,160.389,4,acoustic,0,0.6107227966149401,0.619603700878274,0.1865,0.5174421658310714,0.4,0.1,0.7,0.3,0.1,0.2,0.3,0.2
33JX2be3eKVhl5xk8YQhVc,Ray LaMontagne,Till The Sun Turns Black,Empty,48,317280,0,0.482,0.381,2,-13.93,1,0.0311,0.455,0.00295,0.114,0.42,81.712,4,acoustic,0,0.2416452442159382,0.6388709582770964,0.4004999999999999,0.4541720674976782,0.7,0.3,0.2,0.4,0.1,0.5,0.6,0.1
29Ns3avs48iQhNQgrHMEkm,Megan Davies,"See You Again, Love Me Like You Do, Sugar (Acoustic Mashup)","See You Again, Love Me Like You Do, Sugar - Acoustic Mashup",54,231965,0,0.393,0.207,10,-11.865,1,0.0392,0.877,0.0,0.104,0.262,163.99,4,acoustic,0,0.6276152590396488,0.6792637364786885,0.2345,0.5666263318394457,0.3,0.2,0.7,0.1,0.0,0.1,0.2,0.5
2XDxQ3VzovLzh60zgOaNEi,Tim Halperin,Covers,The Reason,53,200800,0,0.423,0.207,7,-8.811,1,0.0289,0.887,0.0,0.0948,0.209,149.664,4,acoustic,0,0.5604113110539845,0.7390020147487432,0.208,0.5741377752675758,0.6,0.2,0.3,0.3,0.1,0.2,0.5,0.1
0J4sK2VO75cRSVoj0FokQn,Canyon City,Refuge,Fix You,60,261665,0,0.522,0.152,2,-14.996,1,0.0303,0.788,2.37e-05,0.148,0.133,144.055,4,acoustic,0,0.5340992250389357,0.6180192868180662,0.1425,0.5580395039523339,0.7,0.2,0.3,0.4,0.1,0.3,0.6,0.1
7bpR5j22mNID1pXwgRcZP1,JJ Heller,Hand to Hold,Hand to Hold,54,231605,0,0.547,0.313,0,-7.982,1,0.0315,0.612,7.97e-06,0.111,0.261,133.737,4,acoustic,0,0.4856969958531138,0.75521780803161,0.287,0.595971601294908,0.6,0.3,0.2,0.3,0.1,0.4,0.5,0.1
1U1GtaJeYwGsPgqV9Me5bb,Ray LaMontagne,Trouble,Hold You in My Arms,62,306200,0,0.504,0.321,7,-13.807,1,0.0316,0.149,0.000107,0.147,0.577,170.134,3,acoustic,0,0.6564370555232394,0.6412769203685229,0.4489999999999999,0.6005713252972541,0.6,0.5,0.7,0.2,0.1,0.4,0.3,0.2
34p2uL1CvmaHn3uLfOKt8d,Us The Duo,Public Record,One Last Dance,51,224847,0,0.466,0.161,7,-14.498,1,0.0492,0.979,0.000238,0.231,0.171,139.167,3,acoustic,0,0.5111693843469123,0.6277604991882323,0.166,0.5349766278450482,0.7,0.3,0.1,0.2,0.0,0.4,0.6,0.0
2EKxmYmUdAVXlaHCnnW13o,Boyce Avenue;Megan Nicole,"Cover Sessions, Vol. 2",Heaven,61,250063,0,0.619,0.28,8,-10.238,0,0.0317,0.73,0.0,0.103,0.292,129.948,4,acoustic,0,0.467922616478712,0.7110889423547131,0.286,0.5993371862778084,0.6,0.3,0.4,0.3,0.1,0.4,0.5,0.2
1jkBuvWI9IGEz9thXiKOlP,Joshua Hyslop,In Deepest Blue (Bonus Track Version),The Spark - Bonus Track,51,201933,0,0.596,0.429,3,-10.16,1,0.0377,0.775,0.0107,0.0962,0.229,148.086,4,acoustic,0,0.5530088379336874,0.7126146744126909,0.329,0.6205411707821261,0.6,0.2,0.3,0.3,0.1,0.2,0.5,0.1
7K36drJq6lInkW6Kkojucp,Drew Holcomb & The Neighbors,Medicine,American Beauty,63,158013,0,0.645,0.169,9,-15.744,1,0.0317,0.844,0.00019,0.109,0.178,167.826,4,acoustic,0,0.6456101176514739,0.6033879075954072,0.1735,0.6313326750822937,0.7,0.2,0.5,0.1,0.0,0.1,0.3,0.1
4PuUa8e5s7P3Zv1IdCGIsa,Ray LaMontagne,Part Of The Light,Such A Simple Thing,65,296386,0,0.522,0.256,10,-11.216,1,0.0258,0.86,0.000806,0.142,0.13,76.349,4,acoustic,0,0.2164871559116581,0.6919586096277605,0.193,0.4768152551798062,0.8,0.1,0.1,0.4,0.1,0.3,0.6,0.0
72SPsHheqN6J3sI520jT9E,Amos Lee,Amos Lee,Colors,64,160453,0,0.681,0.168,7,-13.397,1,0.0291,0.793,0.000134,0.109,0.29,128.615,4,acoustic,0,0.4616694500215788,0.6492967940066114,0.2289999999999999,0.5973220813427301,0.7,0.2,0.1,0.3,0.0,0.2,0.6,0.0
52J3WARiRHMtXbFXUWrVgu,Boyce Avenue,"Cover Sessions, Vol. 6",Someone You Loved,57,182442,0,0.736,0.364,1,-5.966,1,0.0349,0.741,0.0,0.0932,0.371,110.023,4,acoustic,0,0.3744534929540464,0.7946521135301136,0.3675,0.6350352021613866,0.6,0.3,0.2,0.5,0.1,0.4,0.5,0.1
03VNgdCL9t8aPyvwZecglI,Jason Mraz;Meghan Trainor,Know.,More Than Friends (feat. Meghan Trainor),54,181360,0,0.451,0.528,2,-6.984,1,0.0364,0.366,0.0,0.0811,0.527,139.28,5,acoustic,0,0.5116994727262492,0.7747393541067621,0.5275000000000001,0.5791462756110038,0.2,0.6,0.5,0.1,0.0,0.3,0.3,0.4
3M6NL7PxIDZ3ArfPrBUTUP,Days N Daze,Show Me the Blueprints.,Flurry Rush,37,169318,1,0.371,0.674,9,-3.72,1,0.0488,0.169,0.0,0.0889,0.92,87.603,4,acoustic,0,0.2692802056555269,0.8385853725329108,0.797,0.4929551927294792,0.1,0.7,0.5,0.1,0.1,0.2,0.3,0.4
7jJH8F3PHlNvxfqEAAfFDl,Sara Bareilles,The Blessed Unrest,I Choose You,63,218573,0,0.731,0.572,6,-7.889,0,0.0445,0.105,0.00012,0.133,0.947,154.038,4,acoustic,0,0.5809299532771658,0.7570369501007373,0.7595,0.6896556344593011,0.2,0.8,0.6,0.1,0.0,0.4,0.3,0.5
6JNEDSev5Tp5VQR04SEBfV,Mindy Gledhill,Anchor,I Do Adore,53,149160,0,0.69,0.334,9,-5.626,1,0.066,0.947,0.0,0.0895,0.8,74.721,4,acoustic,0,0.2088501304111233,0.8013027404495041,0.5670000000000001,0.5667176236202092,0.6,0.7,0.1,0.1,0.0,0.4,0.5,0.0
1gRa1tyGV1GY60QgU5DkQH,Dave Barnes,Christmas Faves 2022,I'll Be Home For Christmas,0,183293,0,0.594,0.307,10,-13.062,1,0.0249,0.796,0.0414,0.15,0.24,94.026,3,acoustic,0,0.2994108044208431,0.6558496175889521,0.2734999999999999,0.5164201406699317,0.7,0.2,0.1,0.3,0.0,0.4,0.6,0.0
5DUAKXpyv3nL50PnAQbPS0,Get Dead,Tall Cans & Loose Ends,Fuck You,36,169266,1,0.608,0.917,11,-5.341,1,0.0601,0.236,0.0,0.13,0.936,117.875,4,acoustic,0,0.411287598746552,0.806877530661346,0.9265,0.6087217098026326,0.1,0.8,0.7,0.1,0.1,0.2,0.2,0.6
6OCsvPU6P84wJ0erggCRv4,Albert King,pov: you have a holly jolly christmas,Christmas Comes But Once A Year,0,272640,0,0.687,0.494,1,-9.421,1,0.0505,0.324,5.5e-05,0.0867,0.621,93.269,1,acoustic,0,0.2958596813840466,0.7270700076286603,0.5575,0.5699765630042356,0.3,0.6,0.4,0.1,0.0,0.2,0.5,0.1
7qJtNgmUyzy3R86vJwk9Wp,Albert King,pov: you rock around the christmas tree,Christmas Comes But Once A Year,0,272640,0,0.687,0.494,1,-9.421,1,0.0505,0.324,5.5e-05,0.0867,0.621,93.269,1,acoustic,0,0.2958596813840466,0.7270700076286603,0.5575,0.5699765630042356,0.3,0.6,0.4,0.1,0.0,0.2,0.5,0.1
6hy5eqMQ36KAChR1ZZ05zc,John Adams,If I Ain't Got You (Acoustic),If I Ain't Got You - Acoustic,55,176509,0,0.652,0.15,5,-12.699,1,0.0363,0.923,0.0,0.102,0.361,104.018,3,acoustic,0,0.3462837520875161,0.6629501398587719,0.2555,0.5537446306487627,0.7,0.3,0.1,0.2,0.0,0.5,0.6,0.0
4Gcx0DkgBVticyPDpezwg5,John Adams,Believe (Acoustic),Believe - Acoustic,57,179886,0,0.765,0.241,4,-8.865,1,0.0373,0.873,0.0,0.111,0.182,123.95,4,acoustic,0,0.4397857129454149,0.7379457387086047,0.2115,0.6475771505513399,0.6,0.2,0.3,0.3,0.1,0.2,0.5,0.1
0fUB9bwvKLRpOB18YZHz5N,Adam Christopher,Iris (Acoustic),Iris - Acoustic,54,184200,0,0.589,0.249,2,-10.086,1,0.0329,0.717,0.0,0.106,0.363,150.096,3,acoustic,0,0.562437843619237,0.7140621638010288,0.306,0.6218333358067553,0.4,0.3,0.3,0.2,0.1,0.3,0.5,0.1
0I0l2Oo5zjpCEphpDJL0Pm,Motohiro Hata,言ノ葉,Rain - Long Ver.,44,447306,0,0.588,0.604,9,-7.602,1,0.024,0.343,6.86e-05,0.252,0.351,92.02,4,acoustic,0,0.2900005629257125,0.7626508616473994,0.4775,0.5468838081910373,0.6,0.3,0.3,0.2,0.1,0.4,0.7,0.1
4v0RBzYNzTknP6d0zN2VQb,Aoi Teshima,Cheek to Cheek~I Love Cinemas~,C'est si bon,51,108346,0,0.735,0.203,9,-13.237,0,0.0539,0.854,0.00164,0.105,0.479,113.913,4,acoustic,0,0.3927016681365282,0.652426500792207,0.3409999999999999,0.5933760563095783,0.7,0.4,0.2,0.1,0.0,0.5,0.6,0.1
1FQH1FxPwwIj9aKyPBDf9b,Jonah Baker,Baby (Acoustic Version),Baby (Acoustic Version),42,160768,0,0.655,0.147,8,-14.409,1,0.0371,0.88,0.0,0.266,0.328,116.103,4,acoustic,0,0.402975062390933,0.6295013985877198,0.2375,0.562492153659551,0.7,0.3,0.1,0.2,0.0,0.4,0.6,0.0
4YgEwanzISFU4xa27saTux,YUZU,Land,Reason,47,304320,0,0.363,0.819,7,-3.128,1,0.0634,0.0591,0.0,0.0988,0.468,122.527,4,acoustic,0,0.4331103522038541,0.8501652876396142,0.6435,0.5487585466144894,0.2,0.4,0.7,0.1,0.1,0.2,0.3,0.5
7pKMoXeiCv40wbrjII06VO,Boyce Avenue;Emma Heesters,I Like Me Better,I Like Me Better,54,201508,0,0.473,0.263,9,-8.609,1,0.033,0.814,0.0,0.142,0.315,87.145,4,acoustic,0,0.2671317058525509,0.7429532695655575,0.289,0.4943616584727028,0.7,0.3,0.1,0.2,0.0,0.4,0.6,0.0
5MYPzdIWgx3pMLRGlq2fVq,Zack Tabudlo,Asan Ka Na Ba,Asan Ka Na Ba,73,241132,0,0.676,0.768,5,-5.695,0,0.0294,0.149,0.00147,0.345,0.493,105.999,4,acoustic,0,0.355576717392528,0.799953054398216,0.6305000000000001,0.6105099239302479,0.3,0.5,0.6,0.2,0.1,0.4,0.5,0.2
2Qw1KFrJ1q6qHXxWGh51kC,Boyce Avenue,"Cover Sessions, Vol. 3",A Thousand Years,56,263710,0,0.41,0.221,5,-11.673,1,0.0315,0.768,0.0,0.106,0.228,139.529,3,acoustic,0,0.5128675435798321,0.6830193846214032,0.2245,0.5352956427337451,0.6,0.2,0.1,0.3,0.1,0.7,0.4,0.0
66V40iz2mphPbYvuJVj13i,Thomas Daniel,drivers license,drivers license,56,246345,0,0.439,0.217,2,-13.166,1,0.0413,0.933,0.0,0.126,0.373,144.413,4,acoustic,0,0.5357786200814365,0.6538153081783149,0.295,0.5428646427532505,0.6,0.2,0.1,0.5,0.1,0.3,0.4,0.0
4Bo6FwC7Oe9zywSZc6q7hO,Jason Mraz,YES!,Love Someone,59,257173,0,0.582,0.347,7,-14.769,1,0.0305,0.317,0.00678,0.111,0.0797,97.957,4,acoustic,0,0.3178513125551197,0.6224595583201299,0.2133499999999999,0.5074369569584166,0.7,0.4,0.2,0.1,0.0,0.3,0.6,0.1
6Xbi3gOwMal0Ds3ETvBBwe,Jae Hall,The Winner Takes It All (Acoustic),The Winner Takes It All - Acoustic,57,159012,0,0.426,0.127,6,-13.287,1,0.0648,0.863,4.3e-06,0.0993,0.149,62.535,5,acoustic,0,0.1516850242996265,0.6514484674217084,0.138,0.4097111639071116,0.8,0.1,0.05,0.6,0.1,0.3,0.7,0.0
6QXolVfFVjUHPp5TVzsjIF,Aaron Espe,Only Time,Only Time,56,178546,0,0.696,0.261,9,-12.107,0,0.0361,0.737,1.24e-05,0.11,0.361,136.053,3,acoustic,0,0.4965614621057174,0.6745300549654754,0.311,0.6223638390237308,0.7,0.3,0.2,0.3,0.1,0.4,0.6,0.1
71ehTADpxs85ULrZgSEKCy,A Fine Frenzy,One Cell In The Sea,Almost Lover,57,268800,0,0.549,0.24,0,-7.778,1,0.0338,0.947,0.0,0.106,0.167,119.58,4,acoustic,0,0.4192858349126526,0.7592081841832443,0.2035,0.5758313396986323,0.7,0.1,0.1,0.4,0.0,0.2,0.6,0.0
4zYkSXrfgJyrNkNv3mTiIZ,Roses & Frey,Dance Monkey,Dance Monkey,51,197850,0,0.541,0.192,0,-13.995,0,0.0282,0.893,0.0,0.193,0.317,139.938,4,acoustic,0,0.5147861820501753,0.6375995148954482,0.2545,0.5644618989818745,0.7,0.2,0.3,0.1,0.0,0.1,0.6,0.1
1nFJAKHt0jgzVogbNJT3Zz,Parachute,Parachute,Ocean,48,222400,0,0.662,0.711,5,-4.924,1,0.0279,0.0686,1.17e-05,0.085,0.352,119.989,4,acoustic,0,0.4212044733829958,0.8150343289713045,0.5315,0.6327462674514334,0.2,0.4,0.6,0.1,0.0,0.3,0.5,0.1
1RZkqIEM5aV000fKgz9J46,Kina Grannis,Dream a Little Dream of Me,Dream a Little Dream of Me,52,142379,0,0.665,0.185,1,-13.852,1,0.0381,0.913,0.0,0.334,0.458,82.474,4,acoustic,0,0.2452198224907586,0.6403966903350743,0.3215,0.5168721709419443,0.8,0.4,0.1,0.2,0.0,0.6,0.7,0.0
0n3E6m57nDZJDyUHllaMDp,The Mayries,Back For Good,Back For Good,54,194667,0,0.591,0.175,6,-12.959,1,0.038,0.927,0.0,0.133,0.352,139.902,4,acoustic,0,0.5146173043364043,0.6578643663321793,0.2634999999999999,0.5878272235561944,0.7,0.2,0.1,0.3,0.0,0.2,0.6,0.0
2gBYjMXW65daBB1elr68JK,Canyon City,OK,OK,55,212400,0,0.489,0.183,0,-14.769,1,0.033,0.907,3.95e-05,0.106,0.486,79.961,4,acoustic,0,0.233431219860019,0.6224595583201299,0.3345,0.4482969260600497,0.8,0.3,0.1,0.2,0.1,0.4,0.7,0.0
1FF6TogE9ELY71XnLPoEv6,Andrew Foy;Renee Foy,Just The Two Of Us,Just The Two Of Us,41,196304,0,0.618,0.083,4,-23.665,1,0.057,0.745,0.000123,0.146,0.597,90.865,4,acoustic,0,0.284582402942225,0.4484478610410187,0.3399999999999999,0.4503434213277479,0.7,0.4,0.05,0.1,0.0,0.6,0.5,0.0
6G8xunNOicxhPPq9sG2raG,Boyce Avenue,"Cover Sessions, Vol. 6",Hey There Delilah,49,230868,0,0.664,0.319,0,-8.149,0,0.0271,0.862,0.0,0.121,0.258,105.036,4,acoustic,0,0.3510592385491528,0.7519511765741447,0.2885,0.5890034717077658,0.7,0.3,0.2,0.2,0.1,0.4,0.6,0.1
6LsHKNorX6fPBNcGxU1jQZ,Andrew Foy;Renee Foy,Arcade,Arcade,37,186738,0,0.408,0.266,10,-12.9,0,0.0404,0.875,0.000498,0.104,0.35,143.651,4,acoustic,0,0.5322040418066162,0.6590184457093676,0.308,0.5330741625053279,0.6,0.3,0.2,0.1,0.0,0.2,0.7,0.0
1uxm47Qn1JhUWZHQfcY6w1,Kina Grannis,Yellow,Yellow,52,193536,0,0.623,0.132,0,-13.668,1,0.035,0.893,0.0,0.217,0.266,82.105,4,acoustic,0,0.2434888259246054,0.643995853138509,0.199,0.5034948930210382,0.8,0.2,0.1,0.3,0.1,0.4,0.7,0.0
2nBrIzKacrNdIxs90FlsT1,Roses & Frey,Wake Me Up,Wake Me Up,58,196819,0,0.494,0.214,7,-11.041,1,0.0363,0.92,1.07e-05,0.107,0.35,125.981,3,acoustic,0,0.4493132306306643,0.6953817264245055,0.282,0.5462316523517233,0.7,0.3,0.2,0.1,0.0,0.2,0.6,0.1
5mdjfBsyzl78NQI4sI4IzR,Aidan Hawken,Walking Blind (feat. Carina Round),Walking Blind,48,201440,0,0.374,0.183,9,-13.225,1,0.0281,0.897,0.0387,0.109,0.134,82.042,4,acoustic,0,0.2431932899255061,0.6526612288011266,0.1585,0.4232848395755442,0.8,0.1,0.0,0.3,0.1,0.2,0.7,0.0
7mQmu0JSoEyYU763IJXhIA,Jon Bryant,Headphones,Headphones,56,204998,0,0.559,0.455,5,-8.937,1,0.0306,0.421,2.08e-06,0.103,0.396,159.985,4,acoustic,0,0.6088276133826207,0.7365373706550867,0.4255,0.6347883280125691,0.3,0.2,0.6,0.2,0.1,0.2,0.4,0.3
08feveJTNL1OMLSrdoHQ6Q,The Rescues,Teenage Dream,Teenage Dream,46,219093,0,0.642,0.408,10,-8.168,1,0.0396,0.729,0.0,0.185,0.411,119.81,4,acoustic,0,0.4203647758617453,0.7515795238933553,0.4095,0.6046480999183669,0.4,0.5,0.3,0.2,0.1,0.3,0.6,0.1
4ngv7whSPSAwD8ZP3zMHsd,Ivan & Alyosha,The Worth Of The Wait,The Worth Of The Wait,55,171800,0,0.48,0.618,2,-7.335,1,0.0501,0.844,8.93e-05,0.325,0.344,82.051,4,acoustic,0,0.2432355093539489,0.7678735598458619,0.481,0.4970363563999369,0.6,0.3,0.2,0.2,0.1,0.3,0.7,0.1
24UxG3p1Ghtc5ejJtGBoeL,Kina Grannis,Can't Help Falling In Love (Piano Version),Can't Help Falling In Love - Piano Version,54,211624,0,0.271,0.0937,0,-15.035,1,0.0367,0.939,0.0,0.108,0.147,164.721,5,acoustic,0,0.6310444148387218,0.6172564207890773,0.12035,0.506433611875933,0.8,0.2,0.1,0.3,0.0,0.6,0.7,0.0
4yRlTvPVfEyhXfp6GZurq9,Austin Plaine,Austin Plaine,Never Come Back Again,57,196240,0,0.594,0.695,8,-8.872,1,0.0259,0.19,3.58e-06,0.119,0.172,104.977,4,acoustic,0,0.3507824667404724,0.7378088140367349,0.4335,0.560863760259069,0.6,0.2,0.4,0.3,0.1,0.2,0.7,0.1
5xQTEPjGsLuvwnnvyK3fAA,Chord Overstreet,Love You To Death,Love You To Death,49,199459,0,0.574,0.344,4,-8.995,1,0.0345,0.421,0.0,0.0804,0.0987,147.924,3,acoustic,0,0.5522488882217176,0.7354028519453084,0.22135,0.6205505800556753,0.4,0.1,0.3,0.2,0.0,0.2,0.5,0.1
3Mq1SOKwAPYgE0ZtPzvWZZ,Plamina,Someone You Loved (Acoustic),Someone You Loved - Acoustic,55,169253,0,0.647,0.298,3,-7.91,1,0.0311,0.861,0.0,0.12,0.31,106.244,4,acoustic,0,0.356726024055692,0.7566261760851279,0.304,0.5867840667136067,0.7,0.2,0.1,0.4,0.1,0.3,0.6,0.0
38ssTLOvoZyL4CLa4ImDG9,Kina Grannis;Imaginary Future,What a Wonderful World,What a Wonderful World,51,137066,0,0.486,0.0399,0,-21.56,1,0.0405,0.953,8.74e-06,0.115,0.155,95.066,3,acoustic,0,0.3042894939297844,0.4896230659390098,0.09745,0.4266375199562648,0.9,0.2,0.0,0.3,0.0,0.4,0.7,0.0
0njuNwIyB3DoBHC0SFUkOr,Andrew Foy;Renee Foy,You Broke Me First,You Broke Me First,39,128798,1,0.734,0.0423,4,-24.831,1,0.0583,0.916,0.0,0.108,0.14,123.905,4,acoustic,0,0.4395746158032011,0.4256401228409913,0.09115,0.5330715795480642,0.7,0.1,0.1,0.3,0.0,0.2,0.6,0.0
5sdliaZjk3rVGuT13UVhxn,Joshua Hyslop,Echos,Long Way Down,60,257972,0,0.711,0.231,2,-13.033,1,0.0346,0.832,0.00115,0.105,0.186,125.062,4,acoustic,0,0.4450021578818981,0.6564168769438412,0.2085,0.6041396782752465,0.7,0.2,0.3,0.4,0.1,0.3,0.6,0.1
2Dz5WpEWA0vhnMmEPYiZ2y,Parachute,Losing Sleep,She Is Love,60,146066,0,0.629,0.174,6,-9.697,1,0.141,0.616,0.0,0.118,0.305,134.295,1,acoustic,0,0.4883146004165649,0.7216712634235081,0.2395,0.612995287946691,0.7,0.3,0.2,0.1,0.0,0.2,0.6,0.0
5w8Cu20Yt1ZNQuVdcafTYC,Phillip LaRue,The Meaning,Marigold,53,172708,0,0.615,0.406,6,-12.619,1,0.0358,0.541,1.67e-05,0.0982,0.541,166.035,4,acoustic,0,0.6372084513913647,0.6645149932515697,0.4735,0.6389078148809781,0.3,0.6,0.7,0.1,0.0,0.4,0.3,0.5
1FHCU1rDAeaPsBW9byjJ0Q,krissy & ericka,Twelve: Fifty One (International Version),12:51,64,246280,0,0.503,0.357,3,-9.36,1,0.0272,0.727,0.0,0.128,0.438,136.135,4,acoustic,0,0.4969461280093069,0.7282632083406686,0.3974999999999999,0.5760697787833252,0.4,0.3,0.5,0.1,0.0,0.2,0.3,0.1
0x26yM2rrvtoHGRXXzppx3,Takehara Pistol,リョウメンシダ/サンサーラ,サンサーラ,34,331984,0,0.45,0.183,2,-9.003,1,0.0309,0.762,3.41e-06,0.11,0.219,61.192,4,acoustic,0,0.1453849473664458,0.7352463666060286,0.201,0.4435437713241582,0.7,0.1,0.0,0.3,0.1,0.2,0.6,0.0
0Kt5AHOpQAkEsHAuPeB0le,Allman Brown;Liz Lawrence,1000 Years,Sons and Daughters,50,216052,0,0.525,0.461,5,-9.489,0,0.0878,0.775,2.14e-06,0.362,0.202,147.997,4,acoustic,0,0.5525913346968645,0.7257398822447823,0.3315,0.6011104056472155,0.6,0.2,0.3,0.3,0.1,0.2,0.7,0.1
07m8PuXxxv5J4qPEDq6ZkK,Ben Rector,Brand New,Brand New,65,243933,0,0.555,0.934,9,-5.04,1,0.113,0.00268,0.0,0.122,0.422,144.874,4,acoustic,0,0.5379411930272268,0.8127652915517477,0.678,0.6352354948596582,0.1,0.7,0.8,0.1,0.0,0.2,0.2,0.6
1YjMWOorkBaP4MdKkKtp4y,The Weepies;Deb Talan;Steve Tannen,Say I Am You,Gotta Have You,56,199786,0,0.678,0.363,11,-10.9,1,0.0318,0.872,0.000101,0.0798,0.543,75.004,5,acoustic,0,0.2101776968832679,0.6981397805293117,0.453,0.5287724924708599,0.7,0.6,0.2,0.1,0.0,0.5,0.7,0.1
0KF5nzdiqZlxVK68MPITst,Ben Rector,Brand New,"30,000 Feet",57,256933,0,0.555,0.452,0,-9.636,1,0.0554,0.694,0.0,0.0595,0.321,179.921,4,acoustic,0,0.7023483384309384,0.7228644641355162,0.3865,0.6600709341888181,0.3,0.6,0.7,0.1,0.0,0.2,0.4,0.5
1pV4cJaYl9ovK0GcSjH1hy,Eddy Tyler,Guitar Instrumental Covers,A Thousand Years,43,279916,0,0.586,0.396,10,-9.953,1,0.0319,0.896,0.543,0.0992,0.16,142.591,3,acoustic,0,0.5272315313455801,0.7166637325665552,0.278,0.6099650879707118,0.6,0.2,0.3,0.3,0.1,0.5,0.4,0.1
2fSIF8CJhoc9CJhF9vJDXp,Ray LaMontagne,Trouble,Jolene,64,250866,0,0.588,0.142,7,-15.196,1,0.0329,0.863,0.000162,0.0953,0.288,119.656,4,acoustic,0,0.4196423545306137,0.6141071533360718,0.2149999999999999,0.5405831692888952,0.7,0.1,0.1,0.3,0.1,0.2,0.6,0.0
6J0bdIZElZMymahgVWRE9B,Eddie Vedder,Into The Wild (Music For The Motion Picture),No Ceiling,58,94053,0,0.724,0.652,3,-6.869,1,0.0247,0.46,0.000142,0.101,0.75,106.911,4,acoustic,0,0.359854952808061,0.7769888308589089,0.7010000000000001,0.6202812612223233,0.3,0.7,0.5,0.1,0.0,0.4,0.6,0.2
5sVyefkGgQeYCgnqr4KslQ,Joy Williams,Front Porch,Front Porch,64,231813,0,0.567,0.224,1,-10.024,1,0.0299,0.887,0.0,0.109,0.2,124.44,4,acoustic,0,0.4420843262717429,0.7152749251804471,0.212,0.57478641715073,0.7,0.2,0.1,0.3,0.0,0.2,0.6,0.0
1MGIxsVtqK2npdPmI8Dj0D,Days N Daze,Rogue Taxidermy,Goodbye Lulu,35,150047,1,0.544,0.839,5,-8.991,1,0.0568,0.784,0.0,0.341,0.967,87.609,4,acoustic,0,0.2693083519411554,0.7354810946149483,0.903,0.5162631488520346,0.1,0.8,0.6,0.1,0.0,0.2,0.3,0.5
4M4suTUnAYZocl09XEKBZN,Ray LaMontagne,Cruising,Three More Days,36,216773,0,0.555,0.68,10,-8.358,0,0.0323,0.126,0.000906,0.0506,0.903,84.518,4,acoustic,0,0.2548083237948698,0.7478629970854606,0.7915000000000001,0.5192237736267767,0.3,0.7,0.4,0.1,0.0,0.5,0.4,0.1
2C9ePPz58he8jmYEod9pvT,Callum J Wright,Isn't She Lovely (Acoustic),Isn't She Lovely - Acoustic,54,145771,0,0.69,0.306,9,-9.193,1,0.0356,0.805,0.0,0.0968,0.424,115.671,4,acoustic,0,0.4009485298256806,0.7315298397981339,0.365,0.6074927898746049,0.6,0.5,0.2,0.1,0.0,0.4,0.7,0.1
4j0xGuo8Z47wfBiVunT6VR,Rachael Yamagata,"One Spring Night (Original Television Soundtrack), Pt. 4",We Could Still Be Happy,43,279260,0,0.513,0.317,10,-17.036,1,0.0363,0.365,0.003,0.118,0.177,84.853,4,acoustic,0,0.2563798247424614,0.5781155253017233,0.247,0.4491651166813948,0.7,0.2,0.1,0.4,0.1,0.3,0.5,0.0
0JzOJIS7ktLq5Ux6LtYJuW,John Adams,Fix You (Acoustic),Fix You - Acoustic,49,162963,0,0.494,0.152,3,-9.843,1,0.0313,0.947,0.0,0.123,0.304,134.178,4,acoustic,0,0.487765747846809,0.7188154059816522,0.2279999999999999,0.5668603846094871,0.7,0.2,0.1,0.3,0.0,0.2,0.6,0.0
298xJ2nBaWWS0Je5rtlSxT,Lusaint,I'm Yours (Acoustic),I'm Yours - Acoustic,55,166189,0,0.634,0.267,11,-7.396,1,0.044,0.841,0.0,0.11,0.391,143.514,4,acoustic,0,0.5315613682847653,0.7666803591338536,0.329,0.6440805758062063,0.7,0.4,0.3,0.1,0.0,0.3,0.6,0.1
33SH8ZC36EzoRstHbaFE72,Boyce Avenue;Sarah Hyland,"Cover Sessions, Vol. 4",Closer,54,244188,0,0.694,0.471,8,-8.62,1,0.0281,0.411,0.0,0.233,0.466,95.003,4,acoustic,0,0.303993957930685,0.7427381022240479,0.4685,0.5802440200515776,0.6,0.4,0.3,0.2,0.1,0.5,0.7,0.1
18PrtmAcNMgZNy1edWuXGb,Mother's Daughter;Beck Pete,A Sky Full of Stars,A Sky Full of Stars,55,165067,0,0.643,0.11,6,-14.28,1,0.0294,0.876,1.38e-05,0.112,0.152,101.995,4,acoustic,0,0.3367937627831047,0.6320247246836062,0.131,0.5372728291555703,0.7,0.2,0.1,0.3,0.1,0.2,0.6,0.0
4CU3t2c3TIpmzX44P1VCFi,Aron Wright,I Don't Believe in Satan,I Don't Believe in Satan,39,208571,0,0.422,0.41,6,-14.151,0,0.0467,0.00855,0.0,0.104,0.354,83.952,4,acoustic,0,0.2521531908505807,0.6345480507794925,0.382,0.4362337472100244,0.6,0.2,0.2,0.4,0.1,0.3,0.7,0.1
0dnRlO7IDzbN9ixVld7hz6,The Perishers,Let There Be Morning (Bonus Track Version),Pills,51,189240,0,0.543,0.288,0,-8.608,0,0.0258,0.667,0.0,0.113,0.293,95.435,4,acoustic,0,0.3060204904959375,0.7429728302329676,0.2905,0.5306644402429684,0.7,0.2,0.1,0.4,0.1,0.3,0.6,0.0
1XW1lKfocLOAUdp8rUQoNC,Tyler Ward;Madysyn,he said. she said.,Shallow - Acoustic,52,182553,0,0.332,0.282,7,-7.257,1,0.044,0.825,0.0,0.104,0.234,187.057,4,acoustic,0,0.7358236541384421,0.7693992919038397,0.258,0.6124076486807606,0.7,0.2,0.1,0.3,0.1,0.2,0.6,0.0
1TZBg0IBHvqfSAlHvVd8eH,Jonah Baker,Watermelon Sugar (Acoustic),Watermelon Sugar - Acoustic,56,183093,0,0.43,0.121,10,-15.148,1,0.0404,0.908,0.0,0.161,0.461,91.211,4,acoustic,0,0.2862055054134689,0.6150460653717504,0.291,0.4437505235950731,0.7,0.4,0.1,0.1,0.0,0.3,0.6,0.0
5j5OayPyUCnJSK0RynvqgK,Matt Johnson;Jaclyn Davies,Say You Won't Let Go (Acoustic),Say You Won't Let Go - Acoustic,48,243724,0,0.432,0.197,3,-9.251,1,0.0414,0.87,0.0,0.11,0.348,163.985,4,acoustic,0,0.627591803801625,0.7303953210883556,0.2724999999999999,0.5966623749633269,0.7,0.3,0.2,0.1,0.0,0.4,0.6,0.0
4WtqjjSiGYHORMr6VX3td1,Kitri,Hikare Inochi,Hikare Inochi,41,322146,0,0.592,0.769,2,-5.268,1,0.0311,0.319,4.66e-06,0.137,0.385,102.033,4,acoustic,0,0.3369720225920852,0.808305459382274,0.577,0.5790924939914531,0.3,0.4,0.6,0.2,0.1,0.3,0.5,0.2
0Pi3Ua6fJV1Yx5MGXhfybT,Ben Woodward,Call You Mine (Acoustic Piano),Call You Mine (Acoustic Piano),40,209554,0,0.733,0.297,5,-14.452,1,0.0359,0.935,2.75e-06,0.108,0.766,103.953,4,acoustic,0,0.3459788339932073,0.6286602898890911,0.5315,0.5692130412940996,0.7,0.6,0.1,0.1,0.0,0.4,0.5,0.0
0c99BUd87HQfzgUUQqRyds,Kina Grannis,In the Waiting,For Now,57,198403,0,0.394,0.249,5,-10.484,1,0.0396,0.927,0.0,0.115,0.329,79.549,4,acoustic,0,0.2314985082468617,0.70627701817186,0.289,0.4439251754729072,0.8,0.3,0.1,0.4,0.1,0.5,0.7,0.0
7JRJOLKHz88pR0YS4pVCao,Greg Laswell,Three Flights From Alto Nido,Sweet Dream,53,67746,0,0.41,0.234,1,-15.236,1,0.0421,0.798,0.00304,0.108,0.19,93.72,4,acoustic,0,0.2979753438537894,0.6133247266396729,0.212,0.440433356831154,0.7,0.1,0.1,0.4,0.1,0.2,0.6,0.0
0xlyMQ56pZAoGuLCs7GH90,Andrew Foy,Love Nwantiti,Love Nwantiti,30,129032,0,0.48,0.158,8,-15.239,1,0.0807,0.809,0.886,0.117,0.498,86.107,4,acoustic,0,0.2622623984388193,0.6132660446374429,0.328,0.451842814358754,0.7,0.4,0.1,0.1,0.0,0.3,0.6,0.0
5dH4xnErpUOIDrGySWGkfJ,Ross Copperman,Stars Are on Your Side,Stars Are on Your Side,49,218004,0,0.255,0.625,0,-8.31,1,0.0323,0.63,0.000211,0.0976,0.191,84.611,4,acoustic,0,0.2552445912221117,0.7488019091211391,0.408,0.4196821667810835,0.6,0.2,0.3,0.4,0.1,0.3,0.7,0.1
2Sg5gtKvSiRf7TBjI0ObF2,Jonah Baker;Sara Phillips,Covers,We Don't Talk Anymore / Cold (feat. Sara Phillips),26,222911,0,0.524,0.328,11,-10.001,1,0.0403,0.817,0.0,0.118,0.599,99.941,4,acoustic,0,0.3271583510029459,0.7157248205308765,0.4635,0.5222943905112741,0.6,0.5,0.2,0.3,0.1,0.4,0.7,0.1
2AHZHeLTPuGILKyr4l8uTU,Joe Brooks,Constellation Me,Superman,53,206693,0,0.464,0.653,6,-7.514,1,0.101,0.199,0.0,0.0979,0.416,162.196,4,acoustic,0,0.6191995196367253,0.7643722003794768,0.5345,0.6158572400054007,0.2,0.4,0.7,0.1,0.0,0.2,0.3,0.5
3JKLrIrHpbHtDU1oeYtbYD,Boyce Avenue,"Cover Sessions, Vol. 5",Chasing Cars,52,246979,0,0.659,0.331,10,-8.987,1,0.0321,0.809,0.0,0.0996,0.0877,105.01,4,acoustic,0,0.3509372713114292,0.7355593372845881,0.20935,0.5818322028653391,0.7,0.2,0.1,0.3,0.0,0.4,0.6,0.0
2CsHDQ1WFLQBBpIEuLcL3z,Zack Tabudlo,Episode,Calm Me Down,51,282950,0,0.592,0.49,10,-8.508,1,0.0263,0.395,0.0,0.333,0.437,99.994,4,acoustic,0,0.3274069765259977,0.7449288969739647,0.4635,0.5547786244999875,0.6,0.4,0.3,0.2,0.1,0.3,0.5,0.1
24Gm1mIhO28NmgT17S95JE,Masaharu Fukuyama,KISSして,KISSして,35,222626,0,0.467,0.851,6,-4.203,1,0.0526,0.000353,0.0,0.33,0.644,93.873,4,acoustic,0,0.2986930741373163,0.8291375701738942,0.7475,0.5316102147704035,0.2,0.7,0.6,0.1,0.0,0.4,0.3,0.2
6j9kSGlYLZdZ9sZkY9DjzY,Zack Tabudlo;James TW,Binibini (Last Day On Earth),Binibini (Last Day On Earth) (feat. James TW),54,219692,0,0.564,0.391,5,-7.655,1,0.0311,0.478,0.0,0.127,0.101,130.03,4,acoustic,0,0.4683072823823015,0.7616141462746708,0.246,0.597973809552324,0.6,0.2,0.3,0.4,0.1,0.3,0.5,0.1
2UJy2HHo4afrQbI5FizxLM,Ciaran Lavery,Kosher,Left for America,50,170786,0,0.498,0.384,4,-10.752,1,0.0976,0.818,0.000937,0.13,0.25,79.856,4,acoustic,0,0.2329386598615202,0.7010347593059875,0.317,0.4773244730558358,0.7,0.2,0.1,0.4,0.1,0.3,0.6,0.0
7HSk4yGZxfjOkHyOvZrBQZ,John Frusciante,To Record Only Water For Ten Days (U.S. Version),Ramparts,53,70133,0,0.386,0.428,10,-9.949,0,0.0295,0.951,0.882,0.162,0.73,172.311,4,acoustic,0,0.6666494661587826,0.7167419752361951,0.579,0.5897971471316592,0.2,0.6,0.5,0.1,0.0,0.3,0.3,0.2
2Jhx81CSHw8xWwBqRM2mZR,Chord Overstreet,Hold On (Acoustic),Hold On - Acoustic,48,200346,0,0.702,0.259,2,-9.73,1,0.0403,0.878,5.34e-06,0.108,0.246,120.102,4,acoustic,0,0.4217345617623327,0.721025761398979,0.2525,0.6149201077204373,0.7,0.3,0.2,0.3,0.1,0.4,0.6,0.1
5P6ZBMWS66FVo6deJaDdHy,The Civil Wars,The Civil Wars,Dust to Dust,49,229653,0,0.747,0.265,1,-14.141,1,0.0354,0.745,0.0169,0.11,0.2,138.017,4,acoustic,0,0.5057746796014485,0.6347436574535923,0.2325,0.6291727790183469,0.6,0.2,0.3,0.4,0.1,0.3,0.5,0.1
5SgFX13gtlQfsNUpoPshwD,Masaharu Fukuyama,Good night,Good night,35,354213,0,0.522,0.498,7,-7.247,1,0.0257,0.0758,1.51e-06,0.25,0.221,145.908,4,acoustic,0,0.5427917362505393,0.7695948985779394,0.3595,0.6114622116094929,0.3,0.2,0.6,0.1,0.0,0.1,0.4,0.2
7vu53hQrIoH7UGeh6qcct1,Zack Tabudlo,As You Are,As You Are,60,183969,0,0.715,0.438,10,-6.147,0,0.0373,0.353,1.75e-06,0.108,0.447,81.07,4,acoustic,0,0.238633591653688,0.7911116327289087,0.4425,0.5815817414608656,0.6,0.4,0.2,0.3,0.1,0.4,0.5,0.1
55RMhrPQYA6vLu5YMgXxFD,Zack Tabudlo,Episode,Binibini,65,221538,0,0.642,0.374,5,-10.606,1,0.032,0.423,1.54e-06,0.435,0.0979,129.863,4,acoustic,0,0.4675238774323081,0.7038906167478434,0.23595,0.6044714980600505,0.4,0.2,0.5,0.3,0.1,0.2,0.6,0.3
2KsdoMZsL2ajnjjYUWm1ZT,Sara Farell,#Covers,It Aint Me,52,192545,0,0.354,0.415,9,-6.578,1,0.0289,0.797,0.0,0.107,0.421,175.537,4,acoustic,0,0.6817827857317096,0.7826809850752107,0.418,0.6061545902689734,0.3,0.2,0.6,0.3,0.1,0.2,0.4,0.5
2fPb58e6f8KxejYDCaARwS,A Great Big World,Is There Anybody Out There?,Say Something,57,233266,0,0.447,0.158,2,-7.571,1,0.036,0.872,1.58e-06,0.0816,0.142,140.942,3,acoustic,0,0.5194959938453455,0.7632572423371086,0.15,0.576584412060818,0.7,0.1,0.1,0.6,0.1,0.2,0.4,0.0
4NxUuupOGPquDhy1yFIZK3,Ingrid Michaelson;AJR,The Lotto,The Lotto,59,193695,0,0.687,0.748,3,-4.54,1,0.0785,0.24,0.0,0.373,0.872,88.944,4,acoustic,0,0.2755709004934982,0.8225456252567337,0.81,0.5950388419167439,0.2,0.8,0.6,0.1,0.0,0.3,0.4,0.2
0avtLG17MT8kDf9xc67Niv,Rodrigo y Gabriela,Rodrigo Y Gabriela,Tamacun,50,205800,0,0.588,0.914,7,-7.442,1,0.0341,0.832,0.856,0.103,0.971,128.553,4,acoustic,0,0.4613786050700841,0.7657805684329949,0.9425,0.6050530578343597,0.1,0.8,0.7,0.0,0.0,0.3,0.2,0.6
6jI7y83WjuyBne9b3IvdSs,Andrew Belle,The Ladder,Make It Without You,49,272612,0,0.456,0.205,1,-8.437,1,0.0313,0.92,0.00011,0.149,0.161,117.663,4,acoustic,0,0.4102930966543447,0.7463177043600727,0.183,0.5375369336714725,0.7,0.2,0.1,0.3,0.1,0.4,0.6,0.0
0ngtyvPUKR4YTtkVKvZP02,Priscilla Ahn,A Good Day,Dream,54,211240,0,0.512,0.248,2,-10.359,1,0.0275,0.75,2.96e-05,0.114,0.158,109.692,3,acoustic,0,0.3729007561968738,0.7087221015981064,0.203,0.5312076192649934,0.7,0.2,0.1,0.3,0.1,0.4,0.6,0.0
5PoaNLRYLL7rywHSPUOZs8,JJ Heller,"Big Love, Small Moments","Big Love, Small Moments",52,204293,0,0.582,0.282,0,-9.229,1,0.0316,0.793,2.01e-06,0.0744,0.278,118.019,4,acoustic,0,0.4119631096016362,0.7308256557713749,0.28,0.5749295884576703,0.7,0.3,0.2,0.3,0.1,0.4,0.6,0.1
6DwgZO7AMYelPFwr8WPhpg,Priscilla Ahn,When Marnie Was There Song Album - Just Know That I Love You.,I Am Not Alone,46,252386,0,0.568,0.18,7,-11.707,1,0.0284,0.758,6.17e-05,0.111,0.228,112.033,4,acoustic,0,0.3838824986395961,0.6823543219294642,0.204,0.5447456068563534,0.7,0.2,0.1,0.3,0.1,0.3,0.6,0.0
5X3w2MfxgMTZkn2mTPQs0u,Joshua Hyslop,Echos,Stand Your Ground,62,203253,0,0.71,0.271,7,-9.541,1,0.0283,0.658,4.59e-06,0.115,0.686,131.88,4,acoustic,0,0.476985720451091,0.7247227275394635,0.4785,0.6372361493301848,0.3,0.6,0.4,0.1,0.0,0.3,0.5,0.1
5PCwedwyeLZQ6xAUIKbwos,Front Porch Step,I Never Loved Before I Found You,Perfect Man,32,291332,0,0.574,0.704,0,-4.65,1,0.0318,0.0931,0.000281,0.136,0.338,117.086,4,acoustic,0,0.4075863621864034,0.8203939518416368,0.521,0.6006601046760134,0.2,0.3,0.5,0.4,0.1,0.3,0.4,0.2
32kyGOJpEOTFKR9wvPSsxJ,Takehara Pistol,It's My Life,あ。っという間はあるさ,33,172373,0,0.64,0.895,9,-3.068,1,0.0316,0.273,0.0,0.247,0.94,115.941,4,acoustic,0,0.4022151126789634,0.8513389276842126,0.9175,0.6311846801210587,0.1,0.8,0.7,0.1,0.0,0.3,0.2,0.5
0ifc4mq2mVNefgQFmtXQpt,Eric Hutchinson,Pure Fiction,Tell The World,58,161328,0,0.669,0.854,4,-5.899,1,0.0431,0.0653,0.0,0.288,0.706,120.035,4,acoustic,0,0.4214202615728143,0.7959626782465817,0.78,0.6287943132731321,0.1,0.8,0.7,0.0,0.0,0.3,0.2,0.5
2gJ3ZOaiWr3jGHwevufOxr,Brett Dennen,So Much More (Special Edition),Ain't No Reason,57,220306,0,0.615,0.358,5,-9.694,1,0.0552,0.705,0.0,0.113,0.432,146.06,4,acoustic,0,0.5435047754864616,0.7217299454257379,0.395,0.6267449069707332,0.4,0.5,0.6,0.2,0.1,0.3,0.5,0.3
37jsciEAFxwyjXx0kV6aO6,Rail Yard Ghosts,Songs from the Lowdown,A Month from Now,34,192392,0,0.415,0.619,2,-7.624,0,0.123,0.946,2.75e-05,0.799,0.739,77.009,4,acoustic,0,0.2195832473307938,0.7622205269643799,0.679,0.4656012580983912,0.4,0.7,0.2,0.1,0.0,0.3,0.6,0.1
22KbVMZekQbkrHGrubQTpQ,Five For Fighting,Bookmarks,What If,55,207228,0,0.565,0.895,0,-5.354,1,0.04,0.194,0.0,0.101,0.592,149.919,4,acoustic,0,0.561607528193196,0.8066232419850164,0.7435,0.6444102567260708,0.1,0.6,0.8,0.1,0.0,0.3,0.3,0.5
4RiKD76gS8huCzwWqw0EGC,The Bridge City Sinners,Bridge City Sinners,Pussy Cat,33,122874,0,0.586,0.702,0,-4.418,1,0.132,0.59,0.0,0.146,0.644,177.598,4,acoustic,0,0.6914510348451016,0.8249320266807503,0.673,0.7007943538419505,0.1,0.6,0.8,0.1,0.2,0.2,0.3,0.7
3XFhSbm8EdZD6Cjrm1dNJQ,Frank Turner,Tape Deck Heart (Deluxe Edition),Polaroid Picture,33,223015,0,0.564,0.604,7,-5.055,1,0.0549,0.0287,4.74e-06,0.108,0.341,113.091,4,acoustic,0,0.3888456270054227,0.8124718815405981,0.4725,0.5884391695153403,0.3,0.4,0.5,0.2,0.1,0.2,0.6,0.2
3nImoHhXBOqYcdTN8gt9eE,Matt Costa,sadsadchristmas,I Bet On Flying High,0,155000,0,0.543,0.359,8,-6.571,1,0.0302,0.651,0.0,0.0981,0.346,109.735,4,acoustic,0,0.3731024712438781,0.7828179097470805,0.3525,0.5663067936636529,0.6,0.3,0.2,0.3,0.1,0.3,0.5,0.1
0B3g35bVxJ42Y0W0I5WBIU,Matt Costa,Christmas Vibes But Not Christmas Songs,I Bet On Flying High,0,155000,0,0.543,0.359,8,-6.571,1,0.0302,0.651,0.0,0.0981,0.346,109.735,4,acoustic,0,0.3731024712438781,0.7828179097470805,0.3525,0.5663067936636529,0.6,0.3,0.2,0.3,0.1,0.3,0.5,0.1
1igSa6QILI1jyE970ZMYW1,Matt Costa,Acoustic Christmas Campfire,I Bet On Flying High,0,155000,0,0.543,0.359,8,-6.571,1,0.0302,0.651,0.0,0.0981,0.346,109.735,4,acoustic,0,0.3731024712438781,0.7828179097470805,0.3525,0.5663067936636529,0.6,0.3,0.2,0.3,0.1,0.3,0.5,0.1
4AYITlwiumljGdv0NIGR4T,Jonah Baker,Mirrors (Acoustic),Mirrors - Acoustic,52,224170,0,0.638,0.287,8,-11.174,0,0.0412,0.81,0.0,0.0804,0.445,128.025,4,acoustic,0,0.4589017319347756,0.6927801576589793,0.366,0.596560629864585,0.6,0.4,0.3,0.1,0.0,0.3,0.5,0.1
3YvutLE6lwEyW4WMF5FIi6,Aqualung;Kina Grannis,10 Futures,To the Wonder (feat. Kina Grannis),21,239004,0,0.515,0.46,9,-11.261,0,0.0436,0.891,0.14,0.0874,0.259,140.067,4,acoustic,0,0.5153913271911883,0.6910783795943116,0.3595,0.5738232355951666,0.6,0.3,0.4,0.2,0.1,0.4,0.7,0.1
3geIJghtdmVc7GeJio1xlj,Jonah Baker,Stay - Acoustic,Stay - Acoustic,50,181311,0,0.622,0.221,9,-14.335,1,0.0583,0.901,0.0,0.107,0.297,131.827,4,acoustic,0,0.4767370949280392,0.6309488879760576,0.259,0.5765619943013657,0.7,0.3,0.2,0.4,0.1,0.3,0.6,0.1
1yycinn2WICj4UKGQ9xPjD,Ichiko Aoba,マホロボシヤ,太陽さん,55,144653,0,0.44,0.0353,6,-20.858,1,0.0522,0.99,0.00312,0.108,0.362,181.988,4,acoustic,0,0.7120447338299589,0.5033546544608102,0.19865,0.551799796096923,0.9,0.2,0.0,0.3,0.0,0.4,0.7,0.0
5Z8O4RFAmjA13jrOYIgyXA,Kina Grannis,Oh What A Love,Oh What A Love,46,235135,0,0.457,0.064,6,-19.928,1,0.0339,0.941,0.108,0.107,0.0647,147.824,3,acoustic,0,0.5517797834612426,0.5215460751520842,0.0643499999999999,0.5101086195377756,0.8,0.2,0.1,0.3,0.0,0.4,0.6,0.0
1ABd3bWsG4FCKePjXeVfJG,Meiko,The Bright Side,Leave The Lights On,56,248360,0,0.649,0.821,1,-6.483,0,0.0313,0.0302,0.000141,0.0843,0.661,121.938,4,acoustic,0,0.4303473251646557,0.7845392484791581,0.741,0.6212955245479379,0.2,0.7,0.6,0.1,0.0,0.4,0.3,0.2
4I18rXWixQBWc8JhTqx6Xn,Erin McCarley,I Won't Let You Down,I Won't Let You Down,40,198344,0,0.495,0.329,7,-11.661,1,0.0386,0.652,7.61e-05,0.0606,0.0919,72.992,4,acoustic,0,0.2007393091025087,0.6832541126303229,0.21045,0.4596644739109439,0.7,0.2,0.1,0.3,0.1,0.2,0.6,0.0
3IORLAm07yxo4T7B8cRET3,Jason Mraz,Look For The Good,Look For The Good (Single Version),21,239697,0,0.71,0.615,0,-8.23,1,0.133,0.0384,0.0,0.283,0.746,90.263,4,acoustic,0,0.2817583922841649,0.750366762513937,0.6805,0.5807083849327006,0.3,0.8,0.5,0.1,0.1,0.4,0.4,0.2
4sAX65hbNtEC1lceCdGuMt,Isabella Celander,Stargazing,Stargazing,55,186334,0,0.69,0.204,7,-12.427,1,0.0301,0.932,1.73e-06,0.119,0.525,139.587,4,acoustic,0,0.5131396243409077,0.6682706413942844,0.3645,0.6238034219117307,0.4,0.5,0.6,0.1,0.0,0.3,0.5,0.2
7vg5fesQdq5I7Z7XGdyJd5,Roses & Frey,Bad Liar,Bad Liar,50,226877,0,0.596,0.195,7,-11.02,1,0.0264,0.926,0.0,0.139,0.176,82.114,4,acoustic,0,0.2435310453530482,0.6957925004401149,0.1855,0.5117745152643877,0.8,0.2,0.1,0.3,0.1,0.4,0.7,0.0
6Xrq1dAFgZcSi5HuuHe27i,Rachael Yamagata,"One Spring Night (Original Television Soundtrack), Pt. 3",Is It You,41,273260,0,0.66,0.743,9,-8.302,1,0.0506,0.0329,0.00136,0.098,0.445,130.025,4,acoustic,0,0.4682838271442778,0.7489583944604189,0.594,0.6257474072015655,0.2,0.4,0.7,0.3,0.1,0.5,0.4,0.3
2TRXV6DoQLjdRrBR6ED6NP,Us The Duo,Slow Down Time,Slow Down Time,44,196920,0,0.733,0.657,2,-6.843,1,0.0272,0.013,6.73e-05,0.317,0.433,109.954,4,acoustic,0,0.3741298106693186,0.7774974082115682,0.545,0.6282090729602956,0.3,0.6,0.4,0.1,0.0,0.5,0.7,0.1
6xXvAzowcCQmoKdDr1oIFJ,Amber Leigh Irish,Simply Acoustic,2002 - Acoustic,57,145056,0,0.589,0.296,0,-9.335,1,0.083,0.842,0.0,0.0736,0.611,165.799,3,acoustic,0,0.6361013641566434,0.7287522250259179,0.4535,0.6512845297275205,0.6,0.7,0.5,0.1,0.0,0.3,0.4,0.2
5L4G3nwKkd4wykW4BV9sVe,Jess Penner,"Love, Love, Love",Sweeter,33,196026,0,0.686,0.377,9,-9.59,1,0.0589,0.638,0.0,0.128,0.551,92.042,4,acoustic,0,0.290103765973017,0.7237642548363751,0.464,0.5666226736031308,0.6,0.5,0.2,0.1,0.0,0.4,0.7,0.1
0QzY6rP7C8IWMnpEyuQmC6,Daniel Robinson,Heat Waves (Acoustic),Heat Waves - Acoustic,56,193027,0,0.659,0.338,6,-10.367,0,0.0376,0.842,0.0,0.277,0.495,145.877,4,acoustic,0,0.5426463137747921,0.7085656162588267,0.4165,0.6367373100112063,0.6,0.4,0.3,0.1,0.0,0.3,0.5,0.1
4h3rI4uxGsbA4LsLt1nB2t,Jonah Baker;Celine,If the World Was Ending (Acoustic),If the World Was Ending - Acoustic,35,213091,0,0.522,0.202,9,-13.38,1,0.0861,0.918,0.0,0.185,0.457,147.992,4,acoustic,0,0.5525678794588407,0.6496293253525809,0.3295,0.5747324016038072,0.6,0.4,0.3,0.2,0.1,0.3,0.5,0.1
2KhS0LVOw9ralhfbcIi7vL,Greg Laswell,Three Flights From Alto Nido,Comes And Goes (In Waves),55,253546,0,0.565,0.698,0,-8.596,1,0.0295,0.54,0.0183,0.124,0.155,120.013,4,acoustic,0,0.4213170585255099,0.7432075582418872,0.4265,0.5765082055891324,0.7,0.1,0.4,0.6,0.1,0.2,0.5,0.1
6fPblqm2OhtEKvaUEQzLzJ,Masaharu Fukuyama,残響,ながれ星,33,317400,0,0.474,0.408,7,-11.42,1,0.0332,0.603,2.77e-05,0.104,0.238,143.881,4,acoustic,0,0.533282982755709,0.6879682334761261,0.3229999999999999,0.565083738743945,0.3,0.2,0.5,0.2,0.1,0.2,0.4,0.3
0wFSrH6x1iQOdUljUueAcd,Blame Jones,Acoustic Versions,Dusk Till Dawn - Acoustic,46,167616,0,0.543,0.244,0,-8.062,1,0.0511,0.864,0.0,0.112,0.29,126.341,3,acoustic,0,0.4510020077683747,0.7536529546388123,0.267,0.5825516541357291,0.6,0.3,0.2,0.3,0.1,0.4,0.5,0.1
1wSZdWFZphxDh6iJhWlIUi,Ben Woodward,Don't Wanna Leave You,Don't Wanna Leave You,38,211672,0,0.672,0.644,11,-9.063,1,0.236,0.795,0.0,0.146,0.549,148.135,4,acoustic,0,0.5532386992663201,0.7340727265614302,0.5965,0.6531038086092501,0.3,0.6,0.7,0.1,0.0,0.4,0.5,0.2
5ZpSUdy5wL5Hvwsqz6JCAt,Stephen Speaks,Passenger Seat,Passenger Seat,65,274245,0,0.515,0.769,7,-5.696,1,0.031,0.0456,0.00436,0.0961,0.644,153.046,4,acoustic,0,0.5762764340532527,0.7999334937308061,0.7065,0.6304033092613529,0.2,0.6,0.7,0.1,0.0,0.3,0.4,0.5
3mDvi0k4LuCA7ViLf3Qb3O,Matt White,Best Days,Love,60,170040,0,0.759,0.684,0,-5.751,1,0.0315,0.269,0.0,0.13,0.759,107.948,4,acoustic,0,0.3647195691741879,0.7988576570232576,0.7215,0.6408590753991485,0.3,0.7,0.5,0.1,0.0,0.4,0.4,0.2
5D6xoqZwDoqRO5V9rNgxFO,Boyce Avenue,"Cover Sessions, Vol. 6",Hallelujah,54,267765,0,0.62,0.21,11,-9.633,0,0.0274,0.911,2.22e-06,0.108,0.163,98.558,3,acoustic,0,0.3206706321655752,0.7229231461377461,0.1865,0.5545312594344404,0.7,0.2,0.1,0.4,0.1,0.3,0.6,0.0
09t3kwndNebf3RV8DZ5pw3,Madi Diaz,Phantom,Ashes,37,250146,0,0.497,0.254,8,-11.716,0,0.0341,0.891,0.0441,0.122,0.0676,110.864,3,acoustic,0,0.3783986639896421,0.6821782759227745,0.1608,0.5191923133041388,0.7,0.1,0.1,0.4,0.1,0.2,0.6,0.0
3yVSlc3y7YWZPAreTHjH9v,Masaharu Fukuyama,残響,明日の☆SHOW,34,290480,0,0.644,0.603,10,-5.83,1,0.0263,0.306,0.0,0.262,0.516,113.413,4,acoustic,0,0.3903561443341526,0.7973123642978698,0.5595,0.6105561695440075,0.3,0.6,0.5,0.1,0.0,0.4,0.5,0.2
5LHruF9uFyPxGpimaknrU8,Boyce Avenue,"Cover Sessions, Vol. 4",Love Me Like You Do,55,198218,0,0.45,0.254,4,-9.873,1,0.0414,0.827,0.0,0.204,0.248,92.644,4,acoustic,0,0.2929277766310772,0.7182285859593529,0.251,0.4870521208634766,0.7,0.3,0.1,0.4,0.1,0.6,0.5,0.0
3SxMBVdL2gxhX5V5dXF9jy,Canyon City,Bluebird,Lost Sparks,51,225400,0,0.548,0.3,4,-12.71,1,0.0298,0.757,9.28e-06,0.0851,0.264,135.902,4,acoustic,0,0.4958531139173999,0.6627349725172622,0.282,0.5688626954782207,0.6,0.2,0.5,0.3,0.1,0.2,0.4,0.1
6XCPQygbj33s7OUxlbo6bX,Tristan Prettyman,Back to Home,Who We Are,48,259877,0,0.521,0.507,7,-7.007,1,0.0319,0.0162,4.43e-05,0.148,0.153,108.168,4,acoustic,0,0.3657515996472332,0.7742894587563327,0.33,0.5536803528011887,0.6,0.2,0.3,0.4,0.1,0.3,0.7,0.1
0IZJR2XrPdWqHdnpaPixw9,Masaharu Fukuyama,SING A SONG,Heart (Original Version),34,288426,0,0.587,0.842,4,-6.04,1,0.0268,0.278,0.0,0.163,0.693,97.013,4,acoustic,0,0.3134229636162347,0.7932046241417757,0.7675,0.5645425292526701,0.2,0.7,0.6,0.1,0.0,0.4,0.3,0.2
3VIbZxc3oo1eAlb7tcRsG1,JJ Heller,It'll Be Alright,It'll Be Alright,51,219363,0,0.543,0.324,0,-11.258,1,0.0316,0.452,2.81e-05,0.412,0.181,139.883,4,acoustic,0,0.5145281744319141,0.6911370615965415,0.2525,0.5828884120094853,0.6,0.2,0.3,0.3,0.1,0.2,0.5,0.1
3SBzDgdTwHOMSik82ZI6L2,Ingrid Michaelson,Everybody,Everybody,54,208426,0,0.742,0.636,11,-6.744,1,0.0331,0.446,0.0,0.0817,0.48,95.002,4,acoustic,0,0.3039892668830802,0.7794339142851554,0.558,0.6084743937227451,0.3,0.6,0.4,0.1,0.0,0.3,0.5,0.1
2hSag78vkaBXqpaDF3serw,Mark Oblea,Kabilugan Ng Buwan,Kabilugan Ng Buwan,32,283480,0,0.707,0.402,4,-9.773,1,0.0251,0.677,0.0,0.104,0.313,94.99,4,acoustic,0,0.3039329743118232,0.72018465270035,0.3575,0.5770392090040577,0.6,0.3,0.2,0.3,0.1,0.4,0.7,0.1
3wpZTp7HM8Dv25oExNgCC6,Ingrid Michaelson,Be OK,Keep Breathing,54,205586,0,0.52,0.308,7,-11.996,1,0.0331,0.776,0.00285,0.115,0.187,125.93,3,acoustic,0,0.4490739872028221,0.6767012890479822,0.2475,0.5485917587502681,0.6,0.2,0.3,0.4,0.1,0.3,0.5,0.1
63wsZUhUZLlh1OsyrZq7sz,Boyce Avenue;Kina Grannis,"Cover Sessions, Vol. 2",Fast Car,61,304293,0,0.392,0.251,10,-9.845,1,0.0363,0.807,0.0,0.0797,0.508,204.961,4,acoustic,0,0.8198121704539058,0.7187762846468321,0.3795,0.6435294850335792,0.7,0.4,0.1,0.3,0.0,0.5,0.6,0.0
2FSkBDGsqZIxcsnKNgtMLx,Boyce Avenue,"Cover Sessions, Vol. 2",Just the Way You Are,55,239573,0,0.531,0.296,1,-7.594,1,0.0304,0.84,0.0,0.124,0.212,106.359,4,acoustic,0,0.3572654945302384,0.7628073469866791,0.254,0.5503576138389725,0.7,0.3,0.1,0.2,0.0,0.4,0.6,0.0
3e5UDAmMzMUM95PqjVHC4L,Andrew Belle,The Ladder,The Ladder,55,227128,0,0.681,0.608,8,-8.369,1,0.0339,0.62,0.000425,0.136,0.315,123.991,4,acoustic,0,0.4399780458972097,0.7476478297439508,0.4615,0.6228752918803868,0.3,0.4,0.5,0.2,0.1,0.3,0.6,0.2
2jcDDdBy1foaBC8X9owMrZ,Masaharu Fukuyama,HELLO,HELLO (Original Version),34,243066,0,0.569,0.861,1,-4.547,0,0.0406,0.0425,0.0,0.204,0.511,77.983,4,acoustic,0,0.2241523276978214,0.8224087005848639,0.6859999999999999,0.5385203427608951,0.2,0.6,0.7,0.1,0.0,0.3,0.4,0.5
7KC4B2R255iYIPVG8S7Eey,Hanare Gumi,だれそかれそ,接吻,33,369200,0,0.707,0.296,7,-11.633,1,0.078,0.283,0.0,0.0601,0.65,88.006,4,acoustic,0,0.2711706978402416,0.683801811317802,0.473,0.5539908363860145,0.6,0.5,0.2,0.1,0.1,0.4,0.5,0.1
7DUnyslSCb05yeSmGGTJ81,Brett Dennen;Benedict Cumberbatch,August: Osage County (Original Motion Picture Soundtrack),Can't Keep It Inside,45,77093,0,0.519,0.0646,2,-18.898,1,0.0433,0.982,3.84e-06,0.105,0.395,121.696,4,acoustic,0,0.4292120916443059,0.5416935625843553,0.2298,0.4966352180762204,0.8,0.3,0.1,0.2,0.0,0.3,0.7,0.0
2lXGLbSXrSACMa2oelt4TE,Hanare Gumi,音タイム,明日天気になれ,33,244840,0,0.608,0.705,3,-5.178,1,0.0253,0.078,8.36e-05,0.179,0.621,111.204,4,acoustic,0,0.3799936201752574,0.8100659194491716,0.663,0.5993531798748096,0.3,0.6,0.5,0.1,0.0,0.4,0.4,0.2
6uZroCk7E7L7RhY7NAvC3Y,Masaharu Fukuyama,IT'S ONLY LOVE,IT'S ONLY LOVE,34,275266,0,0.585,0.734,9,-5.365,1,0.032,0.0334,0.0,0.0934,0.413,117.84,4,acoustic,0,0.4111234120803857,0.8064080746435067,0.5735,0.6008438289079642,0.3,0.5,0.6,0.1,0.0,0.4,0.4,0.2
6ITdND5IQ7lHzjkyJZSt53,Masaharu Fukuyama,虹/ひまわり/それがすべてさ,それがすべてさ,34,330720,0,0.527,0.89,7,-5.651,1,0.0665,0.00433,0.0,0.118,0.425,102.644,4,acoustic,0,0.3398382526785881,0.8008137237642547,0.6575,0.5558839921476143,0.2,0.4,0.7,0.1,0.0,0.3,0.3,0.5
71vcffc4Yfz0pt9AbaL386,A Great Big World,Is There Anybody Out There? - Track by Track Commentary,I Don't Wanna Love Somebody Else,49,163960,0,0.495,0.22,5,-11.16,1,0.0355,0.847,1.4e-06,0.0957,0.345,126.618,4,acoustic,0,0.4523014279548908,0.6930540070027188,0.2825,0.5467851449858698,0.6,0.3,0.2,0.4,0.1,0.3,0.5,0.1
7wbSp6u3cGj5GTN0lNxZ4X,RENT STRIKE,Burn It All!,Burn It All!,33,193874,0,0.628,0.424,6,-8.539,1,0.0416,0.395,4.28e-06,0.106,0.157,99.696,1,acoustic,0,0.3260090443397819,0.7443225162842555,0.2905,0.5661105202080124,0.4,0.1,0.3,0.6,0.2,0.1,0.5,0.1
0HL3y3bsKSARBSP0qaImwb,Brandi Carlile,Onward (Original Motion Picture Soundtrack),Carried Me With You,62,213732,0,0.639,0.666,0,-7.775,1,0.0636,0.271,0.0,0.111,0.372,98.384,4,acoustic,0,0.3198543898823485,0.7592668661854742,0.519,0.572707085355941,0.4,0.3,0.3,0.3,0.1,0.2,0.5,0.1
1yZWcHtL0KMhKadWXG26SG,Mischief Brew,This Is Not for Children,"O, Pennsyltucky!",33,227053,0,0.245,0.624,2,-5.606,1,0.0368,0.11,0.0,0.363,0.462,162.586,3,acoustic,0,0.6210290282025782,0.8016939537977035,0.543,0.5559076606667606,0.1,0.4,0.8,0.2,0.1,0.1,0.2,0.6
4N1PJshrO7sHB468RoZQjL,Frank Turner,No Man's Land,"I Believed You, William Blake",31,215440,0,0.387,0.526,9,-7.611,0,0.0301,0.244,0.000386,0.105,0.334,130.719,4,acoustic,0,0.471539414181975,0.7624748156407096,0.43,0.5403380766075615,0.3,0.2,0.6,0.1,0.0,0.1,0.4,0.2
3NrUMv6TqphWgk2PdDdg4H,Get Dead,Dancing with the Curse,Pepperspray,32,136543,0,0.539,0.675,2,-6.987,1,0.0709,0.188,0.0,0.198,0.719,142.041,4,acoustic,0,0.5246514551629669,0.7746806721045322,0.6970000000000001,0.612777375755833,0.2,0.6,0.7,0.1,0.1,0.3,0.3,0.5
42mkE3wbofBNickLHgdVlo,Get Dead,Dancing with the Curse,Stickup,32,223707,1,0.487,0.837,0,-5.865,1,0.0623,0.0133,0.0,0.102,0.207,160.025,4,acoustic,0,0.6090152552868107,0.7966277409385207,0.522,0.6308809987417772,0.1,0.2,0.7,0.1,0.2,0.1,0.3,0.6
3Re0unscFRNOkwwEGtxhCO,Grace George,Heaven (Acoustic),Heaven - Acoustic,54,188181,0,0.529,0.24,0,-9.066,1,0.037,0.938,0.0,0.0659,0.487,131.266,4,acoustic,0,0.4741054172217738,0.7340140445592003,0.3635,0.5790398205936581,0.6,0.4,0.3,0.1,0.0,0.3,0.5,0.1
4H7MpMZ4p3Cc06B11bcgL7,Jack Savoretti,Days Gone (Original Soundtrack),Soldier's Eyes,50,171760,0,0.666,0.289,7,-12.404,1,0.0317,0.641,8.2e-06,0.109,0.415,109.965,4,acoustic,0,0.3741814121929709,0.6687205367447137,0.352,0.5696339829792282,0.7,0.3,0.2,0.4,0.1,0.3,0.6,0.1
7AKxbxzkxm2ERWrd1ggniO,Ichiko Aoba,Asleep Among Endives,Asleep Among Endives,58,306243,0,0.451,0.0318,0,-19.933,0,0.0421,0.983,0.0532,0.0989,0.148,123.985,4,acoustic,0,0.4399498996115812,0.5214482718150343,0.0899,0.4707993904755385,0.9,0.1,0.0,0.3,0.1,0.2,0.7,0.0
6JAXWoK53LV3hYARf4TzzP,Thomas Daniel,Symphony,Symphony - Acoustic,49,192389,0,0.359,0.208,7,-10.567,1,0.036,0.943,0.0,0.0931,0.105,83.155,3,acoustic,0,0.2484144259095941,0.7046534827768323,0.1565,0.4373559695621421,0.8,0.1,0.1,0.3,0.1,0.2,0.7,0.0
7zCuUs0JXXPIH7GA8tWwii,Boyce Avenue;Fifth Harmony,"Cover Sessions, Vol. 3",When I Was Your Man,52,218472,0,0.403,0.237,7,-10.001,1,0.0391,0.906,0.0,0.111,0.163,144.174,4,acoustic,0,0.534657459703901,0.7157248205308765,0.2,0.5511274267449259,0.6,0.2,0.1,0.4,0.1,0.3,0.5,0.0
5LuSu8fS8PGCH88EDPLYcy,Amber Leigh Irish,Save Your Tears (Acoustic),Save Your Tears - Acoustic,49,177818,0,0.693,0.111,0,-12.356,1,0.0379,0.937,1.47e-06,0.0858,0.247,110.813,4,acoustic,0,0.3781594205617998,0.6696594487803923,0.179,0.5802729564473973,0.7,0.2,0.1,0.3,0.0,0.4,0.6,0.0
4nmjL1mUKOAfAbo9QG9tSE,Gen Hoshino,POP VIRUS,Koi,53,251266,0,0.598,0.819,9,-2.619,1,0.0911,0.00081,0.0,0.218,0.878,158.115,4,acoustic,0,0.6000553543617361,0.8601216673512899,0.8485,0.6860590072376752,0.1,0.8,0.7,0.1,0.0,0.3,0.2,0.6
4A6GiKusHlmrtqCyKAyPg2,Richard Walters,A.M.,July Bones,54,239400,0,0.596,0.27,2,-11.486,1,0.0265,0.785,0.134,0.0647,0.155,100.006,4,acoustic,0,0.3274632690972547,0.6866772294270681,0.2125,0.5367134995081076,0.7,0.1,0.1,0.3,0.1,0.2,0.6,0.0
6y4PDihMDJdFRjhunzpJ6s,Kaiak;Viktoria Tolstoy,Autumn Breeze,Autumn Breeze,50,241413,0,0.589,0.334,7,-10.08,1,0.029,0.832,0.0,0.133,0.208,80.036,4,acoustic,0,0.2337830484303754,0.7141795278054888,0.271,0.5123208587452881,0.7,0.2,0.1,0.3,0.1,0.4,0.6,0.0
45SbQo5bq8f0hNdB70IyFC,Boyce Avenue,Save Your Tears,Save Your Tears,57,216800,0,0.735,0.275,8,-8.994,0,0.0304,0.746,0.0,0.131,0.294,116.004,4,acoustic,0,0.4025106486780627,0.7354224126127183,0.2845,0.6243110204302603,0.6,0.3,0.2,0.4,0.1,0.3,0.5,0.1
4l2fpkIEUWv7G9DNp9M2nr,Bailey Rushlow,You're Still The One (Acoustic),You're Still The One - Acoustic,53,161306,0,0.605,0.168,2,-11.388,1,0.0496,0.887,0.0,0.12,0.398,119.836,4,acoustic,0,0.4204867430994689,0.6885941748332453,0.283,0.5713603059775715,0.7,0.3,0.1,0.2,0.0,0.4,0.6,0.0
1wflx5YklLYToaIbXkrZSq,Kina Grannis,Somebody Loved,Somebody Loved,57,153105,0,0.612,0.107,0,-15.867,1,0.0302,0.936,0.0,0.109,0.637,78.393,4,acoustic,0,0.2260756572157694,0.6009819455039805,0.372,0.47968586757325,0.8,0.6,0.1,0.2,0.0,0.5,0.7,0.0
0RRZxVYjfY3jWT4XiYAW7k,Boyce Avenue,"Cover Sessions, Vol. 4",Rise,49,202167,0,0.568,0.177,2,-11.277,1,0.0374,0.93,0.0,0.0905,0.354,103.822,4,acoustic,0,0.3453643067569849,0.6907654089157521,0.2654999999999999,0.5347099052242457,0.7,0.3,0.1,0.2,0.0,0.3,0.6,0.0
6f9qzNP6elRi8i2NgqGoE5,John Adams,Bohemian Rhapsody (Acoustic),Bohemian Rhapsody - Acoustic,52,173426,0,0.451,0.0665,0,-13.862,0,0.0516,0.967,1.06e-06,0.109,0.349,64.289,4,acoustic,0,0.1599131217983599,0.6402010836609744,0.20775,0.4170380684864447,0.8,0.2,0.0,0.3,0.1,0.2,0.7,0.0
39dhIbeOy13KQlVlLM0m8G,Amber Leigh Irish,As It Was (Acoustic),As It Was - Acoustic,51,144644,0,0.595,0.0477,11,-14.672,1,0.0662,0.923,0.0,0.0909,0.513,118.162,3,acoustic,0,0.4126339294091156,0.6243569430588971,0.28035,0.5439969574893376,0.8,0.4,0.1,0.1,0.0,0.3,0.7,0.0
3m0jiOJfxIqGGsRKMOA2uQ,Canyon City,Wish List,Wish List,46,212760,0,0.307,0.11,1,-15.253,1,0.0388,0.733,6.04e-06,0.111,0.32,201.008,3,acoustic,0,0.8012684592723247,0.6129921952937034,0.215,0.5737535515220094,0.7,0.2,0.1,0.3,0.0,0.2,0.6,0.0
6IiFTtc2ipIXW5HzwFzOjh,Chord Overstreet,Beautiful Disaster,Beautiful Disaster,41,241758,0,0.3,0.27,8,-14.397,0,0.0371,0.9,4.47e-05,0.1,0.214,144.589,4,acoustic,0,0.5366042444598726,0.6297361265966395,0.242,0.488780123685504,0.6,0.2,0.1,0.3,0.1,0.2,0.5,0.0
2JI53ZVCxMucM68UpCtZ5C,Wayne Mack,Fake a smile,Fake a smile,57,169600,0,0.731,0.191,0,-11.359,1,0.122,0.735,0.671,0.131,0.274,149.91,4,acoustic,0,0.5615653087647533,0.6891614341881345,0.2325,0.6605755809842959,0.6,0.2,0.1,0.3,0.1,0.2,0.5,0.0
5NqGfELjcdvRIUuhgZJ34W,Aimyon,Momentary Sixth Sense,Marigold,50,306626,0,0.545,0.745,2,-3.098,1,0.0286,0.0452,0.0,0.0907,0.413,106.094,4,acoustic,0,0.3560223669149793,0.8507521076619133,0.579,0.5839248248589642,0.3,0.5,0.4,0.2,0.1,0.3,0.6,0.2
0Bv0qHGKNiwzDtHzXrjmIn,Sungha Jung,Irony,River Flows In You,42,214466,0,0.356,0.23,6,-16.957,0,0.0519,0.923,0.801,0.112,0.11,129.532,4,acoustic,0,0.4659711406751355,0.579660818027111,0.17,0.4672106529007488,0.7,0.1,0.2,0.3,0.0,0.2,0.6,0.0
7z2DKGAsPPdxOwTzMaVYD4,Tamio Okuda,Bullet Train (Original Motion Picture Soundtrack),Kill Me Pretty,47,160466,0,0.432,0.796,7,-7.262,1,0.0606,0.000153,0.00209,0.266,0.271,141.868,4,acoustic,0,0.5238399039273449,0.7693014885667898,0.5335000000000001,0.5750471308313783,0.1,0.3,0.7,0.2,0.1,0.2,0.4,0.5
2XW4AAjfBQTzp7Oe1tU702,Us The Duo,No Matter Where You Are,No Matter Where You Are,55,178826,0,0.693,0.664,4,-5.852,1,0.0336,0.0309,0.0,0.223,0.436,132.059,4,acoustic,0,0.4778254179723415,0.7968820296148504,0.55,0.6559024825290639,0.2,0.6,0.5,0.1,0.0,0.4,0.3,0.2
7Afr3PKTtlFGHGiXYgnv6P,Ben Rector,The Walking in Between,I Like You,56,138506,0,0.624,0.334,3,-11.89,1,0.0391,0.321,3.27e-06,0.113,0.397,157.92,4,acoustic,0,0.5991406000788094,0.6787747197934393,0.3655,0.6339717732907496,0.2,0.6,0.5,0.1,0.0,0.2,0.3,0.4
5CijCh8uOTWZO9DQpYwAXw,Parachute,Losing Sleep,The Mess I Made,49,230613,0,0.423,0.572,6,-5.109,1,0.0347,0.0158,0.0,0.231,0.17,165.394,4,acoustic,0,0.6342014898767193,0.8114156055004595,0.371,0.6228723651257263,0.2,0.1,0.7,0.3,0.1,0.1,0.3,0.5
6xAjAocTRpKamQlCy50RRQ,Zee Avi,Zee Avi's Nightlight,Dream a Little Dream of Me,50,111842,0,0.555,0.0879,0,-12.141,1,0.0477,0.968,0.0,0.096,0.428,84.174,4,acoustic,0,0.2531946034188355,0.6738649922735364,0.25795,0.4940198652307906,0.8,0.4,0.1,0.2,0.0,0.5,0.7,0.0
0voYwjeuMfvXlF76oesZKu,Joshua Radin,"Here, Right Now","Here, Right Now",56,183213,0,0.496,0.391,10,-9.844,1,0.0311,0.826,0.0126,0.108,0.492,108.868,4,acoustic,0,0.3690353329705589,0.718795845314242,0.4415,0.5279437260949337,0.7,0.4,0.2,0.3,0.1,0.5,0.6,0.1
6xMm545wcSYbhNFB2Jr2EP,Boyce Avenue,Wonderful Tonight,Wonderful Tonight,52,220507,0,0.671,0.299,7,-10.582,1,0.0284,0.753,1.71e-06,0.0975,0.286,95.008,4,acoustic,0,0.3040174131687088,0.7043600727656827,0.2925,0.5597924953114638,0.7,0.3,0.1,0.2,0.0,0.6,0.5,0.0
7pq5vONxrAy8T773nhkiW3,Gabrielle Aplin,English Rain,Salvation,50,248506,0,0.379,0.267,4,-8.981,1,0.0293,0.605,0.00322,0.152,0.229,135.198,4,acoustic,0,0.4925506164036552,0.7356767012890479,0.248,0.535742439230901,0.6,0.2,0.3,0.4,0.1,0.3,0.5,0.1
2dS2710jYUM8gE2V1KC3uG,Jon Bryant,Twenty Something,Wilderness,53,269986,0,0.499,0.209,3,-16.668,1,0.0305,0.882,0.00491,0.088,0.138,82.892,4,acoustic,0,0.2471806803895445,0.585313850908593,0.1735,0.4438315104327126,0.8,0.1,0.1,0.3,0.1,0.2,0.7,0.0
2jcdviEbZPIpwM10JBQNYc,Masaharu Fukuyama,Calling,恋人 (Original Version),33,272773,0,0.649,0.336,7,-12.053,1,0.0299,0.27,0.0,0.137,0.47,71.967,4,acoustic,0,0.1959309853076388,0.6755863310056138,0.403,0.5068391054377509,0.6,0.4,0.2,0.1,0.1,0.7,0.5,0.1
6wVxhM5GJiZCro0xPWox6g,Bailey Pelkman;Randy Rektor,Acoustic Duets,I Just Called To Say I Love You,54,189646,0,0.746,0.257,0,-9.878,1,0.0312,0.772,0.0,0.107,0.348,132.032,4,acoustic,0,0.4776987596870133,0.718130782622303,0.3025,0.6472765141031055,0.6,0.4,0.3,0.2,0.1,0.5,0.4,0.2
7oyFihJppZYPP7o0NfoHnZ,A Great Big World;Christina Aguilera,Particles,Fall on Me,50,262820,0,0.393,0.268,9,-6.741,1,0.0385,0.697,0.0,0.11,0.225,110.456,4,acoustic,0,0.3764847165669037,0.7794925962873853,0.2465,0.5163257709514296,0.7,0.2,0.1,0.4,0.1,0.3,0.6,0.0
2a0WwSvmFdXPTdDMilPA1y,John Frusciante,Shadows Collide With People,Song To Sing When I'm Lonely,54,195213,0,0.629,0.673,6,-4.379,1,0.0262,0.294,0.0109,0.139,0.419,114.243,4,acoustic,0,0.394249713846096,0.8256948927097393,0.546,0.6163148688519451,0.4,0.3,0.5,0.2,0.1,0.3,0.6,0.2
0vxlqUrmgsiyAWOHaAfnSK,Ron Pope,Daylight,A Drop In the Ocean,55,228311,0,0.458,0.363,5,-6.473,1,0.032,0.892,3.79e-06,0.155,0.492,134.252,3,acoustic,0,0.4881128853695607,0.7847348551532578,0.4275,0.5769492468409395,0.6,0.4,0.3,0.3,0.1,0.4,0.5,0.1
78ylzQxu8Ht3gbFq5hI9Vo,Tres Hermanas,Have Yourself a Merry Little Christmas,Have Yourself a Merry Little Christmas,32,155792,0,0.452,0.268,8,-9.405,1,0.0311,0.961,2.85e-05,0.119,0.265,66.805,4,acoustic,0,0.1717157975719137,0.7273829783072198,0.2665,0.4503662586263778,0.8,0.3,0.1,0.4,0.1,0.5,0.6,0.0
1BZnc6VaggPnrQyjem5Dpf,Masaharu Fukuyama,Message/今 このひとときが 遠い夢のように,Message (Original Version),33,256506,0,0.616,0.791,9,-6.246,1,0.0293,0.0599,3.97e-06,0.318,0.589,126.764,4,acoustic,0,0.4529863209051845,0.7891751266553214,0.69,0.6193871491868354,0.2,0.6,0.7,0.1,0.1,0.4,0.3,0.5
2K3jLUSLeHrPMA3nKvP1jT,Matt Johnson,"Acoustic Hits, Vol. 3",Beautiful In White,50,240000,0,0.619,0.278,4,-7.072,1,0.0267,0.836,0.0,0.121,0.233,129.948,4,acoustic,0,0.467922616478712,0.7730180153746845,0.2555,0.6199802106177988,0.6,0.3,0.2,0.2,0.1,0.4,0.5,0.1
674WNL7f5Xo8XxtipzB3ao,The Mayries,#Acoustic #2,Heaven Is a Place on Earth,56,193333,0,0.634,0.176,0,-14.703,1,0.0307,0.931,1.6e-06,0.136,0.335,107.974,4,acoustic,0,0.3648415364119114,0.623750562369188,0.2555,0.5408640329270331,0.7,0.3,0.1,0.2,0.0,0.2,0.6,0.0
73Nw51XTNstlk3Wu1K26cB,Stephen Speaks,No More Doubt,Passenger Seat (Acoustic),63,273066,0,0.549,0.437,7,-8.64,1,0.0313,0.682,1.59e-05,0.224,0.688,153.604,4,acoustic,0,0.5788940386167039,0.7423468888758484,0.5625,0.6234136424975175,0.3,0.6,0.7,0.1,0.0,0.2,0.4,0.5
5OWl1kO0gRlPxmp1wFyIWZ,Eddie Vedder,Into The Wild (Music For The Motion Picture),Guaranteed - Humming Version,48,162309,0,0.292,0.339,7,-13.153,1,0.032,0.923,0.879,0.111,0.343,100.69,4,acoustic,0,0.3306719456589045,0.6540695968546447,0.341,0.425580514171183,0.7,0.2,0.1,0.3,0.1,0.4,0.6,0.0
5QjuTblPokfD03fkfHUuVK,Dave Van Ronk,Folksinger,"Hang Me, Oh Hang Me",54,190106,0,0.504,0.0273,2,-21.441,1,0.0415,0.931,1.1e-05,0.109,0.395,120.24,4,acoustic,0,0.4223819263317883,0.4919507853607965,0.21115,0.4727775705641949,0.8,0.2,0.1,0.6,0.1,0.3,0.5,0.0
2oLaalXlOgiJ70CaI992BA,John Frusciante;Josh Klinghoffer,A Sphere in the Heart of Silence,The Afterglow,31,319320,0,0.636,0.869,6,-5.095,0,0.0284,0.129,0.0554,0.272,0.369,124.183,4,acoustic,0,0.4408787270373219,0.8116894548441993,0.619,0.6295227272938404,0.2,0.4,0.7,0.1,0.0,0.3,0.5,0.2
0rQ146AWbwiDC1DheKXJxm,Frank Turner,West Coast vs. Wessex,Eat the Meek,31,237093,0,0.486,0.913,5,-6.416,1,0.0616,2.45e-05,0.289,0.225,0.334,136.073,4,acoustic,0,0.4966552830578124,0.7858498131956261,0.6235,0.5895016987511461,0.1,0.4,0.8,0.1,0.1,0.1,0.2,0.6
5ZUObJNpVt2l9GogUSfALc,Joy Williams,Front Porch,The Trouble with Wanting,60,235586,0,0.396,0.198,2,-9.096,1,0.031,0.912,0.0,0.0972,0.19,138.624,3,acoustic,0,0.5086221454975324,0.7334272245369012,0.194,0.5460164566781446,0.6,0.2,0.3,0.3,0.1,0.2,0.4,0.1
1jyddn36UN4tVsJGtaJfem,Ray LaMontagne,Gossip In The Grain,You Are the Best Thing,67,231840,0,0.578,0.727,10,-4.872,1,0.0332,0.0304,1.99e-05,0.172,0.885,170.593,4,acoustic,0,0.6585902463738201,0.816051483676623,0.806,0.6842139100168144,0.1,0.7,0.6,0.1,0.0,0.5,0.2,0.3
73JI06Eznb1N22KHpo3HL7,Mischief Brew,Bacchanal 'N' Philadelphia,Boycott Me!,33,163666,0,0.684,0.509,4,-7.608,1,0.0334,0.571,0.0,0.402,0.69,132.297,4,acoustic,0,0.4789418873022723,0.7625334976429395,0.5994999999999999,0.6418251283150705,0.2,0.6,0.5,0.1,0.1,0.3,0.4,0.3
0YG5wOXVpvNUyPihvr1zsa,Days N Daze;Freddie Boatright,Crustfall,To Risk to Live,32,122026,1,0.623,0.567,10,-7.779,1,0.037,0.831,6.44e-06,0.104,0.929,129.949,4,acoustic,0,0.4679273075263168,0.7591886235158343,0.748,0.6167053103473837,0.2,0.8,0.6,0.1,0.0,0.3,0.3,0.4
0wKt65XM5Wit3QH7lZtESU,The Bridge City Sinners,Unholy Hymns,"The Legend of Olog-hai, Pt. 1",31,165799,0,0.228,0.574,4,-7.959,0,0.0421,0.517,0.00148,0.128,0.389,182.379,4,acoustic,0,0.7138789334434165,0.7556677033820395,0.4815,0.5658488789418187,0.1,0.2,0.7,0.3,0.6,0.1,0.2,0.5
6339iq4yAm87arKgnNc922,Zee Avi,Acoustic Christmas Campfire,No Christmas For Me,0,160666,0,0.809,0.313,9,-12.182,1,0.0428,0.876,0.0,0.112,0.35,114.955,4,acoustic,0,0.3975897397406788,0.6730630049097275,0.3315,0.6265509148834688,0.6,0.4,0.2,0.3,0.1,0.3,0.7,0.1
7c0YUDcJreOv1OoBGf1KdH,Highland Peak,Graveyard,Graveyard - Acoustic,45,254296,0,0.425,0.249,4,-12.219,0,0.0355,0.87,0.00175,0.124,0.235,123.632,4,acoustic,0,0.438293959807104,0.6723392602155585,0.242,0.5118777400075541,0.7,0.2,0.1,0.3,0.1,0.3,0.6,0.0
3V0NxWbbUTa3BUAnchm11i,Ichiko Aoba,amuletum bouquet,bouquet,56,256361,0,0.298,0.044,5,-20.176,1,0.035,0.983,0.124,0.101,0.115,85.708,4,acoustic,0,0.2603906704445236,0.5166950296344112,0.0795,0.3583619000263116,0.9,0.1,0.0,0.3,0.1,0.2,0.7,0.0
3c8k1iPo45JM4fKvIfumwh,Aoi Teshima,Highlights from Aoi Works II,こころをこめて,45,297266,0,0.468,0.254,6,-11.839,1,0.0303,0.938,0.000442,0.107,0.242,135.862,4,acoustic,0,0.4956654720132099,0.679772313831348,0.248,0.5478125952815193,0.7,0.2,0.3,0.3,0.1,0.4,0.6,0.1
5oDDFjWMz0KiMmRzWSFfQ6,AcousticTrench,Paradise,Paradise,42,170125,0,0.507,0.191,5,-16.342,1,0.0408,0.99,0.933,0.108,0.221,132.131,4,acoustic,0,0.4781631733998835,0.5916906284842439,0.206,0.5256179339613758,0.7,0.2,0.1,0.3,0.1,0.3,0.6,0.0
5TIXBnwtMYwgC9yc1QjFp7,Parachute,Parachute,Better,46,273026,0,0.515,0.249,8,-10.108,0,0.044,0.793,0.0,0.102,0.213,108.89,5,acoustic,0,0.3691385360178634,0.7136318291180095,0.2309999999999999,0.5325901217119576,0.7,0.3,0.1,0.2,0.0,0.3,0.6,0.0
4GiLKZ6Fd3d5UMJMGuzAA0,Matt Nathanson,American Wedding,Laid,50,182826,0,0.565,0.89,0,-5.481,1,0.0285,0.00537,6.61e-05,0.213,0.744,119.862,4,acoustic,0,0.4206087103371924,0.80413903722395,0.817,0.5965825825203809,0.2,0.7,0.6,0.1,0.0,0.4,0.3,0.2
6cYx8rBh13laBDAzvD7VrH,Lee DeWyze,Oil & Water,Same For You,45,217373,0,0.635,0.433,11,-7.682,0,0.029,0.86,0.43,0.0877,0.489,130.111,4,acoustic,0,0.4686872572382863,0.7610860082546016,0.4609999999999999,0.6215910884976293,0.4,0.5,0.3,0.2,0.1,0.3,0.6,0.1
1jUyxF7NmNXGlZQDVw40O8,Clementine Duo,2U (Acoustic Version),2U - Acoustic Version,56,208102,0,0.657,0.192,10,-13.108,0,0.0365,0.894,0.0,0.157,0.305,130.087,4,acoustic,0,0.4685746720957723,0.6549498268880934,0.2485,0.5935081663279552,0.7,0.3,0.2,0.1,0.0,0.4,0.6,0.1
4G8wt3fUBpgBjI35TBF2eQ,Rachael Yamagata,Elephants...Teeth Sinking Into Heart (Standard Version),Duet,43,241120,0,0.459,0.14,9,-15.482,1,0.0367,0.895,0.00565,0.138,0.146,128.904,4,acoustic,0,0.4630251627793518,0.6085128024568198,0.143,0.5101793217453906,0.7,0.1,0.1,0.4,0.1,0.3,0.5,0.0
4eSOx2FzrVXpKmtssY59LB,Brandon Chase,I'll Say I Do,I'll Say I Do,39,235000,0,0.391,0.31,7,-8.706,1,0.0268,0.614,3.6e-06,0.1,0.295,83.46,4,acoustic,0,0.2498451954290431,0.7410558848267903,0.3025,0.4606336934186112,0.7,0.2,0.1,0.4,0.1,0.3,0.6,0.0
0YhsOegsemgmT7ZHdWheUy,Bailey Jehl,Anyone,Anyone,53,172766,0,0.371,0.208,11,-13.167,1,0.0462,0.912,0.0,0.105,0.309,199.805,4,acoustic,0,0.7956251290038091,0.653795747510905,0.2585,0.606806958838238,0.7,0.2,0.1,0.1,0.0,0.2,0.6,0.0
1WSF2SjtfkV8LjTlF8uCZH,Gabrielle Aplin,English Rain,Start of Time,45,239855,0,0.453,0.461,0,-9.328,0,0.0329,0.165,0.0,0.109,0.0844,106.84,5,acoustic,0,0.3595218884281237,0.7288891496977877,0.2727,0.5138036793753038,0.7,0.1,0.2,0.4,0.1,0.2,0.6,0.0
6pTZ8Oy1xGKGCE4saVScoy,Zack Tabudlo,In The Mood For Love,Give Me Your Forever,32,244800,0,0.627,0.363,8,-8.127,1,0.0291,0.279,0.0,0.0928,0.301,99.905,4,acoustic,0,0.3269894732891749,0.752381511257164,0.3319999999999999,0.568790328182113,0.6,0.4,0.2,0.3,0.1,0.5,0.7,0.1
4efRaNW2VgDf3pjbm8y4tr,Bailey Jehl,Heat Waves,Heat Waves,53,141286,0,0.706,0.248,11,-12.724,1,0.0386,0.879,0.0,0.101,0.401,125.515,4,acoustic,0,0.4471272024468504,0.6624611231735227,0.3245,0.6051961085401244,0.6,0.4,0.2,0.1,0.0,0.3,0.5,0.1
4khjcb6Mpegp1N596VVyf6,Clementine Duo,There She Goes,There She Goes,54,145514,0,0.724,0.28,9,-12.788,1,0.0303,0.755,0.0,0.326,0.527,106.966,4,acoustic,0,0.3601129604263223,0.6612092404592843,0.4035,0.5817740669618688,0.6,0.5,0.2,0.1,0.0,0.4,0.7,0.1
1WiVvolTPvAsVOd64HZi4X,Joshua Hyslop,Wells,Wells,51,223386,0,0.535,0.444,6,-11.212,1,0.0291,0.669,0.0278,0.104,0.217,83.99,4,acoustic,0,0.2523314506595612,0.6920368522974004,0.3305,0.4931227676523206,0.7,0.1,0.2,0.3,0.1,0.2,0.6,0.0
1YnLthg0HOs8YTzgN5hVh2,Kina Grannis;Imaginary Future,God Only Knows,God Only Knows,55,136542,0,0.658,0.125,8,-15.901,1,0.0323,0.877,0.0,0.287,0.507,106.686,4,acoustic,0,0.358799467096992,0.6003168828120415,0.316,0.5390387833030111,0.7,0.4,0.1,0.2,0.0,0.5,0.6,0.0
0N7UyDRbyHe2L63ilYDcRK,Andrew Foy;Renee Foy,Afterglow,Afterglow,33,211358,0,0.711,0.168,0,-16.504,1,0.0367,0.868,1.99e-05,0.114,0.299,109.937,4,acoustic,0,0.3740500628600378,0.5885218003638284,0.2334999999999999,0.5578572877412887,0.7,0.2,0.1,0.3,0.1,0.4,0.6,0.0
5EndcDV7pcbLO4jE2GBZwC,Kurt Cobain,Montage Of Heck: The Home Recordings (Deluxe Soundtrack),Burn The Rain,55,76453,0,0.504,0.415,8,-19.308,0,0.121,0.879,0.494,0.35,0.626,114.263,4,acoustic,0,0.3943435347981911,0.5336736889462669,0.5205,0.477339074581486,0.6,0.5,0.3,0.2,0.1,0.4,0.7,0.1
0MjXRAftpVBuNGYsNV1obJ,Us The Duo,Just Love,Already Mine,46,273126,0,0.309,0.175,8,-11.816,1,0.0331,0.913,6.15e-05,0.118,0.198,155.69,3,acoustic,0,0.5886795639202146,0.6802222091817772,0.1865,0.525967257700664,0.7,0.2,0.3,0.1,0.0,0.3,0.6,0.1
2O16qeSdWeec3Kte6TKW9p,Hanare Gumi,オアシス,きみはぼくのともだち,30,268736,0,0.628,0.027,11,-13.64,0,0.0485,0.944,0.0006,0.0909,0.203,122.007,4,acoustic,0,0.4306710074493836,0.6445435518259882,0.115,0.567738186425124,0.8,0.3,0.1,0.2,0.0,0.4,0.6,0.0
1W5j84OLhShyEIJEwaLzaU,Gabrielle Aplin,Never Be the Same,Never Be the Same,46,205658,0,0.49,0.674,1,-7.276,1,0.0322,0.19,0.000143,0.0634,0.288,122.807,4,acoustic,0,0.4344238455331844,0.7690276392230502,0.481,0.5644838282520782,0.4,0.2,0.5,0.3,0.1,0.2,0.4,0.1
3KAQ4xe2sR6IiltZw8HSA5,Austin Basham,You and Me for Now,All Is Well,60,256680,0,0.316,0.413,11,-12.216,1,0.0334,0.856,0.00245,0.143,0.245,155.69,4,acoustic,0,0.5886795639202146,0.6723979422177884,0.3289999999999999,0.5256925020460009,0.6,0.2,0.3,0.3,0.1,0.2,0.5,0.1
60wxK3idlzc3lykP8cYZ2l,Gabrielle Aplin,Dear Happy,My Mistake,51,265386,0,0.47,0.271,6,-7.636,1,0.0342,0.799,0.0,0.119,0.0943,145.902,4,acoustic,0,0.5427635899649108,0.7619857989554603,0.18265,0.5915831296401236,0.7,0.1,0.2,0.3,0.1,0.2,0.6,0.0
2O7FC4XbIrJ6Ib8bsq0FYC,Us The Duo,Us,Near Or Far,47,219306,0,0.515,0.317,9,-10.286,1,0.0283,0.816,0.0,0.0973,0.512,79.91,4,acoustic,0,0.2331919764321768,0.7101500303190345,0.4145,0.4861140022504037,0.7,0.5,0.2,0.1,0.1,0.4,0.6,0.1
1CYBnHYYbOAsuDCGa0zrw0,Drew Holcomb & The Neighbors,Without a Light,Without a Light,60,142200,0,0.493,0.435,7,-12.334,1,0.0423,0.656,0.000327,0.118,0.485,87.952,4,acoustic,0,0.2709173812695851,0.6700897834634119,0.4599999999999999,0.4780023882443323,0.6,0.4,0.2,0.3,0.1,0.4,0.7,0.1
1ytsxlw6P6gsCc3RrYweyj,Parachute,Wide Awake,Lonely With Me,51,218813,0,0.589,0.809,7,-5.6,1,0.0283,0.0479,0.0,0.116,0.628,87.013,4,acoustic,0,0.2665124875687238,0.8018113178021633,0.7185,0.5524412684569624,0.2,0.6,0.5,0.1,0.0,0.3,0.4,0.1
37bc0lXXN8Udi7IPwL58Hn,Boyce Avenue;Megan Davies;Jaclyn Davies,"Cover Sessions, Vol. 4",Time After Time,60,222250,0,0.313,0.321,8,-8.713,1,0.0352,0.746,0.0,0.0948,0.243,53.845,4,acoustic,0,0.1109198206143395,0.7409189601549204,0.282,0.3882795935897533,0.7,0.2,0.1,0.3,0.1,0.4,0.6,0.0
5IGYPdHMSG4PLXDS9LDPJS,Eastmountainsouth,Eastmountainsouth,So Are You To Me,52,117760,0,0.302,0.0783,2,-14.968,1,0.0325,0.956,9.88e-05,0.12,0.231,140.485,5,acoustic,0,0.5173521850899743,0.6185669855055455,0.15465,0.4793063901985066,0.8,0.2,0.1,0.3,0.1,0.4,0.6,0.0
53iFMaNUXn6Oj8hUIKSO5a,Peter Bradley Adams,A Face Like Mine,My Arms Were Always Around You,54,200800,0,0.643,0.436,1,-12.245,1,0.0273,0.724,0.459,0.11,0.422,91.485,4,acoustic,0,0.2874908524571707,0.6718306828628993,0.429,0.5341071784400233,0.7,0.3,0.2,0.2,0.1,0.4,0.6,0.1
68KCwQ2PNKNT17sEx32DEG,The Civil Wars,Barton Hollow,Dance Me to the End of Love - Bonus,52,185053,0,0.482,0.178,2,-11.141,0,0.0292,0.843,2.46e-06,0.15,0.298,110.128,4,acoustic,0,0.3749460529525453,0.6934256596835084,0.238,0.5167905708786845,0.7,0.2,0.1,0.3,0.1,0.6,0.5,0.0
27wq82gy6a868oA5HNLRGv,Eddie Vedder,Into The Wild (Music For The Motion Picture),Photographs,51,60413,0,0.539,0.353,3,-10.191,1,0.0464,0.571,0.626,0.0877,0.321,54.571,4,acoustic,0,0.1143255211753888,0.7120082937229817,0.3369999999999999,0.4551112716327902,0.7,0.2,0.1,0.4,0.1,0.3,0.6,0.0
24M6MHeugm1sHHNzCP5eV4,Suy Galvez,Bossa Best,Baby Now That I Found You,30,244813,0,0.707,0.531,2,-7.21,1,0.0245,0.855,0.000182,0.175,0.49,107.994,4,acoustic,0,0.3649353573640064,0.7703186432721084,0.5105,0.6140846668787049,0.4,0.5,0.3,0.2,0.1,0.3,0.6,0.1
5DZVpQguB5TGP3MdkN3JSP,Suy Galvez,Bossa Best,Right Here Waiting,30,169733,0,0.707,0.467,2,-7.511,1,0.0367,0.832,5.33e-06,0.114,0.478,110.096,4,acoustic,0,0.3747959394291932,0.7644308823817068,0.4725,0.6154089406036333,0.6,0.4,0.3,0.2,0.1,0.3,0.7,0.1
2HUZVffVPXvqnrml0gXggp,Howlin' Wolf,Moanin' In The Moonlight,Smokestack Lightnin',62,188400,0,0.661,0.342,9,-16.361,0,0.043,0.844,0.000128,0.26,0.588,146.118,4,acoustic,0,0.5437768562475371,0.5913189758034544,0.4649999999999999,0.5986986106836638,0.2,0.4,0.6,0.1,0.3,0.1,0.3,0.5
2PTzfXh5Ut3hjRrWGyafz6,Stephen Speaks,No More Doubt,Passenger Seat,64,274480,0,0.523,0.554,7,-7.596,1,0.0303,0.749,3.29e-06,0.323,0.769,152.979,4,acoustic,0,0.5759621338637344,0.7627682256518593,0.6615,0.620576786505198,0.3,0.7,0.6,0.1,0.0,0.4,0.4,0.2
5MTsZG10E0hTvAkdioyPnw,Buddy Guy;Bonnie Raitt,Feels Like Rain,Feels Like Rain (feat. Bonnie Raitt),57,275266,0,0.572,0.348,0,-13.454,1,0.0294,0.44,0.000721,0.235,0.34,73.304,4,acoustic,0,0.202202915955191,0.6481818359642431,0.344,0.4741282506398114,0.6,0.3,0.2,0.4,0.1,0.5,0.7,0.1
2AN3wNGUW0IgzfuurtVEDS,Mance Lipscomb,The Best of Mance Lipscomb,Sugar Babe,31,124400,0,0.554,0.4,3,-11.806,1,0.0699,0.979,0.348,0.102,0.547,101.191,4,acoustic,0,0.3330221605088848,0.680417815855877,0.4735,0.5224799921215872,0.7,0.5,0.3,0.2,0.1,0.4,0.6,0.1
7jIAttgQTpLDoNtykIQXjH,Violent Femmes,Violent Femmes,Blister In The Sun,71,145706,0,0.726,0.537,0,-8.896,1,0.114,0.316,0.0,0.0707,0.882,96.889,4,acoustic,0,0.3128412737132455,0.7373393580188955,0.7095,0.5920602105773803,0.1,0.7,0.4,0.1,0.0,0.2,0.3,0.3
353rT3h7ABEWWBe6Hr7EZD,Days N Daze,The Oogle Deathmachine,"Little Blue Pills, Pt. 2",31,265195,1,0.501,0.672,2,-10.225,0,0.0637,0.674,0.000162,0.0674,0.961,122.041,4,acoustic,0,0.430830503067945,0.7113432310310427,0.8165,0.5477245780329959,0.2,0.7,0.5,0.1,0.1,0.3,0.3,0.4
0GgFpUEQzr5RuDZC768g0k,Drei Rana;Selena Marie,Paano Ang Simbang Gabi (Kung 'Di Ka Katabi),Paano Ang Simbang Gabi - Kung 'Di Ka Katabi,30,235722,0,0.505,0.462,6,-5.692,1,0.0271,0.623,0.0,0.113,0.113,139.914,4,acoustic,0,0.5146735969076612,0.800011736400446,0.2875,0.606561777769369,0.4,0.1,0.3,0.5,0.1,0.2,0.4,0.1
5hhhrZMKz1NEZM7jRWufbf,Frank Turner,West Coast vs. Wessex,Bob,30,188952,1,0.415,0.713,0,-5.529,1,0.0345,0.0555,0.0,0.0811,0.361,83.69,3,acoustic,0,0.2509241363781359,0.8032001251882713,0.5369999999999999,0.4897080871888024,0.3,0.4,0.3,0.2,0.1,0.2,0.6,0.1
4zESVuAPxaC9bqQKjiWgH6,Harley Poe,Have a Great Life.,Psycho,30,241250,0,0.458,0.823,6,-4.268,0,0.0616,0.382,0.0,0.205,0.422,131.638,4,acoustic,0,0.4758504869307413,0.8278661267922461,0.6224999999999999,0.5872388712409958,0.1,0.2,0.7,0.3,0.6,0.1,0.2,0.5
7EcFRiCKqijYsuA5UbNnQZ,Frank Turner,West Coast vs. Wessex,Perfect Government,30,146129,1,0.474,0.876,7,-5.052,1,0.0341,0.00277,6.15e-06,0.39,0.607,91.948,4,acoustic,0,0.2896628074981704,0.812530563542828,0.7415,0.5253977903469994,0.1,0.7,0.6,0.1,0.0,0.3,0.3,0.2
4WbTMyywJtvUNhmVKa0oSM,The Bridge City Sinners,Unholy Hymns,The Fear,30,161205,1,0.444,0.674,5,-6.675,1,0.0341,0.586,0.000147,0.109,0.698,111.377,3,acoustic,0,0.3808051714108794,0.7807836003364435,0.6859999999999999,0.5351962572491077,0.2,0.5,0.4,0.3,0.6,0.1,0.3,0.2
0R7EWhquaAICmyE5MZqt3q,Ben Rector,The Joy of Music,Living My Best Life,59,215213,0,0.566,0.733,4,-5.302,1,0.0699,0.083,1.55e-06,0.362,0.636,178.828,4,acoustic,0,0.6972210233989454,0.807640396690335,0.6845,0.6902871400297602,0.1,0.7,0.8,0.1,0.0,0.3,0.2,0.6
5u2HaXFymnYNePtwI5bU3t,Frank Turner,FTHC (Deluxe),Haven't Been Doing So Well,30,196813,0,0.367,0.892,2,-3.91,1,0.133,0.00012,0.000268,0.276,0.799,81.928,4,acoustic,0,0.2426585104985645,0.834868845725016,0.8455,0.4815091187411934,0.2,0.7,0.6,0.1,0.0,0.3,0.4,0.2
79keCNa2NAa4xMInUQCATJ,The Bridge City Sinners,Unholy Hymns,"The Legend of Olog-hai, Pt. 2",30,184217,1,0.258,0.729,4,-6.457,0,0.0398,0.395,0.00442,0.131,0.462,116.943,3,acoustic,0,0.4069155423789239,0.7850478258318173,0.5955,0.4833211227369138,0.2,0.3,0.6,0.1,0.5,0.1,0.3,0.4
61X73CJcpwGIxgQgKEXbw0,Brandi Carlile;Lucius,In These Silent Days,You and Me On The Rock (feat. Lucius),63,230098,0,0.568,0.686,1,-6.635,1,0.033,0.15,1.81e-06,0.0881,0.725,172.075,4,acoustic,0,0.6655423789240612,0.7815660270328424,0.7055,0.6717028019856345,0.2,0.7,0.6,0.1,0.0,0.3,0.3,0.5
78Vs1Oo42MrcbwB8vQhhsz,Get Dead,Dancing with the Curse,Glitch,30,129472,0,0.571,0.696,9,-8.688,1,0.0739,0.14,0.0,0.0973,0.662,155.133,4,acoustic,0,0.5860666504043682,0.7414079768401697,0.679,0.6328248757481792,0.2,0.6,0.7,0.1,0.1,0.3,0.3,0.5
4dzurJ1Q1LIr8X7doV3yT0,Jonah Baker,A Thousand Years (Acoustic),A Thousand Years - Acoustic,44,249728,0,0.385,0.114,7,-13.005,1,0.0314,0.917,0.0,0.128,0.269,93.314,4,acoustic,0,0.2960707785262604,0.6569645756313205,0.1915,0.4460117847191936,0.8,0.2,0.1,0.3,0.1,0.4,0.7,0.0
0goA2cYxU9k2XfQHzo6WcP,Trevor Hall;Marieme,2 Oceans,2 Oceans,54,213055,0,0.588,0.569,9,-7.721,1,0.0295,0.303,0.0342,0.101,0.209,101.988,4,acoustic,0,0.3367609254498714,0.7603231422256127,0.3889999999999999,0.5616946892251614,0.6,0.2,0.4,0.3,0.1,0.3,0.7,0.1
4uCVtXasfPk1Z0JwrwTIzH,Ben Woodward,Golden Hour,Golden Hour - Acoustic Piano,28,168571,0,0.276,0.289,2,-10.879,1,0.0325,0.968,0.00321,0.137,0.118,86.465,3,acoustic,0,0.2639417934813202,0.6985505545449211,0.2035,0.4128307826754138,0.8,0.1,0.1,0.2,0.0,0.3,0.7,0.0
3HOcPWc2LUUv5te756KfAH,Brandon Chase,Without Me,Without Me,47,202219,0,0.664,0.301,0,-8.135,1,0.0296,0.739,0.0,0.103,0.268,115.877,4,acoustic,0,0.4019148856322593,0.7522250259178843,0.2845,0.6060466371833813,0.6,0.3,0.2,0.4,0.1,0.3,0.5,0.1
