danceability,energy,loudness,speechiness,acousticness,instrumentalness,liveness,valence,tempo,calm,energetic,happy,sad,dark,romantic,focus,hype
0.3745401188473625,0.9507143064099162,-16.080363491315694,0.5986584841970366,0.15601864044243652,0.15599452033620265,0.05808361216819946,0.8661761457749352,144.15610164404922,0.0,0.9507143064099162,0.8661761457749352,0.13382385422506482,0.0,0.0,0.0,0.0
0.7080725777960455,0.020584494295802447,-1.8054088702803384,0.8324426408004217,0.21233911067827616,0.18182496720710062,0.18340450985343382,0.3042422429595377,133.4659004285133,0.0,0.020584494295802447,0.3042422429595377,0.6957577570404623,0.0,0.0,0.0,0.0
0.43194501864211576,0.2912291401980419,-23.28882631665723,0.13949386065204183,0.29214464853521815,0.3663618432936917,0.45606998421703593,0.7851759613930136,87.95432950217037,0.0,0.2912291401980419,0.7851759613930136,0.2148240386069864,0.0,0.0,0.0,0.0
0.5142344384136116,0.5924145688620425,-57.21297523680013,0.6075448519014384,0.17052412368729153,0.06505159298527952,0.9488855372533332,0.9656320330745594,173.17562873630456,0.0,0.5924145688620425,0.9656320330745594,0.03436796692544064,0.0,0.0,0.0,0.0
0.3046137691733707,0.09767211400638387,-18.946018409270586,0.4401524937396013,0.12203823484477883,0.4951769101112702,0.034388521115218396,0.9093204020787821,96.22919742400236,0.0,0.09767211400638387,0.9093204020787821,0.09067959792121794,0.0,0.0,0.0,0.0
0.662522284353982,0.31171107608941095,-28.79591872933135,0.5467102793432796,0.18485445552552704,0.9695846277645586,0.7751328233611146,0.9394989415641891,185.27582905987083,0.0,0.31171107608941095,0.9394989415641891,0.060501058435810884,0.0,0.0,1.0,0.0
0.5978999788110851,0.9218742350231168,-54.69044987688483,0.1959828624191452,0.045227288910538066,0.32533033076326434,0.388677289689482,0.2713490317738959,176.02325128127012,0.0,0.9218742350231168,0.2713490317738959,0.7286509682261041,0.0,0.0,0.0,0.0
0.3567533266935893,0.28093450968738076,-27.43823501050509,0.14092422497476265,0.8021969807540397,0.07455064367977082,0.9868869366005173,0.7722447692966574,87.82019541478414,1.0,0.28093450968738076,0.7722447692966574,0.22775523070334258,0.0,1.0,0.0,0.0
0.005522117123602399,0.8154614284548342,-17.58855936914297,0.7290071680409873,0.7712703466859457,0.07404465173409036,0.3584657285442726,0.11586905952512971,180.8344796225831,0.0,0.8154614284548342,0.11586905952512971,0.8841309404748703,0.0,0.0,0.0,0.0
0.6232981268275579,0.3308980248526492,-56.18649898283858,0.3109823217156622,0.32518332202674705,0.7296061783380641,0.6375574713552131,0.8872127425763265,126.11008952267291,0.0,0.3308980248526492,0.8872127425763265,0.11278725742367346,0.0,0.0,1.0,0.0
0.1195942459383017,0.713244787222995,-14.352897082986154,0.5612771975694962,0.770967179954561,0.49379559636439074,0.5227328293819941,0.42754101835854963,63.55867774417332,0.0,0.713244787222995,0.42754101835854963,0.5724589816414504,0.0,0.0,0.0,0.0
0.10789142699330445,0.03142918568673425,-21.815375324173175,0.3143559810763267,0.5085706911647028,0.907566473926093,0.24929222914887494,0.41038292303562973,165.77715939602683,0.0,0.03142918568673425,0.41038292303562973,0.5896170769643703,0.0,0.0,1.0,0.0
0.22879816549162246,0.07697990982879299,-42.61491282517392,0.16122128725400442,0.9296976523425731,0.808120379564417,0.6334037565104235,0.8714605901877177,172.514090765876,1.0,0.07697990982879299,0.8714605901877177,0.1285394098122823,0.0,1.0,1.0,0.0
0.18657005888603584,0.8925589984899778,-27.63946548506096,0.8074401551640625,0.8960912999234932,0.3180034749718639,0.11005192452767676,0.22793516254194168,119.79509040767589,0.0,0.8925589984899778,0.22793516254194168,0.7720648374580583,0.0,0.0,0.0,0.0
0.8180147659224931,0.8607305832563434,-59.58287216812856,0.5107473025775657,0.417411003148779,0.22210781047073025,0.1198653673336828,0.33761517140362796,192.0073585477527,0.0,0.8607305832563434,0.33761517140362796,0.662384828596372,0.0,0.0,0.0,1.0
0.32320293202075523,0.5187906217433661,-17.818862466289332,0.363629602379294,0.9717820827209607,0.9624472949421112,0.25178229582536416,0.49724850589238545,102.12296337434776,0.0,0.5187906217433661,0.49724850589238545,0.5027514941076145,0.0,0.0,1.0,0.0
0.2848404943774676,0.036886947354532795,-23.42613996120619,0.5026790232288615,0.05147875124998935,0.27864646423661144,0.9082658859666537,0.23956189066697242,80.28528209277124,0.0,0.036886947354532795,0.23956189066697242,0.7604381093330276,1.0,0.0,0.0,0.0
0.489452760277563,0.9856504541106007,-45.476683709309974,0.6721355474058786,0.7616196153287176,0.23763754399239967,0.7282163486118596,0.3677831327192532,148.52281628310112,0.0,0.9856504541106007,0.3677831327192532,0.6322168672807468,0.0,0.0,0.0,0.0
0.6335297107608947,0.5357746840747585,-54.5826137967355,0.835302495589238,0.32078006497173583,0.18651851039985423,0.040775141554763916,0.5908929431882418,154.85901065791955,0.0,0.5357746840747585,0.5908929431882418,0.4091070568117582,0.0,0.0,0.0,0.0
0.016587828927856152,0.512093058299281,-46.41025348812372,0.6451727904094499,0.17436642900499144,0.690937738102466,0.3867353463005374,0.9367299887367345,79.25293218043905,0.0,0.512093058299281,0.9367299887367345,0.06327001126326548,0.0,0.0,1.0,0.0
0.3410663510502585,0.11347352124058907,-4.518382903286231,0.877339353380981,0.2579416277151556,0.659984046034179,0.8172222002012158,0.5552008115994623,134.1510809698409,0.0,0.11347352124058907,0.5552008115994623,0.44479918840053767,0.0,0.0,1.0,0.0
0.24185229090045168,0.09310276780589921,-6.167054522800392,0.9004180571633305,0.6331014572732679,0.3390297910487007,0.3492095746126609,0.7259556788702394,185.59543639336079,1.0,0.09310276780589921,0.7259556788702394,0.2740443211297606,0.0,1.0,0.0,0.0
0.8870864242651173,0.7798755458576239,-21.478101230742737,0.08413996499504883,0.16162871409461377,0.8985541885270792,0.6064290596595899,0.009197051616629648,74.20601600124449,0.0,0.7798755458576239,0.009197051616629648,0.9908029483833704,0.0,0.0,1.0,1.0
0.6635017691080558,0.005061583846218687,-50.35151691495008,0.5487337893665861,0.6918951976926933,0.6519612595026005,0.22426930946055978,0.7121792213475359,93.214872249552,1.0,0.005061583846218687,0.7121792213475359,0.28782077865246414,0.0,1.0,1.0,0.0
0.3253996981592677,0.7464914051180241,-21.022026057167118,0.8492234104941779,0.6576128923003434,0.5683086033354716,0.09367476782809248,0.3677158030594335,97.12833147544157,0.0,0.7464914051180241,0.3677158030594335,0.6322841969405665,0.0,0.0,1.0,0.0
0.24398964337908358,0.9730105547524456,-36.41413651999437,0.8920465551771133,0.6311386259972629,0.7948113035416484,0.5026370931051921,0.5769038846263591,128.95247713464096,0.0,0.9730105547524456,0.5769038846263591,0.4230961153736409,0.0,0.0,1.0,0.0
0.1952429877980445,0.7224521152615053,-43.153658253548656,0.02431596643145384,0.6454722959071678,0.17711067940704894,0.9404585843529143,0.9539285770025874,188.0810146308628,0.0,0.7224521152615053,0.9539285770025874,0.046071422997412625,0.0,1.0,0.0,0.0
0.3701587002554444,0.015456616528867428,-4.300886244736475,0.42818414831731433,0.9666548190436696,0.9636199770892528,0.8530094554673601,0.2944488920695857,113.91368200426953,1.0,0.015456616528867428,0.2944488920695857,0.7055511079304143,1.0,0.0,1.0,0.0
0.8511366715168569,0.31692200515627766,-49.83043519883445,0.5568012624583502,0.936154774160781,0.696029796674973,0.570061170089365,0.09717649377076854,146.10101173788377,1.0,0.31692200515627766,0.09717649377076854,0.9028235062292315,1.0,0.0,1.0,0.0
0.9900538501042633,0.14008401523652403,-28.900220858175796,0.8773730719279554,0.7407686177542044,0.697015740995268,0.7024840839871093,0.35949115121975517,101.10285819702906,1.0,0.14008401523652403,0.35949115121975517,0.6405088487802448,0.0,0.0,1.0,0.0
0.8093611554785136,0.8101133946791808,-7.975660885193776,0.9132405525564713,0.5113423988609378,0.5015162946871996,0.7982951789667752,0.6499639307777652,158.27536281607848,0.0,0.8101133946791808,0.6499639307777652,0.35003606922223485,0.0,1.0,1.0,1.0
0.795792669436101,0.8900053418175663,-39.72029058890785,0.375582952639944,0.093981939840869,0.578280140996174,0.035942273796742086,0.46559801813246016,135.97024885906075,0.0,0.8900053418175663,0.46559801813246016,0.5344019818675398,0.0,0.0,1.0,1.0
0.2865412521282844,0.5908332605690108,-58.16998500365703,0.03734818874921442,0.8226005606596583,0.3601906414112629,0.12706051265188478,0.5222432600548044,167.7990974338055,0.0,0.5908332605690108,0.5222432600548044,0.47775673994519563,0.0,0.0,0.0,0.0
0.21582102749684318,0.6228904758190003,-54.87915210037392,0.0516817211686077,0.531354631568148,0.5406351216101065,0.6374299014982066,0.7260913337226615,196.61929112475485,0.0,0.6228904758190003,0.7260913337226615,0.27390866627733845,0.0,1.0,1.0,0.0
0.5163003483011953,0.32295647294124596,-12.28882831387778,0.2708322512620742,0.4389714207056361,0.07845638134226596,0.02535074341545751,0.9626484146779251,177.03721687170884,0.0,0.32295647294124596,0.9626484146779251,0.03735158532207494,0.0,1.0,0.0,0.0
0.695974206093698,0.4089529444142699,-49.60234079574926,0.15643704267108605,0.25024289816459533,0.5492266647061205,0.7145959227000623,0.6601973767177313,99.19074557243201,0.0,0.4089529444142699,0.6601973767177313,0.33980262328226873,0.0,0.0,1.0,0.0
0.9548652806631941,0.7378969166957685,-26.738756849315962,0.6117207462343522,0.4196000624277899,0.24773098950115746,0.3559726786512616,0.7578461104643691,62.01508840816582,0.0,0.7378969166957685,0.7578461104643691,0.24215388953563088,0.0,1.0,0.0,1.0
0.11607264050691624,0.04600264202175275,-57.55627186086179,0.8554605840110072,0.7036578593800237,0.4741738290873252,0.09783416065100148,0.49161587511683236,126.28604790927919,1.0,0.04600264202175275,0.49161587511683236,0.5083841248831676,0.0,0.0,0.0,0.0
0.17320186991001518,0.43385164923797304,-36.08971593615759,0.6158500980522165,0.6350936508676438,0.04530400977204452,0.3746126146264712,0.6258599157142364,130.4390762012123,0.0,0.43385164923797304,0.6258599157142364,0.3741400842857636,0.0,1.0,0.0,0.0
0.8564898411883223,0.658693631618945,-50.22393437511422,0.07056874740042984,0.6424192782063156,0.026511310541621813,0.5857755812734633,0.9402302414249576,140.56638490262304,0.0,0.658693631618945,0.9402302414249576,0.05976975857504241,0.0,1.0,0.0,0.0
0.3881699262065219,0.6432882184423532,-32.504826570509,0.5456167893159349,0.9414648087765252,0.38610263780077425,0.9611905638239142,0.9053506419560637,87.4107588705015,0.0,0.6432882184423532,0.9053506419560637,0.09464935804393626,0.0,1.0,0.0,0.0
0.06936130087516545,0.10077800137742665,-58.906690460907015,0.0944429607559284,0.6830067734163568,0.07118864846022899,0.3189756302937613,0.8448753109694546,63.25807100301562,1.0,0.10077800137742665,0.8448753109694546,0.15512468903054544,0.0,1.0,0.0,0.0
0.8144684825889358,0.28185477477339993,-52.91011034270063,0.6967371653641506,0.628942846779884,0.877472013527053,0.7350710438038858,0.8034809303848486,99.48484015998291,1.0,0.28185477477339993,0.8034809303848486,0.19651906961515142,0.0,1.0,1.0,0.0
0.17743954377972282,0.7506147516408583,-11.589915643964162,0.9905051420006733,0.4126176769114265,0.37201808579278317,0.7764129607419968,0.34080354025301784,190.30602558449905,0.0,0.7506147516408583,0.34080354025301784,0.6591964597469822,0.0,0.0,0.0,0.0
0.8584127518430118,0.42899402737501835,-14.947735932510156,0.7545428740846823,0.10312386883593261,0.9025529066795667,0.5052523724478571,0.8264574661077416,104.80694414428564,0.0,0.42899402737501835,0.8264574661077416,0.17354253389225838,0.0,0.0,1.0,0.0
0.8955232284962005,0.3892016787341631,-59.349740911182096,0.9053819764192637,0.09128667678613356,0.31931363759041487,0.9500619670508049,0.9506071469375561,140.28130433726005,0.0,0.3892016787341631,0.9506071469375561,0.0493928530624439,0.0,0.0,0.0,0.0
0.6318372121697993,0.44844552197831977,-42.407353698116125,0.32866454536991596,0.6725184560770384,0.75237452943768,0.7915790437258485,0.7896181427945539,72.76885442681666,0.0,0.44844552197831977,0.7896181427945539,0.2103818572054461,0.0,1.0,1.0,0.0
0.49442030470258147,0.057558760016644284,-27.02826706057587,0.441530501373377,0.8877041827582998,0.3509150125520787,0.11706701642760586,0.14299168205283586,166.61148844044612,1.0,0.057558760016644284,0.14299168205283586,0.8570083179471641,1.0,0.0,0.0,0.0
0.6182180633162611,0.10112267612279024,-54.95359163310015,0.70096913145912,0.07276300636419353,0.8218600592903562,0.7062422271564962,0.08134878064189976,71.87727997192687,0.0,0.10112267612279024,0.08134878064189976,0.9186512193581002,1.0,0.0,1.0,0.0
0.9866395785011755,0.3742707957561203,-37.76147117598654,0.8127995672575026,0.9472485773838587,0.9860010638228709,0.7533781852589416,0.37625958553091576,71.69010033781363,1.0,0.3742707957561203,0.37625958553091576,0.6237404144690842,0.0,0.0,1.0,0.0
0.7771469159274368,0.558404249735805,-34.546679445181425,0.906354385094736,0.11119748230615134,0.49262510429085915,0.011353644767419069,0.46866064199412627,67.88245859545722,0.0,0.558404249735805,0.46866064199412627,0.5313393580058737,0.0,0.0,0.0,0.0
0.11881791626807192,0.11752624677710488,-21.047381873036187,0.7460448792654233,0.5833687650971596,0.9621725484745419,0.37487057952370406,0.28571208628186073,181.60387794652445,0.0,0.11752624677710488,0.28571208628186073,0.7142879137181393,1.0,0.0,1.0,0.0
0.22359583851945264,0.9632225394406113,-59.27073151861102,0.969878826707639,0.04315991195057611,0.8911431136980711,0.5277011090862999,0.9929647961193003,70.33151906295583,0.0,0.9632225394406113,0.9929647961193003,0.00703520388069967,0.0,0.0,1.0,0.0
0.5538542844013208,0.969302535619099,-28.61412934979107,0.6293986381352625,0.6957486889846172,0.45454106476777323,0.6275580800840634,0.5843143119231002,186.16212146873846,0.0,0.969302535619099,0.5843143119231002,0.41568568807689976,0.0,0.0,0.0,0.0
0.04544638034145787,0.2809631895922303,-2.975310955406478,0.8902637838909163,0.45565675278571294,0.6201325978015367,0.2773811829811327,0.1881211597237613,124.9177766915975,0.0,0.2809631895922303,0.1881211597237613,0.8118788402762387,1.0,0.0,1.0,0.0
0.3533522280260528,0.5836561118508721,-55.33592178210091,0.9743948076661665,0.9862107444796029,0.6981617140197451,0.5360963663441204,0.30952761628632774,173.93130275897283,0.0,0.5836561118508721,0.30952761628632774,0.6904723837136723,0.0,0.0,1.0,0.0
0.6847311725538793,0.1626169393448913,-5.3443689303694555,0.822537242923169,0.949799913291924,0.72571950838836,0.6134151959357899,0.4182430362906189,190.58198766956187,1.0,0.1626169393448913,0.4182430362906189,0.5817569637093811,0.0,0.0,1.0,0.0
0.8660638895004084,0.04521867010618941,-58.41798153016488,0.3764633668780496,0.8105533307818329,0.9872761293149445,0.15041689110352818,0.5941307153521351,113.32471992834301,1.0,0.04521867010618941,0.5941307153521351,0.40586928464786487,0.0,0.0,1.0,0.0
0.9699143978146032,0.8421189231357087,-9.70027771733173,0.4686931597949703,0.4148195023376652,0.27340707193070624,0.056375496650927115,0.8647223762550532,173.80614127821087,0.0,0.8421189231357087,0.8647223762550532,0.13527762374494678,0.0,1.0,0.0,1.0
0.9997176732861306,0.9966368370739054,-26.674097663842353,0.7689874151805105,0.944765729882428,0.8496473906774115,0.24734810174319766,0.4505441353100935,78.0823181212093,0.0,0.9966368370739054,0.4505441353100935,0.5494558646899065,0.0,0.0,1.0,1.0
0.9540510272587224,0.60617463445088,-46.28143166979224,0.6717006844058567,0.6181282404578958,0.3581627180328405,0.11355759219962902,0.6715731955927996,132.84307812653105,0.0,0.60617463445088,0.6715731955927996,0.3284268044072004,0.0,1.0,0.0,0.0
0.7723183917356393,0.5201635011119934,-8.869109980887593,0.5519068387744855,0.5609379715353863,0.876653602658345,0.40348286621239704,0.13401522845064073,64.02957468386745,0.0,0.5201635011119934,0.13401522845064073,0.8659847715493593,0.0,0.0,1.0,0.0
0.755137255673619,0.6203095513534647,-17.755213914046585,0.21296416150891073,0.13637147558676976,0.014544665667881929,0.350587558806597,0.5899176868546331,114.91416631396253,0.0,0.6203095513534647,0.5899176868546331,0.4100823131453669,0.0,0.0,0.0,0.0
0.43747492202372906,0.9041586944937484,-39.10467197860198,0.5139894891598108,0.7836530127411431,0.39654278232127016,0.6220867002278735,0.8623637087467452,192.9328873120699,0.0,0.9041586944937484,0.8623637087467452,0.13763629125325483,0.0,1.0,0.0,0.0
0.14707348092903794,0.9265876251614944,-30.47302241522771,0.25824438829895835,0.4591357562382613,0.980032575285477,0.4926180939928696,0.3287516102875082,148.6761196043416,0.0,0.9265876251614944,0.3287516102875082,0.6712483897124918,0.0,0.0,1.0,0.0
0.24014561877819307,0.07586332810866392,-52.26721668536105,0.12804583895777244,0.15190269351229435,0.13882717264941014,0.6408747448032146,0.18188008439914483,108.39341966534084,0.0,0.07586332810866392,0.18188008439914483,0.8181199156008552,1.0,0.0,0.0,0.0
0.8967884099060118,0.47396164026287235,-19.946535688738372,0.17231987120162984,0.19228901880867078,0.04086861626647886,0.16893506307216455,0.2785903390319586,84.78146779874456,0.0,0.47396164026287235,0.2785903390319586,0.7214096609680414,1.0,0.0,0.0,0.0
0.08870253375705561,0.12063587110060081,-32.35327391803645,0.2063337184057925,0.36426986104807546,0.5034172708548569,0.6903948286293653,0.039312139841098936,171.91745584726596,0.0,0.12063587110060081,0.039312139841098936,0.9606878601589011,1.0,0.0,1.0,0.0
0.6279003894909078,0.08175903194887191,-7.585282553593366,0.9208724005318132,0.06107795985486375,0.2768776481472037,0.8062012797930613,0.7482596903836584,85.83294270989282,0.0,0.08175903194887191,0.7482596903836584,0.25174030961634164,0.0,0.0,0.0,0.0
0.2093493233367103,0.370472102791382,-30.92862088853872,0.618254771530296,0.3689136395697724,0.4625347161331479,0.7474709381337565,0.0366832028905979,95.3411722081629,0.0,0.370472102791382,0.0366832028905979,0.9633167971094021,1.0,0.0,0.0,0.0
0.7133495858845524,0.8952068376871993,-29.299353473060034,0.5321134852653157,0.10717201133977605,0.44741236682345464,0.5326172664550232,0.24247050363472966,97.69405233291334,0.0,0.8952068376871993,0.24247050363472966,0.7575294963652703,0.0,0.0,0.0,1.0
0.37728416310462265,0.02007119777772637,-40.6752500650093,0.21144800699654465,0.32749735217791465,0.11976213181925122,0.890527280739895,0.5935924535540487,155.07432468022853,0.0,0.02007119777772637,0.5935924535540487,0.40640754644595134,0.0,0.0,0.0,0.0
0.7891712386073383,0.4984421989290573,-54.78478271475458,0.5371065418185478,0.5868411180208791,0.74543947418433,0.4316595462296794,0.12758030279556376,99.72862681182143,0.0,0.4984421989290573,0.12758030279556376,0.8724196972044362,1.0,0.0,1.0,0.0
0.3630822963986351,0.6459172413316012,-25.753301719865284,0.35609672589784624,0.9865152487929797,0.6057748193568872,0.23722679173599448,0.10178247262040374,81.40027948580648,0.0,0.6459172413316012,0.10178247262040374,0.8982175273795963,0.0,0.0,1.0,0.0
0.24595772838450813,0.16068137325955567,-48.80597855692166,0.2850951686938471,0.17337359529475482,0.8967654246264252,0.08023374566164221,0.5245113895702547,117.45555577855262,0.0,0.16068137325955567,0.5245113895702547,0.47548861042974533,0.0,0.0,1.0,0.0
0.9823786169086064,0.11203890216805235,-36.128664057255506,0.9694704332753689,0.8655071258939803,0.8170720709492799,0.25790282704493983,0.17088758739006582,153.61005078942034,1.0,0.11203890216805235,0.17088758739006582,0.8291124126099342,1.0,0.0,1.0,0.0
0.9293759891275858,0.5567628930139298,-25.70323863180601,0.2799790936602842,0.7694929331919369,0.18704374855752337,0.3236792364042437,0.4254364386164168,131.06545301582372,0.0,0.5567628930139298,0.4254364386164168,0.5745635613835832,0.0,0.0,0.0,0.0
0.24240973241508024,0.11483682473920354,-23.362797453502047,0.28863055324025577,0.5812382214226123,0.1543627152742023,0.4811401018548175,0.5325894325515859,67.25529515513976,0.0,0.11483682473920354,0.5325894325515859,0.46741056744841414,0.0,0.0,0.0,0.0
0.3366042781939206,0.13441467693897424,-56.19750177163394,0.9899602323899452,0.32235384497472297,0.8098744458546349,0.25464065476376385,0.6815027222239293,166.43190038455612,0.0,0.13441467693897424,0.6815027222239293,0.31849727777607073,0.0,0.0,1.0,0.0
0.5956387406078443,0.47157618855015837,-35.28954515116389,0.3488682665429953,0.9295291442478258,0.8306194077877291,0.9650269106665126,0.12429722348554473,162.3214465285102,0.0,0.47157618855015837,0.12429722348554473,0.8757027765144553,1.0,0.0,1.0,0.0
0.9383404568210378,0.18123306616566015,-56.01022395799335,0.741120649290059,0.5744731131799119,0.8418287767582721,0.1397723766262895,0.7952673118598902,88.22782480668423,0.0,0.18123306616566015,0.7952673118598902,0.2047326881401098,0.0,1.0,1.0,0.0
0.1636559428657045,0.16426579793099294,-11.125516786117075,0.6651972206962001,0.5230654247691193,0.3588304841235025,0.8772005408131083,0.3924451074226354,174.3239215260208,0.0,0.16426579793099294,0.3924451074226354,0.6075548925773646,0.0,0.0,0.0,0.0
0.4391349085702184,0.3769444294249076,-32.23921285982361,0.3013778741641421,0.7476093801762511,0.5027203900924792,0.2322126951468173,0.8995745732745685,113.7447709922496,1.0,0.3769444294249076,0.8995745732745685,0.10042542672543153,0.0,1.0,1.0,0.0
0.5435528611139886,0.9064721109645469,-22.545720245160474,0.11689804070836407,0.9398321236134751,0.6277080530714179,0.3349056146570861,0.13927207266338726,171.16352649784142,0.0,0.9064721109645469,0.13927207266338726,0.8607279273366127,0.0,0.0,1.0,0.0
0.6200727559285135,0.5334610919763215,-6.366445016942542,0.7885972112245307,0.15167487973275118,0.31172206779554823,0.24848913981446574,0.743946292572677,64.69454086300911,0.0,0.5334610919763215,0.743946292572677,0.25605370742732303,0.0,0.0,0.0,0.0
0.5698896848713165,0.7624586857406905,-7.394061794295034,0.34208174871590746,0.8212573046720129,0.11063173695520723,0.8464522917345182,0.12748866233198242,115.62022067845142,0.0,0.7624586857406905,0.12748866233198242,0.8725113376680176,0.0,0.0,0.0,0.0
0.7972953657795536,0.14991742734877378,-46.24491628604151,0.7222525683930663,0.7200365365460744,0.6411476328852973,0.6939484444671,0.5427244433475962,95.25186824697339,1.0,0.14991742734877378,0.5427244433475962,0.4572755566524038,0.0,0.0,1.0,0.0
0.34569599350391944,0.18159771680142567,-5.492966319982301,0.5833917947661205,0.4008514167636399,0.4620058036441327,0.9472833396118153,0.1533514031160802,142.0721764823516,0.0,0.18159771680142567,0.1533514031160802,0.8466485968839198,1.0,0.0,0.0,0.0
0.505888678884466,0.6114542354346478,-58.91338897074957,0.8721239089441515,0.9321182824836124,0.5651331835892089,0.6966508238768923,0.9224993811772957,159.0134088038758,0.0,0.6114542354346478,0.9224993811772957,0.07750061882270431,0.0,1.0,1.0,0.0
0.15253904291426135,0.5762883601668132,-23.597097217028647,0.424130671302386,0.7364442356247228,0.9343670147690148,0.9255685129067763,0.4508393714041321,75.85332641770573,0.0,0.5762883601668132,0.4508393714041321,0.5491606285958679,0.0,0.0,1.0,0.0
0.9848411989623346,0.8388980864459341,-52.52023912780399,0.9208418826173723,0.8698963620621283,0.5188380571260721,0.5912754357449292,0.39900270387013026,67.66662943508439,0.0,0.8388980864459341,0.39900270387013026,0.6009972961298697,0.0,0.0,1.0,1.0
0.3351972416459009,0.8028534485980114,-59.72207861972383,0.3334991716911442,0.3981686935909433,0.5373956029379229,0.9198556164127605,0.34634599436596125,108.57344826547188,0.0,0.8028534485980114,0.34634599436596125,0.6536540056340387,0.0,0.0,1.0,0.0
0.7375012481097484,0.45221794088980716,-46.52371062360108,0.4524395161326934,0.14085702037979986,0.1763869865062233,0.49836777273947974,0.4189254495045479,188.078426149534,0.0,0.45221794088980716,0.4189254495045479,0.5810745504954521,0.0,0.0,0.0,0.0
0.3623938991166331,0.5805883502780435,-22.06414272482818,0.013094456588333636,0.6635373720167106,0.17803596686975143,0.9610703174694551,0.14866272775311296,118.04737732178333,0.0,0.5805883502780435,0.14866272775311296,0.851337272246887,0.0,0.0,0.0,0.0
0.08534966807864386,0.9968742518459474,-29.868299380125446,0.5953850173200438,0.06707647738842748,0.7499604703991778,0.20990559309558576,0.8980542894407137,88.719549667481,0.0,0.9968742518459474,0.8980542894407137,0.10194571055928625,0.0,0.0,1.0,0.0
0.19068772066366657,0.03654966784809488,-31.675983293400044,0.5648411332626164,0.06570863942835237,0.7755276166950106,0.4532888347480276,0.52439026932758,121.70678457135193,0.0,0.03654966784809488,0.52439026932758,0.47560973067241996,0.0,0.0,1.0,0.0
0.400763060875326,0.5596403313082179,-50.68558524415725,0.18192813049527112,0.8617856210135173,0.9461154621336327,0.37330931627975295,0.27074467314355377,150.15993605346222,0.0,0.5596403313082179,0.27074467314355377,0.7292553268564462,0.0,0.0,1.0,0.0
0.4087341710980964,0.02538635566034486,-50.63084415802858,0.7159722288473975,0.6589239419101514,0.02709599250348349,0.22197216193294944,0.2310747965880714,154.06498410382198,1.0,0.02538635566034486,0.2310747965880714,0.7689252034119286,1.0,0.0,0.0,0.0
0.019710537754364155,0.10410858198457384,-12.005034877608637,0.1785446620543336,0.6527461078518747,0.23818278104672652,0.09944139275934516,0.24317219099945409,161.11737045979228,1.0,0.10410858198457384,0.24317219099945409,0.7568278090005459,1.0,0.0,0.0,0.0
0.8556964681062857,0.8302198645669916,-36.16898822289271,0.6680851365706462,0.20498429541582097,0.29314773026101326,0.8963358185211198,0.013001923510736035,71.97119431962554,0.0,0.8302198645669916,0.013001923510736035,0.986998076489264,0.0,0.0,0.0,1.0
0.20788625514602732,0.026532203873819715,-49.11387389461216,0.5830415609696922,0.42142455059249795,0.8926717110769748,0.8174435617384409,0.34181735169787597,96.31928068038096,0.0,0.026532203873819715,0.34181735169787597,0.658182648302124,0.0,0.0,1.0,0.0
0.3796924081672669,0.5902949425148077,-43.91618155062743,0.624148907849134,0.4094116521912404,0.5520471808519802,0.4361265291353167,0.29446575954191767,192.78346297470193,0.0,0.5902949425148077,0.29446575954191767,0.7055342404580823,0.0,0.0,1.0,0.0
0.7636057941597608,0.14011317576645255,-7.891921446125231,0.48743119824951364,0.8945522268940914,0.7998552559473152,0.42521350446923345,0.022469308320117398,97.61483031389245,1.0,0.14011317576645255,0.022469308320117398,0.9775306916798826,1.0,0.0,1.0,0.0
0.5416342146608669,0.6334782198261473,-44.52673887400786,0.13935607407282413,0.8349302367992991,0.9844021807035521,0.5256901823026858,0.1716792858483035,98.12302571271165,0.0,0.6334782198261473,0.1716792858483035,0.8283207141516965,0.0,0.0,1.0,0.0
0.018390676547466733,0.914298806560499,-52.93493502659153,0.5765164755142536,0.274055220687206,0.5541780025157934,0.6514203883518642,0.8297418037072016,88.89897804648444,0.0,0.914298806560499,0.8297418037072016,0.17025819629279837,0.0,0.0,1.0,0.0
0.010995828658480478,0.13688563006880727,-5.998881489113693,0.8738900775625152,0.5974131021703083,0.6005168604336534,0.6650366745462555,0.1753712786234496,188.01767242949438,0.0,0.13688563006880727,0.1753712786234496,0.8246287213765504,1.0,0.0,1.0,0.0
0.4187705248920731,0.38313852824949746,-28.864937683029748,0.046965966775055046,0.1662833687560794,0.7380336164263704,0.08279866792512647,0.6031521094663882,94.34887535538493,0.0,0.38313852824949746,0.6031521094663882,0.3968478905336118,0.0,0.0,1.0,0.0
0.38929561404197655,0.28869373677069987,-38.65963701210305,0.7190459051842455,0.297121715623175,0.5664046402968972,0.47605040219909966,0.6636711653626481,191.1561635054661,0.0,0.28869373677069987,0.6636711653626481,0.33632883463735186,0.0,0.0,1.0,0.0
0.7325720972102503,0.21494037859075676,-58.12901189632292,0.2622640442998251,0.5950779307002548,0.05142581348425035,0.49636624720123634,0.5968428489168892,106.79414471437451,0.0,0.21494037859075676,0.5968428489168892,0.4031571510831108,0.0,0.0,0.0,0.0
0.7709122037458219,0.1065982531337718,-55.49173309585147,0.7281887562036033,0.49549131620619846,0.688402396427736,0.4348273386037462,0.2464020332391068,174.67432447438796,0.0,0.1065982531337718,0.2464020332391068,0.7535979667608932,1.0,0.0,1.0,0.0
0.7994158789689793,0.6946964708544268,-43.67129176620224,0.5902306668690871,0.3609738969400268,0.09158207332663415,0.9173135754622428,0.1368186309189614,193.03322953491235,0.0,0.6946964708544268,0.1368186309189614,0.8631813690810386,0.0,0.0,0.0,0.0
0.44600577295795574,0.18513292883861965,-27.485943157298514,0.8729458358764083,0.7322248864095612,0.8065611478614497,0.6587833667107174,0.6922765645178525,178.88739121914472,1.0,0.18513292883861965,0.6922765645178525,0.30772343548214753,0.0,1.0,1.0,0.0
0.24966800885918594,0.4894249636431405,-46.72743349082387,0.987668007996647,0.9440593396866133,0.0394268113685059,0.7055751725156885,0.9252483174156658,85.28054831782669,0.0,0.4894249636431405,0.9252483174156658,0.07475168258433418,0.0,1.0,0.0,0.0
0.5679452305526295,0.9154882975880418,-57.96324128485207,0.6974202672468399,0.29734900737255077,0.9243961953765304,0.9710582451653678,0.9442664891134339,126.38999033204493,0.0,0.9154882975880418,0.9442664891134339,0.055733510886566084,0.0,0.0,1.0,0.0
0.8620426509893134,0.8445493985350704,-40.853971605404666,0.8289154741506773,0.03700763471549262,0.596269878482053,0.23000883728770305,0.12056688577727881,70.77344822808928,0.0,0.8445493985350704,0.12056688577727881,0.8794331142227212,0.0,0.0,1.0,1.0
0.6962887758781398,0.33987496376806614,-16.513993708274313,0.06535634079894237,0.31529033783061033,0.5394912923753372,0.7907231648389635,0.3187525029320699,147.62479270118126,0.0,0.33987496376806614,0.3187525029320699,0.6812474970679301,0.0,0.0,1.0,0.0
0.8859777482361871,0.6158631881823046,-46.02243151478197,0.02440078155653802,0.8700988739009299,0.021269410850387138,0.8747016726841994,0.528937134027212,191.46947779180547,0.0,0.6158631881823046,0.528937134027212,0.471062865972788,0.0,0.0,0.0,0.0
0.7987832357736654,0.9979341105333375,-38.95729107289739,0.7671882889311269,0.40193091360924216,0.47987562030390885,0.6275054632183701,0.8736771141863388,197.7716856879013,0.0,0.9979341105333375,0.8736771141863388,0.12632288581366125,0.0,1.0,0.0,1.0
0.7682734138645182,0.41776678216733376,-34.718579863375794,0.7375823015888915,0.23877714576830233,0.11047411313139466,0.35462215764077654,0.28723899165408173,101.48313686383861,0.0,0.41776678216733376,0.28723899165408173,0.7127610083459183,1.0,0.0,0.0,0.0
0.23360775104990994,0.04209318963636188,-58.92756391599517,0.9877223897360315,0.42777313373586234,0.3843266471596817,0.6796472826930698,0.21825388786506417,192.99456575303154,0.0,0.04209318963636188,0.21825388786506417,0.7817461121349358,1.0,0.0,0.0,0.0
0.786345014415552,0.08941100231225951,-34.9451534529043,0.8791183075621647,0.9447320222914103,0.4674015112498697,0.6134113892107077,0.16703394609207523,198.76360765917673,1.0,0.08941100231225951,0.16703394609207523,0.8329660539079248,1.0,0.0,0.0,0.0
0.2316717013834434,0.9427317741351257,-21.02120106045789,0.6077367948788591,0.5126885110165086,0.2306698117177587,0.17652803200550826,0.22048620907017535,86.10135670019564,0.0,0.9427317741351257,0.22048620907017535,0.7795137909298246,0.0,0.0,0.0,0.0
0.7795844735667533,0.3501252591667301,-56.52943940619622,0.9691026301408113,0.8837858849634257,0.927752283195213,0.9949078226464353,0.1738952492194873,115.47388264637223,1.0,0.3501252591667301,0.1738952492194873,0.8261047507805127,1.0,0.0,1.0,0.0
0.7582384757040913,0.6960206180537922,-50.766245619608696,0.8158331249906178,0.22444057183666066,0.22381761482262308,0.5369744228934136,0.5929399348417032,141.21206909729358,0.0,0.6960206180537922,0.5929399348417032,0.40706006515829685,0.0,0.0,0.0,0.0
0.09148683739775487,0.8774608626303804,-44.06399744467764,0.12951492128280417,0.8887480798689772,0.9556514982297534,0.8621276172654506,0.8095160747248781,151.73387728946304,0.0,0.8774608626303804,0.8095160747248781,0.19048392527512192,0.0,1.0,1.0,0.0
0.5508573706091393,0.08698675991141014,-35.49280721575808,0.372688517012314,0.2597537837603262,0.7234201136885849,0.4958757350787708,0.08104621590764793,90.82564827297358,0.0,0.08698675991141014,0.08104621590764793,0.9189537840923521,1.0,0.0,1.0,0.0
0.6832587636595959,0.07613085949030018,-8.927585157073878,0.4951465270139743,0.480586577326648,0.5924077846595176,0.8246809659251492,0.34780920790219305,154.92226135826888,0.0,0.07613085949030018,0.34780920790219305,0.652190792097807,0.0,0.0,1.0,0.0
0.5657319639957911,0.2670282701694213,-7.282200818690519,0.7974260216069281,0.6584518346584255,0.8505817290942419,0.8672942009598024,0.7083629767150348,177.1818659709141,1.0,0.2670282701694213,0.7083629767150348,0.2916370232849652,0.0,1.0,1.0,0.0
0.6974714616692836,0.6801407717603004,-22.883317307088944,0.7527166395576412,0.1586051052930737,0.8808707591989284,0.871843527745232,0.029247283034559146,175.61434507906677,0.0,0.6801407717603004,0.029247283034559146,0.9707527169654409,0.0,0.0,1.0,0.0
0.1288698674734452,0.3351188542591419,-15.389504622503537,0.1607598960483082,0.8179670241190622,0.8321341779577419,0.5074677337608362,0.00638587171683358,100.18533864448779,1.0,0.3351188542591419,0.00638587171683358,0.9936141282831664,1.0,0.0,1.0,0.0
0.6169269183757422,0.9811861780274235,-22.091188378999895,0.2598035810641598,0.6340057030996114,0.5399853797158555,0.7798453951511436,0.10698063882695841,166.54390635028392,0.0,0.9811861780274235,0.10698063882695841,0.8930193611730416,0.0,0.0,1.0,1.0
0.5412665786761103,0.9629920038589946,-39.48767003767884,0.6326218931339481,0.9320281055100175,0.10250972799067926,0.9372284872364511,0.6878857223008134,69.49718827472407,0.0,0.9629920038589946,0.6878857223008134,0.31211427769918665,0.0,1.0,0.0,0.0
0.30096356694681625,0.7081720886452816,-55.958963911873695,0.5821704601762733,0.34588305695295674,0.6209155177674771,0.04574203381251285,0.8715368061523763,196.28845568483555,0.0,0.7081720886452816,0.8715368061523763,0.12846319384762372,0.0,0.0,1.0,0.0
0.9688778552856915,0.7496518317429247,-52.19482559216208,0.7582631959290226,0.02458691645880151,0.022123551528997254,0.32361021914954125,0.48864319040466575,167.85703849309107,0.0,0.7496518317429247,0.48864319040466575,0.5113568095953342,0.0,0.0,0.0,1.0
0.6832953766065052,0.44590270637674834,-43.58240002310005,0.9971245001577111,0.42618130223597295,0.4513870243296755,0.16362382119166918,0.7948095487499294,157.11551160940843,0.0,0.44590270637674834,0.7948095487499294,0.20519045125007063,0.0,1.0,0.0,0.0
0.2207696127887604,0.0823810456158427,-19.170041875517214,0.6545112142811352,0.2732595269982093,0.9508635622504104,0.15105789178090023,0.4323348010426019,192.10622882346385,0.0,0.0823810456158427,0.4323348010426019,0.5676651989573981,0.0,0.0,1.0,0.0
0.4197273169261223,0.6385259476640855,-36.144336122232346,0.27421520234867003,0.9839776479598282,0.409334006315043,0.8940992036791344,0.22995460589108618,89.83465856351167,0.0,0.6385259476640855,0.22995460589108618,0.7700453941089138,0.0,0.0,0.0,0.0
0.03113408288451136,0.651666825375885,-37.88841937657433,0.864358249839637,0.47320990669155716,0.9681934279147217,0.18552551570312115,0.8686231679556108,168.72355939084383,0.0,0.651666825375885,0.8686231679556108,0.1313768320443892,0.0,1.0,1.0,0.0
0.770921844644052,0.8447832281168877,-14.338560543420066,0.6262203216314154,0.13124487768238757,0.032526179491251916,0.9208478478156868,0.616650314520738,171.51522073666467,0.0,0.8447832281168877,0.616650314520738,0.38334968547926196,0.0,0.0,0.0,1.0
0.4815223515125501,0.11730818896239448,-52.488852467846975,0.6855652872289714,0.4303058948994627,0.20052472670033672,0.4915945467414369,0.06420893707513409,141.47599626801582,0.0,0.11730818896239448,0.06420893707513409,0.9357910629248659,1.0,0.0,0.0,0.0
0.26899340443509767,0.7975591006371882,-41.378282464585574,0.4552201490818012,0.011620539908100636,0.07244688779455888,0.3924935564066848,0.4799388347171235,144.00287673670252,0.0,0.7975591006371882,0.4799388347171235,0.5200611652828765,0.0,0.0,0.0,0.0
0.29166257870930323,0.6949818861265425,-8.392656168647726,0.7798509888933498,0.039618825348357145,0.48050694725782894,0.10493017841817487,0.24204501586252747,198.1327630574005,0.0,0.6949818861265425,0.24204501586252747,0.7579549841374725,0.0,0.0,0.0,0.0
0.14249554290151323,0.49888815345135606,-22.910655940912854,0.702464970544104,0.5596486834869141,0.00977084741918366,0.3264613082439919,0.5177116433847114,72.30130988027668,0.0,0.49888815345135606,0.5177116433847114,0.48228835661528857,0.0,0.0,0.0,0.0
0.35062693120918076,0.033203108791366565,-55.28529017069876,0.39692327620159606,0.13271575404306035,0.5675408482615582,0.6894649691372657,0.8005866991090829,88.02103419427341,0.0,0.033203108791366565,0.8005866991090829,0.19941330089091713,0.0,0.0,1.0,0.0
0.16748258225906976,0.10456784033440025,-21.814185027381797,0.7064757264869012,0.03158614482564204,0.9362122462436898,0.05197128365147241,0.5412963353010705,159.2684727231283,0.0,0.10456784033440025,0.5412963353010705,0.45870366469892954,0.0,0.0,1.0,0.0
0.8709691237460856,0.7140869321324278,-11.89631501581249,0.33945019254280606,0.8148251137465122,0.08011484638467514,0.8948166560605276,0.5475923761537362,174.42168779474912,0.0,0.7140869321324278,0.5475923761537362,0.45240762384626376,0.0,0.0,0.0,1.0
0.45231828451830014,0.643577695196525,-28.415840343833207,0.7315895217553319,0.08162998203058958,0.0603520839905638,0.24710323401014644,0.15954468011318834,182.04969932290822,0.0,0.643577695196525,0.15954468011318834,0.8404553198868117,0.0,0.0,0.0,0.0
0.21921398735804432,0.9758652558191313,-39.786252493733585,0.18211791568869928,0.7896985071424791,0.6587077755008761,0.498195716453139,0.5553635509376312,160.68824895811696,0.0,0.9758652558191313,0.5553635509376312,0.44463644906236877,0.0,0.0,1.0,0.0
0.22845474133129873,0.9963339160567419,-1.512410271193012,0.6503256863469369,0.19954245092914513,0.6802282424312913,0.07219840897917584,0.030652502205806065,96.07560439156993,0.0,0.9963339160567419,0.030652502205806065,0.9693474977941939,0.0,0.0,1.0,0.0
0.4626229567393163,0.8682725054083805,-16.36985581402152,0.742706521199981,0.42549333444807536,0.3459349925469629,0.3710387629846027,0.9876495637360578,65.61528679774754,0.0,0.8682725054083805,0.9876495637360578,0.012350436263942166,0.0,1.0,0.0,0.0
0.8670314961224486,0.5786754085723934,-33.68307484862457,0.7252576604151365,0.48666894142470285,0.8734232380816606,0.9007018640112585,0.4217209268734554,98.75589161290722,0.0,0.5786754085723934,0.4217209268734554,0.5782790731265446,0.0,0.0,1.0,0.0
0.5923503285933622,0.912363345616691,-47.36026865966001,0.6229665835634828,0.6315602200925206,0.733113022415281,0.1315676851272598,0.7158249646820886,187.26455289318974,0.0,0.912363345616691,0.7158249646820886,0.28417503531791144,0.0,1.0,1.0,0.0
0.17968310887024197,0.23754332492387764,-1.7162943575016243,0.18097695270948977,0.8543850933695791,0.4922778564480348,0.24723107440317704,0.8707499012725114,122.34273570037317,1.0,0.23754332492387764,0.8707499012725114,0.1292500987274886,0.0,1.0,0.0,0.0
0.5148173539296902,0.3592333693997657,-24.422948913904357,0.16352387258502277,0.3910815366517607,0.9694123223352875,0.25813343270112754,0.6567366645412922,105.52660899145728,0.0,0.3592333693997657,0.6567366645412922,0.3432633354587078,0.0,0.0,1.0,0.0
0.7734731256866006,0.13087366071834983,-1.8107372952873177,0.45378954138363925,0.23605046334646396,0.07349674733001266,0.16975790508754074,0.5197739485560177,107.18044470038008,0.0,0.13087366071834983,0.5197739485560177,0.48022605144398234,0.0,0.0,0.0,0.0
0.8288833658826095,0.43088752366180594,-45.07714364474221,0.61714498660403,0.7067772168854458,0.16704190790094986,0.16761921628831766,0.03667142693354297,163.09628210918967,0.0,0.43088752366180594,0.03667142693354297,0.963328573066457,1.0,0.0,0.0,0.0
0.6638045276218051,0.4746308757498139,-9.349773061848175,0.8056701529500532,0.5853543643967521,0.8682712805132586,0.20584121003676825,0.11191961939772788,97.76494561237854,0.0,0.4746308757498139,0.11191961939772788,0.8880803806022721,1.0,0.0,1.0,0.0
0.05708685608931485,0.531169528001032,-3.803658462302309,0.03934354066850965,0.1221099140100268,0.4521990282834353,0.9338750175279049,0.3161561049767505,131.01287321637494,0.0,0.531169528001032,0.3161561049767505,0.6838438950232495,0.0,0.0,0.0,0.0
0.0415728590503921,0.14834320096208886,-0.8021926224691853,0.9651186964360455,0.004939980934409616,0.951811785423239,0.6391199378155004,0.8679182945200221,123.66357978874026,0.0,0.14834320096208886,0.8679182945200221,0.13208170547997788,0.0,0.0,1.0,0.0
0.5155960285792502,0.4888465802569202,-19.988144547233738,0.1396512547563129,0.029973589872677953,0.3079299415911909,0.7046807627366467,0.20185345212294836,154.28054066548842,0.0,0.4888465802569202,0.20185345212294836,0.7981465478770516,1.0,0.0,0.0,0.0
0.9699120461072704,0.09390071578941839,-19.643872906492426,0.44375021930457115,0.8681422543775054,0.1771497894473859,0.6926259522261645,0.8381152896481102,192.24599072636326,1.0,0.09390071578941839,0.8381152896481102,0.16188471035188978,0.0,1.0,0.0,0.0
0.6832480282896458,0.4971747640084273,-22.929165587927173,0.8689049844787182,0.5706097466388297,0.03038705969683686,0.9309486955069778,0.6895267510315611,154.7118740088145,0.0,0.4971747640084273,0.6895267510315611,0.31047324896843886,0.0,1.0,0.0,0.0
0.21567515239771717,0.6588854702326572,-36.36813566075049,0.6512329770414921,0.10659303030799072,0.657845304603036,0.9994137257706666,0.04821203886055603,196.8043857909844,0.0,0.6588854702326572,0.04821203886055603,0.951787961139444,0.0,0.0,1.0,0.0
0.4069079607228706,0.8707534503372591,-13.056870956503595,0.5670162609866678,0.7384492092513265,0.8785155613013479,0.404140321651033,0.3270331615632387,153.46307397890186,0.0,0.8707534503372591,0.3270331615632387,0.6729668384367613,0.0,0.0,1.0,0.0
0.8078459419412586,0.7622851347766157,-12.13118106848193,0.435583314812933,0.8178342161750216,0.12020905537060844,0.5444890979608495,0.0057586604981215705,105.44201618603785,0.0,0.7622851347766157,0.0057586604981215705,0.9942413395018784,0.0,0.0,0.0,1.0
0.3664615348713979,0.3961726916092554,-18.27196759860827,0.38855810127034573,0.44869362262253065,0.23754413087432746,0.3732517916293401,0.22726962726315147,70.24742932758211,0.0,0.3961726916092554,0.22726962726315147,0.7727303727368485,1.0,0.0,0.0,0.0
0.6034485933813779,0.6682127985550163,-22.83057923942313,0.46349404380057235,0.3797857801792298,0.8633336495718252,0.519081785136218,0.47918187762973097,63.589889212901,0.0,0.6682127985550163,0.47918187762973097,0.520818122370269,0.0,0.0,1.0,0.0
0.34124782762615635,0.38019561878585706,-36.07063314618597,0.5801723692273323,0.5336025467268785,0.6079050927934446,0.7648832615421283,0.8129857387160935,160.5372306717092,0.0,0.38019561878585706,0.8129857387160935,0.18701426128390652,0.0,1.0,1.0,0.0
0.9555236959549347,0.01823258267636163,-48.25332085898724,0.00756287497814212,0.647474714154603,0.8980305489499869,0.24348229657629927,0.9270345447963066,68.43743464053853,1.0,0.01823258267636163,0.9270345447963066,0.07296545520369335,0.0,1.0,1.0,0.0
0.9344360268055143,0.3516226872396344,-53.91475029304701,0.48587175918632564,0.25677656772050794,0.28487290196192283,0.3072899649262866,0.8030258978326634,135.48257873453562,0.0,0.3516226872396344,0.8030258978326634,0.19697410216733657,0.0,0.0,0.0,0.0
0.31130769915600365,0.6103337833109184,-17.030959546608386,0.27262400073353377,0.4135491015253515,0.12188609333694755,0.18114934953468032,0.6811178539649828,85.40136867738778,0.0,0.6103337833109184,0.6811178539649828,0.3188821460350172,0.0,1.0,0.0,0.0
0.5251633836670602,0.7090462617224327,-53.58738461431537,0.5673122196289035,0.25656278370136376,0.9629268752375798,0.4835456467199247,0.8059925497751581,137.03171590187665,0.0,0.7090462617224327,0.8059925497751581,0.1940074502248419,0.0,0.0,1.0,0.0
0.043412532854819164,0.6331513755940223,-2.9157994676005785,0.6016118201463312,0.8191888594267902,0.8842064633484078,0.22807977194893247,0.21204483990822665,145.53733843913884,0.0,0.6331513755940223,0.21204483990822665,0.7879551600917734,0.0,0.0,1.0,0.0
0.4110284698067047,0.8398613028667203,-5.9986125961193295,0.3534213793027181,0.23687055897448206,0.7805255152438618,0.2748060355481361,0.8226143185136784,119.32335551082679,0.0,0.8398613028667203,0.8226143185136784,0.1773856814863216,0.0,0.0,1.0,0.0
0.6675498992914705,0.09553531383466818,-22.56844051940562,0.4517676787372291,0.5866084631754741,0.16801420774486342,0.7368737449441821,0.8627970775432285,90.34357201270859,0.0,0.09553531383466818,0.8627970775432285,0.13720292245677146,0.0,1.0,0.0,0.0
0.09571455552016173,0.023638586046336396,-21.481709973404037,0.6070940360887808,0.54669741271407,0.23194709611597542,0.39090599590551467,0.594476335186173,129.5473602402837,0.0,0.023638586046336396,0.594476335186173,0.40552366481382696,0.0,0.0,0.0,0.0
0.9877855202148873,0.13643975255673313,-18.291326757144375,0.4043187681042921,0.42819961492561476,0.7175977656581762,0.6924361513243696,0.9912559937021883,77.97520052357754,0.0,0.13643975255673313,0.9912559937021883,0.00874400629781169,0.0,1.0,1.0,0.0
0.10410964938416634,0.7243388171287412,-25.296784979615452,0.27416066655980587,0.0794193689889866,0.08565824959643054,0.8941908746641183,0.1918673247187429,105.2720186961729,0.0,0.7243388171287412,0.1918673247187429,0.8081326752812571,0.0,0.0,0.0,0.0
0.22665640222698802,0.3549963058319373,-55.8345694352344,0.5190597909082704,0.0676125635922149,0.8003565078223616,0.23371208191043302,0.5400119146045106,183.21107225860416,0.0,0.3549963058319373,0.5400119146045106,0.4599880853954894,0.0,0.0,1.0,0.0
0.6508773690471942,0.5329577865513353,-40.539974813077464,0.33300191305819793,0.6694869551981901,0.9941393612211675,0.6618391898493786,0.5577834173700249,162.29107143349444,0.0,0.5329577865513353,0.5577834173700249,0.4422165826299751,0.0,0.0,1.0,0.0
0.46520561228371815,0.060142342600785215,-26.26219104732541,0.9576252845053802,0.17530294235765964,0.6900048908206657,0.20093368865905648,0.5358276844730813,73.53470295054075,0.0,0.060142342600785215,0.5358276844730813,0.46417231552691873,0.0,0.0,1.0,0.0
0.45037093625818514,0.7561633288952461,-39.14570854566108,0.664911724487218,0.7954499607897292,0.9271778194794527,0.23464208185545354,0.39931591580930814,81.33824186625844,0.0,0.7561633288952461,0.39931591580930814,0.6006840841906919,0.0,0.0,1.0,0.0
0.9924835021583752,0.9270009679242953,-27.602572183166423,0.8420332943764213,0.5209579772720422,0.6235856880027597,0.08912443211601662,0.7552704204968079,77.87988770893287,0.0,0.9270009679242953,0.7552704204968079,0.24472957950319207,0.0,1.0,1.0,1.0
0.8260676302525284,0.7820280876703859,-17.47531813542141,0.036160380524762115,0.3031283559453286,0.26311256991084286,0.3601364074715191,0.08764274676383854,191.1740952243488,0.0,0.7820280876703859,0.08764274676383854,0.9123572532361615,0.0,0.0,0.0,1.0
0.5538022407123763,0.30552431065802355,-36.181108975543,0.44720254050483565,0.6005943333606173,0.5156794276964978,0.9193919732144173,0.49696348290583026,198.90212207526378,1.0,0.30552431065802355,0.49696348290583026,0.5030365170941697,0.0,0.0,1.0,0.0
0.8514249577450957,0.2085105143573358,-4.164287121365021,0.11636639788547609,0.8174497084911916,0.3806232934765801,0.8779743204450695,0.8680566901074503,172.82955601646697,1.0,0.2085105143573358,0.8680566901074503,0.13194330989254965,0.0,1.0,0.0,0.0
0.7900304363070614,0.3046791390980408,-55.14484301692487,0.40298017876516146,0.17352451498650867,0.6949510889024617,0.34609972653778553,0.9756102008599149,149.73609082834648,0.0,0.3046791390980408,0.9756102008599149,0.0243897991400851,0.0,0.0,1.0,0.0
0.822480563634361,0.13252467274184843,-8.279131063642645,0.9227571905133943,0.4870619188189359,0.6062529377509774,0.7648098009029954,0.17483862726041255,130.35925070488196,0.0,0.13252467274184843,0.17483862726041255,0.8251613727395875,1.0,0.0,1.0,0.0
0.3986630277723131,0.1463739921622491,-37.94793466250812,0.06817230938549357,0.025811906949486985,0.13516628915482276,0.9631151115891738,0.549529535895017,195.2151025614508,0.0,0.1463739921622491,0.549529535895017,0.45047046410498304,0.0,0.0,0.0,0.0
0.432497878330132,0.3118161330852596,-29.631488229585354,0.4395116886329101,0.10566468426174391,0.6408263146902062,0.2160381825095996,0.6195879548978296,151.02815293574147,0.0,0.3118161330852596,0.6195879548978296,0.3804120451021704,0.0,0.0,1.0,0.0
0.1520248531286481,0.06134962711066816,-13.154304835893612,0.4598004237693202,0.05816379550547579,0.9948663171697671,0.05778056099636664,0.6950352288585532,197.7150495368779,0.0,0.06134962711066816,0.6950352288585532,0.3049647711414468,0.0,0.0,1.0,0.0
0.23918010421592562,0.14224936868719618,-52.716903634654265,0.30327514756759555,0.10104581101064669,0.6921613416941319,0.06229179813006269,0.5094221281497897,199.53755953941675,0.0,0.14224936868719618,0.5094221281497897,0.4905778718502103,0.0,0.0,1.0,0.0
0.8139702695060188,0.6152194382310109,-41.6247827528033,0.6238958362916385,0.5270414639116516,0.4260833838903715,0.13071037674019947,0.8866042152404667,122.96985083498515,0.0,0.6152194382310109,0.8866042152404667,0.11339578475953327,0.0,1.0,0.0,0.0
0.19462251182076507,0.3677593508772896,-35.15221484826438,0.8275378955668743,0.733614380561402,0.7693048936413398,0.011031264428647214,0.4161539981797615,127.38818122894531,1.0,0.3677593508772896,0.4161539981797615,0.5838460018202385,0.0,0.0,1.0,0.0
0.019192276823056686,0.2598132087450342,-14.382610612671897,0.13710970572899905,0.5353101314525917,0.2152018720172375,0.012120774643893273,0.24120145759954148,196.62232568740754,0.0,0.2598132087450342,0.24120145759954148,0.7587985424004585,1.0,0.0,0.0,0.0
0.8015371118829896,0.9595766443210334,-30.728757364418254,0.1097361986775035,0.547959488973693,0.4543773345599609,0.844357082739616,0.09808258078424459,128.35375918304896,0.0,0.9595766443210334,0.09808258078424459,0.9019174192157554,0.0,0.0,0.0,1.0
0.15004866469398426,0.32467592689006,-15.758575356732024,0.47601812936876653,0.37588828514576933,0.3944762785700353,0.45944676840598664,0.7850165438370569,184.8918564516328,0.0,0.32467592689006,0.7850165438370569,0.21498345616294312,0.0,0.0,0.0,0.0
0.9553346865039283,0.7869033862552951,-41.075586255119234,0.6881347060865421,0.4376031240553919,0.2546706220460512,0.8408715794259226,0.038426348962324997,186.2466788989593,0.0,0.7869033862552951,0.038426348962324997,0.961573651037675,0.0,0.0,0.0,1.0
0.46147746462473416,0.6372014768082804,-20.43876466765304,0.8951177407065364,0.6366696821672073,0.6139335847600618,0.06665204056068996,0.5184080219452041,81.02366011438583,0.0,0.6372014768082804,0.5184080219452041,0.4815919780547959,0.0,0.0,1.0,0.0
0.7374337687214856,0.5122219208126745,-19.1863332474988,0.041672900602384266,0.08479201604580322,0.7163233880626823,0.07208433599867337,0.0712567277652586,61.69518653288424,0.0,0.5122219208126745,0.0712567277652586,0.9287432722347414,0.0,0.0,1.0,0.0
0.9565013982994801,0.737508359459007,-38.80491548987615,0.2965355812876552,0.34970322974584955,0.7746535311811819,0.6613706110704144,0.18519556786746794,84.37530694677181,0.0,0.737508359459007,0.18519556786746794,0.8148044321325321,0.0,0.0,1.0,1.0
0.09839564971339732,0.6603027197013381,-14.13764026669584,0.265046428325004,0.020944961030912812,0.08217166747642735,0.9678600348450305,0.29544477747742026,167.69124069733869,0.0,0.6603027197013381,0.29544477747742026,0.7045552225225797,0.0,0.0,0.0,0.0
0.6246635688542638,0.3819396396528959,-47.658764268266694,0.12138641815940643,0.6150129680388666,0.774633780637788,0.6439042535411307,0.5303021332491583,65.87317128042908,1.0,0.3819396396528959,0.5303021332491583,0.4696978667508417,0.0,0.0,1.0,0.0
0.9684887775943838,0.7987141916545746,-42.43067779794212,0.9799703293588506,0.6018815896363221,0.5824226582072465,0.7480731794295321,0.8117697880901376,151.9070050264104,0.0,0.7987141916545746,0.8117697880901376,0.18823021190986244,0.0,1.0,1.0,1.0
0.12809574636620003,0.3382675059944984,-4.3149815804370135,0.22461561184385193,0.3721670238375133,0.432076882944196,0.4394049896944522,0.6129395824945255,192.03061728425905,0.0,0.3382675059944984,0.6129395824945255,0.3870604175054745,0.0,0.0,0.0,0.0
0.24069271183250496,0.12150137630091806,-48.151770608403766,0.8869249002092695,0.645810812655206,0.28590678923916013,0.8159469389686173,0.861369996363436,178.51200741663894,1.0,0.12150137630091806,0.861369996363436,0.13863000363656397,0.0,1.0,0.0,0.0
0.9189265336395545,0.2522410201733616,-14.697484275223303,0.46053949727414,0.8419985528900615,0.7284906771616132,0.7764474464997246,0.6561618376810715,84.84002772575896,1.0,0.2522410201733616,0.6561618376810715,0.3438381623189285,0.0,1.0,1.0,0.0
0.5450269188969383,0.9846697395245082,-3.756716010172866,0.04317373579701167,0.16481481572943713,0.1317287734545619,0.7259799099852955,0.8177853298569451,89.89159128349407,0.0,0.9846697395245082,0.8177853298569451,0.18221467014305492,0.0,0.0,0.0,0.0
0.505852692951829,0.8407030280112,-16.031907314024963,0.5422372054918483,0.5903476904587729,0.50836054691628,0.2975484513188206,0.5650219928590161,156.4439422870127,0.0,0.8407030280112,0.5650219928590161,0.4349780071409839,0.0,0.0,1.0,0.0
0.8733229158608077,0.6362913539792481,-14.33270777741052,0.160071634954573,0.4615574744197899,0.009331619827093296,0.24667886452162302,0.7264617151130048,198.85339318891087,0.0,0.6362913539792481,0.7264617151130048,0.27353828488699516,0.0,1.0,0.0,0.0
0.0991780995872159,0.40149431586128825,-11.995741878050431,0.20403563462889884,0.5550849493022862,0.7330712960296748,0.615985450260179,0.18802473461541613,109.75383961600352,0.0,0.40149431586128825,0.18802473461541613,0.8119752653845839,1.0,0.0,1.0,0.0
0.7837917844853972,0.5542265141320166,-59.686223187425234,0.7609907600280938,0.03531135494023907,0.7457337827312321,0.2024805601652374,0.9580734801193802,111.51170518229182,0.0,0.5542265141320166,0.9580734801193802,0.041926519880619795,0.0,0.0,1.0,0.0
0.3269316163380791,0.14888805033244468,-41.66374707058711,0.8766507618282006,0.9963343376272473,0.36830953050684834,0.44861063095454257,0.722070938202737,184.06740926511043,1.0,0.14888805033244468,0.722070938202737,0.27792906179726296,0.0,1.0,0.0,0.0
0.5930443341867842,0.39152569817782934,-35.24268954908258,0.6956181464968069,0.0032182636042786816,0.6195893374598407,0.3554930104413574,0.7941973312770843,73.0186895752385,0.0,0.39152569817782934,0.7941973312770843,0.20580266872291575,0.0,0.0,1.0,0.0
0.5882022669483905,0.48097288988612374,-21.46046844568636,0.06485359448296835,0.5799837874281313,0.5614845879595237,0.5606600944161709,0.6034876665964548,154.7055112116907,0.0,0.48097288988612374,0.6034876665964548,0.3965123334035452,0.0,1.0,1.0,0.0
0.8049889996807698,0.26982072012821434,-10.497035389196277,0.4982556822634536,0.07705827913433116,0.0585509292439792,0.3342383186960608,0.7848969771114676,159.0753308637282,0.0,0.26982072012821434,0.7848969771114676,0.21510302288853245,0.0,0.0,0.0,0.0
0.7886149646724064,0.5172690564416094,-33.58806012267057,0.14745252670628395,0.32819275360931155,0.43401936617387527,0.08860042967961723,0.22061195271121126,143.75154116892344,0.0,0.5172690564416094,0.22061195271121126,0.7793880472887887,0.0,0.0,0.0,0.0
0.7356631142391898,0.9983475113929496,-4.013200119386539,0.6425651995351915,0.421248053294072,0.6361773647082327,0.785651618080232,0.11833619092338732,117.38668455748035,0.0,0.9983475113929496,0.11833619092338732,0.8816638090766127,0.0,0.0,1.0,1.0
0.8398022856356172,0.383832951933044,-25.68766372636881,0.5877693608621982,0.18447625313363936,0.3622354416522884,0.33451128874193214,0.026196708532064794,63.38684694478973,0.0,0.383832951933044,0.026196708532064794,0.9738032914679352,1.0,0.0,0.0,0.0
0.8316970436757735,0.2730708099728124,-28.915274025671074,0.29872557358877305,0.9406792451153405,0.25929675886577375,0.4296568127389351,0.8727302504846018,177.87069935085322,1.0,0.2730708099728124,0.8727302504846018,0.12726974951539816,0.0,1.0,0.0,0.0
0.18610141784627732,0.8026433097957104,-32.50878679572644,0.4829688720853552,0.13347997241594378,0.08060151375712465,0.7279393069737652,0.49646115235529975,121.15909836612514,0.0,0.8026433097957104,0.49646115235529975,0.5035388476447002,0.0,0.0,0.0,0.0
0.7295082286523967,0.7655128989911097,-50.46550993983878,0.6102251494776413,0.13535408227768553,0.7513750860290457,0.6569551562671395,0.956614621083458,69.65412228989896,0.0,0.7655128989911097,0.956614621083458,0.04338537891654204,0.0,0.0,1.0,1.0
0.05705472115125432,0.28218707469320015,-44.29765897584564,0.24697879907199982,0.9062545805210367,0.2495461998495061,0.271949726128631,0.7593982624179637,122.96357794307559,1.0,0.28218707469320015,0.7593982624179637,0.2406017375820363,0.0,1.0,0.0,0.0
0.7767105569551812,0.06536615756438524,-30.74572837959694,0.03361360018328263,0.06265320345535452,0.906437453344411,0.13924537111759516,0.5324206822752171,117.55338436409892,0.0,0.06536615756438524,0.5324206822752171,0.4675793177247829,0.0,0.0,1.0,0.0
0.3473433262588427,0.8998333456872725,-58.69059619347063,0.6637896861755891,0.9633944342135504,0.5601681834618419,0.9368224620330918,0.05225787928602377,118.63106467038259,0.0,0.8998333456872725,0.05225787928602377,0.9477421207139762,0.0,0.0,1.0,0.0
0.26015779096205116,0.7308209649807298,-1.1221745701651997,0.2565300624442478,0.6541746014740745,0.19809763275974013,0.5653302545716099,0.4639324866883362,196.0807461484152,0.0,0.7308209649807298,0.4639324866883362,0.5360675133116638,0.0,0.0,0.0,0.0
0.6085272726964666,0.3495063720868188,-53.154252906724,0.15124682873493456,0.2253169299512351,0.250966661340298,0.8506160578411378,0.5612227882825249,133.2747275924113,0.0,0.3495063720868188,0.5612227882825249,0.4387772117174751,0.0,0.0,0.0,0.0
0.11476887186921747,0.860139693349435,-16.631141807490977,0.06766836190000158,0.7078350972297687,0.5435382173426461,0.08172534574677826,0.45830064152865646,127.85748019820657,0.0,0.860139693349435,0.45830064152865646,0.5416993584713435,0.0,0.0,1.0,0.0
0.16577454016327575,0.9456981470002823,-9.001477711160284,0.6690223373291083,0.4622955610006072,0.4117655415845085,0.6509734671509542,0.5454318694069055,68.71823482346399,0.0,0.9456981470002823,0.5454318694069055,0.45456813059309453,0.0,0.0,0.0,0.0
0.5125026487703317,0.8064036172328395,-32.44560734418252,0.05195657755426841,0.7862781993840331,0.2013637821359744,0.2586208348880388,0.1647063534322959,106.23010908200965,0.0,0.8064036172328395,0.1647063534322959,0.8352936465677041,0.0,0.0,0.0,0.0
0.756751505688635,0.5193858595039373,-47.70712355095725,0.8778300781520408,0.8795818549515292,0.8705784250460069,0.23879621138153928,0.4512393441809881,197.89855185972252,0.0,0.5193858595039373,0.4512393441809881,0.5487606558190119,0.0,0.0,1.0,0.0
0.7720124763099904,0.027167421225559818,-56.08772452437048,0.46393137681233276,0.9092202058615602,0.5387017979527142,0.4978125080342902,0.10547369995663058,151.9492146614012,1.0,0.027167421225559818,0.10547369995663058,0.8945263000433694,1.0,0.0,1.0,0.0
0.8221031606002255,0.38042000750756233,-13.463288944480354,0.9644766539008116,0.2037664591276891,0.5233296311947413,0.28713795808457554,0.7928544190338394,140.86307122336206,0.0,0.38042000750756233,0.7928544190338394,0.20714558096616065,0.0,0.0,1.0,0.0
0.6345824175503038,0.7979141596158941,-36.24177164025271,0.9150900684070432,0.53302886724614,0.157954822835348,0.6958991181688025,0.7932613504382544,104.34663478945373,0.0,0.7979141596158941,0.7932613504382544,0.2067386495617456,0.0,1.0,0.0,1.0
0.857179256998753,0.9061432547657664,-43.385730757331466,0.9835214727152221,0.14071152804875842,0.20201566840248997,0.18422483923802613,0.8939897100078704,151.60095732549468,0.0,0.9061432547657664,0.8939897100078704,0.10601028999212958,0.0,0.0,0.0,1.0
0.15210428322227287,0.440323418368349,-23.082118495811876,0.08346408498938329,0.8824163684073387,0.8036035354415352,0.5052067735766382,0.9671266152591704,118.48653709851396,0.0,0.440323418368349,0.9671266152591704,0.03287338474082957,0.0,1.0,1.0,0.0
0.9841103190364978,0.6679199988036271,-21.91972360476351,0.165954895295785,0.881927758304644,0.42748968792061515,0.16223340578247936,0.01260751997575904,138.36579570937357,0.0,0.6679199988036271,0.01260751997575904,0.987392480024241,0.0,0.0,0.0,0.0
0.5273996221226763,0.7193536223691586,-6.584516818931874,0.07940658464302952,0.7314964903403623,0.18741194409758222,0.858177053157164,0.8190635138616561,135.71112569797623,0.0,0.7193536223691586,0.8190635138616561,0.1809364861383439,0.0,1.0,0.0,0.0
0.7102427986233115,0.3143501131837484,-31.729926064031122,0.8216368977104717,0.4592651971732139,0.3577982653254418,0.4942124472502999,0.8282492524372184,106.92912663192217,0.0,0.3143501131837484,0.8282492524372184,0.17175074756278164,0.0,1.0,0.0,0.0
0.1737615931357438,0.7120140203307808,-10.44130723751509,0.10063747852353333,0.23987411275594472,0.1419719897609939,0.3479414115821666,0.45035097890541265,164.83568717486293,0.0,0.7120140203307808,0.45035097890541265,0.5496490210945874,0.0,0.0,0.0,0.0
0.6511475848816741,0.6209285674784312,-38.857503203420734,0.8414475530847599,0.47128716739816456,0.9791049380151545,0.6341421382957368,0.12626474156450274,154.66485869056078,0.0,0.6209285674784312,0.12626474156450274,0.8737352584354973,0.0,0.0,1.0,0.0
0.325104015431699,0.6863271966860974,-55.821531110255656,0.1748814371759594,0.8557372589057863,0.2271795570235149,0.83704112524294,0.27927608845441043,150.00346740821908,0.0,0.6863271966860974,0.27927608845441043,0.7207239115455896,0.0,0.0,0.0,0.0
0.694150573509831,0.5126547531450529,-41.68135939819612,0.21264437637109612,0.03318935456242622,0.3039464012407238,0.653162790531283,0.9383048184484827,181.96862751682727,0.0,0.5126547531450529,0.9383048184484827,0.06169518155151732,0.0,0.0,0.0,0.0
0.7660647765353026,0.7884473432532987,-20.100905791440283,0.260286857566003,0.9071950307058299,0.670732311905834,0.56044063098044,0.11098946921348107,122.58777613289956,0.0,0.7884473432532987,0.11098946921348107,0.8890105307865189,0.0,0.0,1.0,1.0
0.4603582712019263,0.86456360952267,-27.201106788732694,0.38040054897040965,0.9768003285106593,0.11072059332631567,0.4225484283119446,0.04202467517140529,163.58657690737024,0.0,0.86456360952267,0.04202467517140529,0.9579753248285947,0.0,0.0,0.0,0.0
0.9180765521991506,0.28003732955048943,-8.499499392052748,0.29221823046189777,0.9107701616439152,0.7539619035967839,0.8049067768414386,0.0180065556004545,194.79344999036363,1.0,0.28003732955048943,0.0180065556004545,0.9819934443995455,1.0,0.0,1.0,0.0
0.7266709920703233,0.3047510953861333,-10.236320108469187,0.28152119841492995,0.872753839566128,0.11258039041193701,0.7036859774607958,0.5406984766449103,73.51482582736172,1.0,0.3047510953861333,0.5406984766449103,0.45930152335508967,0.0,0.0,0.0,0.0
0.24189382825883898,0.01240403627731479,-31.873922072129652,0.3012652607600004,0.5983574842977588,0.2972378077086172,0.2999191115069847,0.7431931987316034,66.73999703696948,0.0,0.01240403627731479,0.7431931987316034,0.2568068012683966,0.0,1.0,0.0,0.0
0.9028949951919872,0.8522638743911815,-19.931719006415612,0.5932215701073843,0.8923024981396522,0.18533017952871444,0.07896916219082861,0.2395101699095381,171.24095901802664,0.0,0.8522638743911815,0.2395101699095381,0.7604898300904619,0.0,0.0,0.0,1.0
0.03467026672648332,0.5828068350834896,-0.2737490285214008,0.8556960938375394,0.5214456890435895,0.06364090928664234,0.8313735143857098,0.5989785081772105,76.09061958833937,0.0,0.5828068350834896,0.5989785081772105,0.40102149182278946,0.0,0.0,0.0,0.0
0.0938572848233562,0.9096268194365924,-19.847984223715294,0.8292867993167555,0.8789789002822673,0.5717723520483222,0.5174463517550413,0.4304274103209902,104.3725222907567,0.0,0.9096268194365924,0.4304274103209902,0.5695725896790098,0.0,0.0,1.0,0.0
0.43459596085871177,0.7738796557301564,-23.88459413909211,0.8925232899548461,0.4433800143791877,0.607089578718754,0.6313075530919887,0.5916971623063255,158.36872823197228,0.0,0.7738796557301564,0.5916971623063255,0.4083028376936745,0.0,0.0,1.0,0.0
0.23743346837480628,0.5123637775457907,-53.74651183149914,0.38451132764481255,0.4876670686212644,0.6522242595454725,0.9505310525862035,0.6006510665483559,164.10314826471836,0.0,0.5123637775457907,0.6006510665483559,0.39934893345164413,0.0,1.0,1.0,0.0
0.5062660594952028,0.6341040313763313,-55.74406703197359,0.254391580841847,0.3618530932051387,0.47249335500651357,0.045648745502383736,0.14002409755331768,98.75400309078282,0.0,0.6341040313763313,0.14002409755331768,0.8599759024466823,0.0,0.0,0.0,0.0
0.9715326909010507,0.33134700710305076,-31.07753651327505,0.19609771273839294,0.6107800710757683,0.2806832155159743,0.20699257843842678,0.5165726284459791,60.770811882458915,1.0,0.33134700710305076,0.5165726284459791,0.48342737155402093,0.0,0.0,0.0,0.0
0.0076640326492253275,0.21906880910185778,-57.79671824995073,0.10802575413069138,0.3388606493387516,0.8025856795798129,0.5720486433693008,0.5126677259564164,101.08843524913704,0.0,0.21906880910185778,0.5126677259564164,0.4873322740435836,0.0,0.0,1.0,0.0
0.9317537194328164,0.39701504123719167,-54.77443399225371,0.6170665161178013,0.11383839347660141,0.3452231428016921,0.5074119387178089,0.8742225246851758,129.0965212476166,0.0,0.39701504123719167,0.8742225246851758,0.1257774753148242,0.0,0.0,0.0,0.0
0.7022587660316643,0.9928168389990704,-52.1106528061211,0.2747315255195195,0.3945760755976464,0.42182817853883137,0.41102107526554577,0.9076110025565549,159.96457022535992,0.0,0.9928168389990704,0.9076110025565549,0.09238899744344509,0.0,0.0,0.0,1.0
0.6079052140907037,0.3093727178627821,-10.572576946722322,0.9550605114849889,0.8211982825502265,0.0015651051914729042,0.636401370183407,0.051135381442100725,96.06501084672107,1.0,0.3093727178627821,0.051135381442100725,0.9488646185578993,1.0,0.0,0.0,0.0
0.059524700347771686,0.6037954529493877,-18.804605190443596,0.11448763806590512,0.3838388830449795,0.456236508955542,0.3690530217609166,0.12102500048519305,118.65269062624657,0.0,0.6037954529493877,0.12102500048519305,0.878974999514807,0.0,0.0,0.0,0.0
0.7511780478084181,0.07100766453325547,-55.189199155085795,0.3547712918359842,0.941725711618925,0.668572646722914,0.6786699566725648,0.36191999083786497,143.11251076919538,1.0,0.07100766453325547,0.36191999083786497,0.638080009162135,0.0,0.0,1.0,0.0
0.010131184027743378,0.6360960464095422,-5.202783145425798,0.6125734683448192,0.873698593466345,0.7239730554660938,0.12055841640369025,0.9024533072858417,69.30213820980848,0.0,0.6360960464095422,0.9024533072858417,0.09754669271415828,0.0,1.0,1.0,0.0
0.5339674725477638,0.14213712379345766,-59.29760335614576,0.422034260127639,0.29504070765415624,0.486000493797603,0.5771998867345508,0.04373907230894736,77.22046131732439,0.0,0.14213712379345766,0.04373907230894736,0.9562609276910526,1.0,0.0,0.0,0.0
0.5586423964504253,0.34316735317265823,-16.249590747033118,0.6522916485919397,0.8456043629899068,0.6924928266692253,0.42993107739014813,0.6729666223944324,98.55336439575859,1.0,0.34316735317265823,0.6729666223944324,0.3270333776055676,0.0,1.0,1.0,0.0
0.3063134987782127,0.7889851599207933,-33.21482901590507,0.7983803405183525,0.8224223736682784,0.8575623376612838,0.9166352358412073,0.43098522051329624,104.64135456495944,0.0,0.7889851599207933,0.43098522051329624,0.5690147794867038,0.0,0.0,1.0,0.0
0.5821987465941139,0.3711724234376276,-23.935549991986022,0.7055858626438246,0.6884050184921369,0.37455288702012135,0.16686020169875282,0.43052933846220753,79.96318017146723,1.0,0.3711724234376276,0.43052933846220753,0.5694706615377925,0.0,0.0,0.0,0.0
0.8900970351838083,0.3458774607378574,-50.732415166600575,0.025447759905750877,0.6458223862864843,0.6369023174547432,0.34060416658129167,0.071711888847651,117.34804528533249,1.0,0.3458774607378574,0.071711888847651,0.928288111152349,1.0,0.0,1.0,0.0
0.3112174950633936,0.6771206397350094,-23.653245032838576,0.36459372819754,0.2178925542549901,0.9880359661555919,0.45400162119611487,0.688274235780237,79.67741546097051,0.0,0.6771206397350094,0.688274235780237,0.31172576421976295,0.0,0.0,1.0,0.0
0.4855896996593978,0.027536719869465487,-29.672692925373003,0.9640174071177023,0.3842067129858002,0.03899601257491159,0.03095579091934353,0.3879867599468695,82.40349110484716,0.0,0.027536719869465487,0.3879867599468695,0.6120132400531305,0.0,0.0,0.0,0.0
0.023352096328185912,0.7562136139501768,-32.48861946708656,0.2892447719726545,0.9000831830164807,0.11613896020052561,0.9559188289553192,0.3139667173773528,184.37651412321537,0.0,0.7562136139501768,0.3139667173773528,0.6860332826226472,0.0,0.0,0.0,0.0
0.6029428764794615,0.8267073597414875,-0.9592102073721449,0.2884054378187457,0.961135485407593,0.38948189490242036,0.3855119047369223,0.3403871042545057,135.79706502866193,0.0,0.8267073597414875,0.3403871042545057,0.6596128957454943,0.0,0.0,0.0,1.0
0.1541450431784871,0.5537114853580112,-27.497711255399757,0.76190181260487,0.8336499619375856,0.44044135031242404,0.30233324935149375,0.25933489731709447,87.24733713868207,0.0,0.5537114853580112,0.25933489731709447,0.7406651026829055,0.0,0.0,0.0,0.0
0.05764758219902488,0.34244797883471334,-43.78513847215301,0.9664173858664074,0.5577088262500439,0.34727703903050755,0.580467600993696,0.1391967013456955,122.16612488830842,0.0,0.34244797883471334,0.1391967013456955,0.8608032986543045,1.0,0.0,0.0,0.0
0.6262343214210638,0.4888978317924514,-35.89327196074055,0.9938483888996982,0.880314762148927,0.6234059581594401,0.5693773611822828,0.620660479824584,88.18369509514065,0.0,0.4888978317924514,0.620660479824584,0.37933952017541595,0.0,1.0,1.0,0.0
0.3951377432643186,0.03945953289089932,-31.4672377507904,0.5430245839576632,0.2277497361032096,0.9640288471655137,0.909454610937242,0.7221432354559059,134.67412802715074,0.0,0.03945953289089932,0.7221432354559059,0.27785676454409414,0.0,0.0,1.0,0.0
0.869969159647685,0.1306523438234629,-12.569412343506897,0.1248208139668483,0.7942106625494054,0.27576756825135695,0.8770905810181889,0.9440420938253978,80.83143571671619,1.0,0.1306523438234629,0.9440420938253978,0.05595790617460217,0.0,1.0,0.0,0.0
0.4626756050653935,0.9809873781626851,-30.995553841611205,0.8635475225145451,0.5887315221313199,0.37532990791960186,0.2857835555258702,0.20322309108608727,166.65174679287762,0.0,0.9809873781626851,0.20322309108608727,0.7967769089139127,0.0,0.0,0.0,0.0
0.3865405068230279,0.5112754622007512,-30.460471199929085,0.5772790292331312,0.8655771456245522,0.9807393435834294,0.40758420857381694,0.8275189221063031,167.03389125166046,0.0,0.5112754622007512,0.8275189221063031,0.17248107789369693,0.0,1.0,1.0,0.0
0.5735289514555733,0.9560471436119331,-47.97152906829584,0.10926421030962141,0.8539619669554221,0.4391498166337483,0.8469688542070605,0.8930902051954149,68.74406310667,0.0,0.9560471436119331,0.8930902051954149,0.10690979480458507,0.0,1.0,0.0,0.0
0.8834647629860607,0.4483190553694222,-29.374050659746068,0.6265925110932102,0.9263826067300868,0.01911609442976403,0.4768434683178171,0.6877220424305607,161.178974077752,0.0,0.4483190553694222,0.6877220424305607,0.3122779575694393,0.0,1.0,0.0,0.0
0.692532431537108,0.13443512940812186,-42.036264697699124,0.35871552541701346,0.804437207679505,0.278759872414553,0.21070496386720317,0.9574480190380962,61.24085991588564,1.0,0.13443512940812186,0.9574480190380962,0.042551980961903824,0.0,1.0,0.0,0.0
0.9978208556819782,0.6768212988573956,-10.291842033052973,0.29461939634619316,0.014315277667059978,0.73786951856153,0.8341445970006758,0.7404761319535191,79.9990402221174,0.0,0.6768212988573956,0.7404761319535191,0.25952386804648087,0.0,0.0,1.0,0.0
0.7534279222569691,0.768922782107641,-20.487569059796705,0.7661159327955862,0.8459214396777321,0.6136041142374584,0.08860471396967906,0.48762780966721087,70.87090685402471,0.0,0.768922782107641,0.48762780966721087,0.5123721903327891,0.0,0.0,1.0,1.0
0.40754303103243084,0.40710648912562764,-56.039409351585505,0.3488205339694793,0.11099809879131484,0.8082352100092222,0.9476880259644708,0.0723164752579386,193.7161290208382,0.0,0.40710648912562764,0.0723164752579386,0.9276835247420614,1.0,0.0,1.0,0.0
0.5225765993367452,0.2995656779538739,-55.38827548343019,0.5006242680704178,0.7945155444907487,0.7070864772666982,0.05022601146397376,0.07290183536790351,116.40225956856919,1.0,0.2995656779538739,0.07290183536790351,0.9270981646320965,1.0,0.0,1.0,0.0
0.2952904940479433,0.23238432305604784,-43.13973006547718,0.8034827432968846,0.9292280536318539,0.4051026945275664,0.9061110021324971,0.32149570124788196,126.70117808813083,1.0,0.23238432305604784,0.32149570124788196,0.678504298752118,0.0,0.0,0.0,0.0
0.22602899781599972,0.640476042175844,-1.2611330895114676,0.6034930960433786,0.35781408411354887,0.6478174459905284,0.12292067846538757,0.8886590802653986,130.4317531091771,0.0,0.640476042175844,0.8886590802653986,0.11134091973460136,0.0,0.0,1.0,0.0
0.44934974203964206,0.5858647884535192,-22.512968232635856,0.07177580622651303,0.6826172212234024,0.24193168031552958,0.7139526325065898,0.8225347943841967,172.55419105735285,0.0,0.5858647884535192,0.8225347943841967,0.17746520561580326,0.0,1.0,0.0,0.0
0.5525009674078891,0.5201698923107512,-51.4274423196353,0.7753461504031356,0.27140938044671437,0.49669542281794654,0.2842740929275167,0.13382836299969314,148.13807756484312,0.0,0.5201698923107512,0.13382836299969314,0.8661716370003069,0.0,0.0,0.0,0.0
0.05433203482290383,0.7486452341262,-40.944792284333005,0.00013469300448532007,0.5111291392372298,0.046851908527603126,0.27616955782089947,0.7069764874557162,68.77654702706123,0.0,0.7486452341262,0.7069764874557162,0.2930235125442838,0.0,1.0,0.0,0.0
0.8393384923560023,0.003819922658583108,-45.190567847885866,0.7409040561520714,0.3162701497293068,0.10189238806601353,0.3602339188004279,0.27039328638452553,177.97966630247768,0.0,0.003819922658583108,0.27039328638452553,0.7296067136154745,1.0,0.0,0.0,0.0
0.31334791758514313,0.7889324717760072,-6.487671311355918,0.43381741957652953,0.909943143854392,0.37731805396319285,0.9640784164901082,0.08928952452557293,156.182697310454,0.0,0.7889324717760072,0.08928952452557293,0.9107104754744271,0.0,0.0,0.0,0.0
0.49381404045692867,0.38764880545564706,-22.037287275083948,0.7038570916343312,0.004363269650309087,0.16695308874719872,0.7130460506343187,0.6663854135782065,195.24665071801482,0.0,0.38764880545564706,0.6663854135782065,0.33361458642179354,0.0,0.0,0.0,0.0
0.761037790250783,0.950772707731338,-17.847569907911584,0.29805220863944315,0.10536492225085647,0.7818238633449356,0.6441492214759159,0.04818601239329623,110.40706522613696,0.0,0.950772707731338,0.04818601239329623,0.9518139876067038,0.0,0.0,1.0,1.0
0.9567998154842862,0.5004011457102012,-34.03625183881772,0.457699605159294,0.20888272400516372,0.3687071708647952,0.3698132559871766,0.0523550201874724,167.45946799250856,0.0,0.5004011457102012,0.0523550201874724,0.9476449798125276,0.0,0.0,0.0,0.0
0.416504431903879,0.8221798868164233,-8.979119932806277,0.21199405469865806,0.6573534821701286,0.4722818041629817,0.8801567379214851,0.21574067917645412,154.8938480434062,0.0,0.8221798868164233,0.21574067917645412,0.7842593208235459,0.0,0.0,0.0,0.0
0.6077521222527226,0.2953014775718328,-51.803945780929645,0.6516397604772766,0.7385974581323307,0.31562734376335,0.6448326040223138,0.39513090761150327,159.8489636595665,1.0,0.2953014775718328,0.39513090761150327,0.6048690923884967,0.0,0.0,0.0,0.0
0.1992152748940531,0.8902150026361744,-42.755424212065215,0.3677859877561529,0.058091952080349785,0.1115122123212764,0.5158619027123281,0.2675926767279715,176.9672316039072,0.0,0.8902150026361744,0.2675926767279715,0.7324073232720285,0.0,0.0,0.0,0.0
0.014693388654953843,0.3790940486719362,-39.75926719385444,0.019327630917601035,0.12436839900051022,0.41364267491863527,0.49286458444744663,0.4042897472548691,134.33127497769314,0.0,0.3790940486719362,0.4042897472548691,0.5957102527451309,0.0,0.0,0.0,0.0
0.5951316749056815,0.00992382112783563,-32.154290432789765,0.9634992408875883,0.5190322801295487,0.6775422674589532,0.3118638579168832,0.7739913781527625,168.20900746265613,0.0,0.00992382112783563,0.7739913781527625,0.22600862184723747,0.0,1.0,1.0,0.0
0.521296047654139,0.9760138232792136,-52.466987114240794,0.016947664889580993,0.770158211757096,0.8071555373648825,0.12020722912057624,0.2655828329586061,62.45733087132805,0.0,0.9760138232792136,0.2655828329586061,0.7344171670413939,0.0,0.0,1.0,0.0
0.2933086107805647,0.7731418739186715,-28.922368337245263,0.3480955931682881,0.3717392949063303,0.0013536257154681541,0.2998005275652359,0.6464587416379305,196.38722213429,0.0,0.7731418739186715,0.6464587416379305,0.3535412583620695,0.0,0.0,0.0,0.0
0.8470608269838995,0.023594964645529126,-6.086363719509642,0.7831984132986259,0.7803761235709804,0.4579957590035715,0.3980052929545028,0.3029157288331926,69.19728025361121,1.0,0.023594964645529126,0.3029157288331926,0.6970842711668074,0.0,0.0,0.0,0.0
0.2282353634936991,0.24660363497802462,-30.955375817387903,0.747444406596694,0.4738098283979466,0.057844449447160606,0.9577898009882039,0.9427243190941123,169.9265360407772,0.0,0.24660363497802462,0.9427243190941123,0.05727568090588775,0.0,1.0,0.0,0.0
0.9913279015642206,0.5444823328002629,-2.233898984807638,0.07560504061675077,0.3656807482613713,0.22538126800676583,0.19583308413427003,0.14080294889267608,147.13790981923952,0.0,0.5444823328002629,0.14080294889267608,0.8591970511073239,0.0,0.0,0.0,0.0
0.7813218557473051,0.5782983994203607,-51.182237424707424,0.8111237699334709,0.6359547071637285,0.3881657061269955,0.674130295536063,0.25990497924283285,108.32690918918948,0.0,0.5782983994203607,0.25990497924283285,0.7400950207571672,0.0,0.0,0.0,0.0
0.9174858431319902,0.2905045056714204,-31.800703910523804,0.8901411373960146,0.7077213502675275,0.06220322616470275,0.14730304427897034,0.007841590771916818,148.32905063208287,1.0,0.2905045056714204,0.007841590771916818,0.9921584092280832,1.0,0.0,0.0,0.0
0.4476734254104183,0.13427485090227553,-2.5239527365937704,0.5296597239456199,0.24189329411288918,0.5006035711547075,0.6796203327351078,0.07623921797356448,98.45853410670487,0.0,0.13427485090227553,0.07623921797356448,0.9237607820264355,1.0,0.0,1.0,0.0
0.8069654908839936,0.45966487040266124,-27.205371478062304,0.43281600220946925,0.04389994264300512,0.16574977982015593,0.4455416387418909,0.20918546540792782,66.99706401235503,0.0,0.45966487040266124,0.20918546540792782,0.7908145345920722,1.0,0.0,0.0,0.0
0.8436496640518237,0.9811925291641158,-12.411427560195634,0.853784921704667,0.24197713031704537,0.9606269755131998,0.19692570445342839,0.9514298103618323,199.27470115523315,0.0,0.9811925291641158,0.9514298103618323,0.04857018963816773,0.0,0.0,1.0,1.0
0.7117228057460487,0.9811437317918219,-25.827613225973778,0.25954178317609033,0.43699588566562086,0.593560935378786,0.07308156202701499,0.6223432646172461,197.36489714672123,0.0,0.9811437317918219,0.6223432646172461,0.3776567353827539,0.0,1.0,1.0,1.0
0.19010764978372763,0.7925951162883833,-5.5260723732228385,0.9437015928202208,0.9601356044054472,0.5214596387214719,0.9773079079915037,0.7573102071344389,82.63400107317466,0.0,0.7925951162883833,0.7573102071344389,0.24268979286556114,0.0,1.0,1.0,0.0
0.47690010646797,0.718331175372004,-45.159581050854996,0.6406151835488874,0.6666004790466192,0.1626997438085659,0.5650853124527563,0.7716269109786077,129.84539303503186,0.0,0.718331175372004,0.7716269109786077,0.2283730890213923,0.0,1.0,0.0,0.0
0.012103116776107425,0.009038469079292177,-38.57823936179927,0.926194068431782,0.22867677960360877,0.6343636888716871,0.22207587069332058,0.3216699896595486,178.72589254420774,0.0,0.009038469079292177,0.3216699896595486,0.6783300103404514,0.0,0.0,1.0,0.0
0.7288614422699469,0.09539927731321063,-34.27787874081398,0.029169763645264468,0.480890146603009,0.6624340117010681,0.11850262359815156,0.28888493890916567,115.69712757030197,0.0,0.09539927731321063,0.28888493890916567,0.7111150610908343,1.0,0.0,1.0,0.0
0.9195310246560497,0.993255015422964,-57.30532206026305,0.761007923495392,0.37172406640234323,0.39245818622948003,0.7542649733470227,0.9184264321454086,193.13000323035678,0.0,0.993255015422964,0.9184264321454086,0.08157356785459136,0.0,0.0,0.0,1.0
0.5771225860383208,0.3571211593005028,-12.747054848473248,0.25100138326230026,0.5640740288335178,0.35857846152487316,0.6566310737078761,0.2403989128935069,86.8230124028756,0.0,0.3571211593005028,0.2403989128935069,0.7596010871064931,1.0,0.0,0.0,0.0
0.9182390866754371,0.1018036829495369,-29.6425255359041,0.22085278296300892,0.03892996332566745,0.03601881829142639,0.17522177210582734,0.8667703545060003,99.54702415678373,0.0,0.1018036829495369,0.8667703545060003,0.13322964549399974,0.0,0.0,0.0,0.0
0.9504591705752957,0.5816222929891935,-33.803148613874036,0.5800888346694546,0.5166983852262678,0.7587762537573252,0.28249606597285226,0.3530503916003024,185.1732023546551,0.0,0.5816222929891935,0.3530503916003024,0.6469496083996976,0.0,0.0,1.0,0.0
0.9464565131504055,0.8925582274864745,-34.83312036256119,0.7803655030068817,0.4763357333010988,0.4975398521461022,0.20468010905728395,0.5911303032585165,86.05902568546871,0.0,0.8925582274864745,0.5911303032585165,0.40886969674148355,0.0,0.0,0.0,1.0
0.33156469906719377,0.8550302016199351,-47.575451447348684,0.07115828517343281,0.0690075926128163,0.9407845205031079,0.5069204379618346,0.40941207181701833,173.52300134110857,0.0,0.8550302016199351,0.40941207181701833,0.5905879281829817,0.0,0.0,1.0,0.0
0.835825927910516,0.3321910331156046,-18.382916551572286,0.7711228158518866,0.6546506868659545,0.15159507480009937,0.875883083517057,0.5390945527360087,99.54613969180052,1.0,0.3321910331156046,0.5390945527360087,0.4609054472639913,0.0,0.0,0.0,0.0
0.4252281854376939,0.03757109039890738,-52.327991926654946,0.7655467505158609,1.1634755366141114e-05,0.4165658284822922,0.5225101810855884,0.054634420000972295,196.2309428161266,0.0,0.03757109039890738,0.054634420000972295,0.9453655799990277,1.0,0.0,0.0,0.0
0.22612533124967193,0.30419871963628087,-41.76344926469836,0.2304166621173499,0.001473822086311416,0.7293447940879964,0.9668454997992854,0.22429348328504506,152.82660685247913,0.0,0.30419871963628087,0.22429348328504506,0.7757065167149549,1.0,0.0,1.0,0.0
0.7418963269587151,0.8484253790905247,-34.642248179183454,0.30293090564042924,0.3252951340230311,0.7126213330985128,0.816779466505636,0.18161396775660266,111.93174114208713,0.0,0.8484253790905247,0.18161396775660266,0.8183860322433973,0.0,0.0,1.0,1.0
0.90194019674915,0.8066935196947392,-0.908495834251454,0.7542482596820808,0.39319520102792227,0.5906378339946378,0.6610142542473203,0.07845581631712395,136.2295742745411,0.0,0.8066935196947392,0.07845581631712395,0.921544183682876,0.0,0.0,1.0,1.0
0.7093208284726096,0.16732130400106038,-13.16209695446657,0.5837727805141116,0.9522217856975946,0.042422298206891695,0.26532613755546697,0.6015538792998241,101.51838770883029,1.0,0.16732130400106038,0.6015538792998241,0.39844612070017593,0.0,1.0,0.0,0.0
0.7144241640712422,0.759005282521931,-53.849042156011535,0.5138544642067677,0.5088905555910559,0.36928077021554107,0.9329248625696721,0.8275063198732212,157.60931346734915,0.0,0.759005282521931,0.8275063198732212,0.1724936801267788,0.0,1.0,0.0,1.0
0.7143266357349976,0.4617161438131191,-4.740328734205448,0.6945954272532854,0.7289810616558164,0.8616909037873453,0.274071589342191,0.807070903866703,87.33368441390888,0.0,0.4617161438131191,0.807070903866703,0.192929096133297,0.0,1.0,1.0,0.0
0.34534195224488784,0.3356104542698427,-1.288471896651565,0.8565372237479268,0.7011698615902597,0.7270567616153901,0.5620727944025711,0.9470906671085191,129.47622540353063,1.0,0.3356104542698427,0.9470906671085191,0.05290933289148092,0.0,1.0,1.0,0.0
0.3805177098698945,0.163035336931591,-12.827660864336522,0.7344439320755914,0.3843550385241349,0.02519341395922936,0.8389973277180107,0.011417983454073632,158.51796914806715,0.0,0.163035336931591,0.011417983454073632,0.9885820165459264,1.0,0.0,0.0,0.0
0.970257109726057,0.43766132814820347,-45.90159570024284,0.7048710100433817,0.8171281420155851,0.5464303160778473,0.9670352752561462,0.0516687216579611,130.67138376263392,0.0,0.43766132814820347,0.0516687216579611,0.9483312783420389,1.0,0.0,1.0,0.0
0.7184539473225501,0.862640471149179,-49.244663285532596,0.8000034817636814,0.5527070757185453,0.3965536819899632,0.13171502857909356,0.8652957589089124,82.01824914516015,0.0,0.862640471149179,0.8652957589089124,0.13470424109108758,0.0,1.0,0.0,1.0
0.30978785920909924,0.2900455319624369,-7.715157948548743,0.672702994208898,0.7966813971913723,0.250467898792499,0.6248740996069989,0.5717459831437487,176.59625275035796,1.0,0.2900455319624369,0.5717459831437487,0.4282540168562513,0.0,0.0,0.0,0.0
0.9060870604812605,0.012156771477386807,-19.55880485647244,0.05183579911972902,0.5488586650773559,0.2876327290436782,0.3067765995221412,0.3529585034523566,146.9809428669454,0.0,0.012156771477386807,0.3529585034523566,0.6470414965476434,0.0,0.0,0.0,0.0
0.3340499656687692,0.7326990505902804,-35.72835686556782,0.06835320030995862,0.7837598424841072,0.285758324592706,0.43276687959926263,0.6854438832219015,106.54386200081967,0.0,0.7326990505902804,0.6854438832219015,0.31455611677809847,0.0,1.0,0.0,0.0
0.056585656146715624,0.3739210470128136,-3.3330850383417925,0.6417343972985582,0.6714791486672069,0.6322821536376398,0.1989921389594368,0.41833386410228013,165.13157177086455,1.0,0.3739210470128136,0.41833386410228013,0.5816661358977199,0.0,0.0,1.0,0.0
0.10137289755315915,0.27785277608971226,-43.420853492048785,0.432018927594506,0.9803687409421851,0.06750254668382194,0.518700994380595,0.17936468201221045,195.8947163573642,1.0,0.27785277608971226,0.17936468201221045,0.8206353179877895,1.0,0.0,0.0,0.0
0.1133035047274642,0.40360100236159124,-15.726900909923629,0.7045544280274453,0.42272863689393225,0.34652416795271823,0.39761237855287057,0.2642762631586393,88.74661141895197,0.0,0.40360100236159124,0.2642762631586393,0.7357237368413607,1.0,0.0,0.0,0.0
0.48303969755889,0.2685337560676073,-42.752300106164995,0.6567560634745571,0.9685373316998922,0.6036372005593751,0.07697946706496628,0.07558361385406698,193.19925091837922,1.0,0.2685337560676073,0.07558361385406698,0.924416386145933,1.0,0.0,1.0,0.0
0.29729079030733363,0.09206698608247543,-24.057324770977104,0.6236487782902661,0.6485048201186882,0.2674020278575413,0.015110684214475034,0.9650153694544719,95.12502639675435,1.0,0.09206698608247543,0.9650153694544719,0.03498463054552814,0.0,1.0,0.0,0.0
0.6760262880525475,0.7066298698787096,-23.399554975230856,0.3129073942136482,0.27109625376406576,0.5976682827027031,0.8660956336116915,0.9467337289233956,74.82681261652607,0.0,0.7066298698787096,0.9467337289233956,0.05326627107660442,0.0,0.0,1.0,1.0
0.15482861259771985,0.9447362587830797,-15.807886299912447,0.8829938248297731,0.20263263413534316,0.5875858711094019,0.7011395944174736,0.6801118854469727,117.14123672133773,0.0,0.9447362587830797,0.6801118854469727,0.31988811455302735,0.0,0.0,1.0,0.0
0.015394891691308477,0.5829260568042631,-44.813907649223474,0.45025424614289034,0.9575810150838173,0.3990353176424347,0.8398016066644267,0.18854060574925113,154.14446972350402,0.0,0.5829260568042631,0.18854060574925113,0.8114593942507489,0.0,0.0,0.0,0.0
0.9770069544389435,0.10189310087293679,-59.50080346636848,0.43358279263261434,0.0926254830513672,0.7483843496762314,0.9145486638485589,0.43402097270875883,96.21962990176173,0.0,0.10189310087293679,0.43402097270875883,0.5659790272912412,0.0,0.0,1.0,0.0
0.4344033190066098,0.723447817850001,-59.45675030517774,0.5894539894846972,0.6132916848873791,0.6376882468959355,0.2420220799808772,0.7140527233781268,72.7948080864487,0.0,0.723447817850001,0.7140527233781268,0.28594727662187325,0.0,1.0,1.0,0.0
0.1992703364668008,0.8774700466544819,-15.676610956406016,0.013745554011345251,0.2483762603698002,0.21440648299316456,0.2708063280369726,0.2475597702798864,68.7536814039984,0.0,0.8774700466544819,0.2475597702798864,0.7524402297201136,0.0,0.0,0.0,0.0
0.45894051659682034,0.7327334747861651,-23.596096516953814,0.6728716685980798,0.08114917853623915,0.9514907101767872,0.8384918338430248,0.8050903184956627,175.21773270584745,0.0,0.7327334747861651,0.8050903184956627,0.1949096815043373,0.0,0.0,1.0,0.0
0.9327105081327614,0.5442539661136977,-47.983078927942444,0.6167836078525412,0.742881493667939,0.7379173933540254,0.5214490241668801,0.06845871933357806,111.9558113802179,0.0,0.5442539661136977,0.06845871933357806,0.931541280666422,0.0,0.0,1.0,0.0
0.9207666084633573,0.584448909757426,-27.700083404657192,0.2688535143821935,0.3684489199165789,0.8953460891531693,0.6664630475268357,0.7873870267523329,123.60835922947172,0.0,0.584448909757426,0.7873870267523329,0.21261297324766715,0.0,0.0,1.0,0.0
0.6302472194561579,0.24838360874320753,-17.672350182990826,0.4276013337033373,0.4425455148147456,0.6493223245768817,0.9362806214689267,0.06400634660862092,175.46405322858107,0.0,0.24838360874320753,0.06400634660862092,0.9359936533913791,1.0,0.0,1.0,0.0
0.2923831104121931,0.4439194545063778,-58.68520027349946,0.30104607783431303,0.5026312426301305,0.05617607734743901,0.49109572938316515,0.9271106288584273,74.75505053509274,0.0,0.4439194545063778,0.9271106288584273,0.07288937114157268,0.0,1.0,0.0,0.0
0.7644407280755043,0.40967105337599263,-20.689577128539717,0.26023659798522936,0.1594922625413583,0.16046261427122643,0.07049194564314465,0.18564670490124302,152.99071389845557,0.0,0.40967105337599263,0.18564670490124302,0.814353295098757,1.0,0.0,0.0,0.0
0.881690611843508,0.8141256855911618,-18.891941407530958,0.11043186341110267,0.28918744629594983,0.309806875322469,0.24995694639762123,0.5150056597097231,134.97753408315415,0.0,0.8141256855911618,0.5150056597097231,0.4849943402902769,0.0,0.0,0.0,1.0
0.3568859751711102,0.353789158736436,-10.28666412563512,0.7892928483196856,0.30779583168074565,0.9137884438732593,0.952815017002506,0.32674254203004083,109.61949283102769,0.0,0.353789158736436,0.32674254203004083,0.6732574579699592,0.0,0.0,1.0,0.0
0.5056341534219588,0.9411208125336735,-7.420834011461309,0.1025679625835898,0.3927307432714162,0.5533711897497718,0.50313247255154,0.19386306793689267,180.23434796354167,0.0,0.9411208125336735,0.19386306793689267,0.8061369320631073,0.0,0.0,1.0,0.0
0.6769407829968374,0.8379083748518036,-8.474143239031669,0.7483558536657398,0.43921060124971734,0.6105467550154245,0.16036540611974315,0.6736454174749077,85.0954558034993,0.0,0.8379083748518036,0.6736454174749077,0.3263545825250923,0.0,1.0,1.0,1.0
0.6939495905101568,0.22959816075396866,-52.9469219909868,0.16528449014295743,0.001992135219070268,0.7187396178535302,0.7324010490583791,0.5149333499132595,82.59079214775372,0.0,0.22959816075396866,0.5149333499132595,0.48506665008674055,0.0,0.0,1.0,0.0
0.08355433751068975,0.01912896643728701,-50.055109382086755,0.8908555349831467,0.24153684170168177,0.35427132721721566,0.10534548448133318,0.22236130474817029,132.69143990922873,0.0,0.01912896643728701,0.22236130474817029,0.7776386952518297,1.0,0.0,0.0,0.0
0.6077526830956526,0.24535231416621106,-56.53607044649297,0.39103286912739865,0.23420337092633414,0.21955392322980194,0.9598628027134553,0.6163004859257241,137.96298204409342,0.0,0.24535231416621106,0.6163004859257241,0.38369951407427594,0.0,0.0,0.0,0.0
0.4157751035233219,0.42894433343014426,-27.54569976971515,0.6964298070361072,0.7021460961818294,0.17169390770544957,0.500112752076627,0.41195809503410197,181.87377527771378,0.0,0.42894433343014426,0.41195809503410197,0.588041904965898,0.0,0.0,0.0,0.0
0.6314189212183764,0.5325040664159818,-53.076321469264954,0.6056378893234114,0.11720390568023342,0.33720657556575206,0.14284196481433187,0.6920736470243689,88.87529593706137,0.0,0.5325040664159818,0.6920736470243689,0.3079263529756311,0.0,0.0,0.0,0.0
0.391859373188026,0.8956747776187787,-47.74101699606178,0.5078050639587791,0.419271661166022,0.018124041045729733,0.7927581135728128,0.06904590631459973,126.3957029367735,0.0,0.8956747776187787,0.06904590631459973,0.9309540936854003,0.0,0.0,0.0,0.0
0.5606782949389499,0.6284264566145871,-18.682102241527467,0.2532723835227151,0.009978776658449373,0.723443662354912,0.5356565993475786,0.8361177032072488,174.9943708060972,0.0,0.6284264566145871,0.8361177032072488,0.16388229679275124,0.0,0.0,1.0,0.0
0.8433261677878832,0.48509465997954015,-39.982296249788064,0.79155820259137,0.45129411302925493,0.1834421964034345,0.8549740195614743,0.8825598767723473,125.28336585962381,0.0,0.48509465997954015,0.8825598767723473,0.11744012322765274,0.0,1.0,0.0,0.0
0.07569972730978747,0.38782608991693124,-11.787740432243801,0.9017740285462287,0.20347274249759584,0.06697361202527152,0.8773504531328387,0.3894049389788753,135.84653499745886,0.0,0.38782608991693124,0.3894049389788753,0.6105950610211247,0.0,0.0,0.0,0.0
0.9680658120507589,0.06656472791422285,-21.100919552874267,0.07410542257486707,0.3754689284665004,0.8038145451934468,0.4334722327556344,0.9971823539029504,138.2682998925243,0.0,0.06656472791422285,0.9971823539029504,0.0028176460970495976,0.0,0.0,1.0,0.0
0.3211621526359535,0.22011132590475313,-38.96876794283029,0.3725332737595508,0.06871367772396098,0.36957419942677316,0.4642385197392249,0.7227377522388047,151.9421278610251,0.0,0.22011132590475313,0.7227377522388047,0.27726224776119535,0.0,0.0,0.0,0.0
0.7087656552291542,0.008363681876857099,-46.93995602516784,0.6616842883998565,0.48398936817974714,0.005313475668345946,0.8044946424318223,0.7728095732903374,136.77868281909878,0.0,0.008363681876857099,0.7728095732903374,0.2271904267096626,0.0,1.0,0.0,0.0
0.06646332577627212,0.7665150495325846,-24.97718473611816,0.7819599771579592,0.7517469923958404,0.8030020719578371,0.5180080664046248,0.140324518193515,153.96204627315643,0.0,0.7665150495325846,0.140324518193515,0.859675481806485,0.0,0.0,1.0,0.0
0.6204737850519706,0.7422531871990872,-49.80713963695588,0.19497519990028922,0.8904095172193285,0.7499777984520708,0.9082284887003229,0.7587153211639207,143.60174283864228,0.0,0.7422531871990872,0.7587153211639207,0.2412846788360793,0.0,1.0,1.0,1.0
0.6541327370278737,0.88912792394001,-25.27159472928357,0.6323913243283874,0.15647671600360058,0.4739212201161027,0.716397111958099,0.2709426983163654,88.31558527343489,0.0,0.88912792394001,0.2709426983163654,0.7290573016836346,0.0,0.0,0.0,1.0
0.31382680822441555,0.24150062799283345,-47.105241777816246,0.42485084286808694,0.9078385138835341,0.5070596467387183,0.18792038081532303,0.07697166938087407,157.46186031930955,1.0,0.24150062799283345,0.07697166938087407,0.9230283306191259,1.0,0.0,1.0,0.0
0.38279876443638783,0.8218309465853593,-20.429353881553787,0.7962414505413685,0.27194603941844875,0.6923589224610581,0.2640619846937188,0.9390684794502916,149.0923994146724,0.0,0.8218309465853593,0.9390684794502916,0.06093152054970841,0.0,0.0,1.0,0.0
0.3245118001753421,0.26951186229227264,-48.54440489570139,0.6946409588937278,0.2187156129979273,0.5953032659274891,0.26463502692535734,0.6619689447938686,174.09156199567548,0.0,0.26951186229227264,0.6619689447938686,0.3380310552061314,0.0,0.0,1.0,0.0
0.7780252431446532,0.7608513309307817,-48.736655658464876,0.08838494698451871,0.6989488284873856,0.3683472137943513,0.4323462264033473,0.031149092793391064,96.34070289850689,0.0,0.7608513309307817,0.031149092793391064,0.9688509072066089,0.0,0.0,0.0,1.0
0.03367640387446402,0.8791857726012476,-45.39619900688817,0.557337169573008,0.03897932066113041,0.6668473913056581,0.32302734575409386,0.8979191869576658,184.336546450765,0.0,0.8791857726012476,0.8979191869576658,0.10208081304233418,0.0,0.0,1.0,0.0
0.3252906183617478,0.9009608956904679,-0.23053959007327052,0.8254156641239481,0.844871347755229,0.2490087361090899,0.5767023988577563,0.06725591396736785,73.28851115503376,0.0,0.9009608956904679,0.06725591396736785,0.9327440860326321,0.0,0.0,0.0,0.0
0.9988926120332906,0.32663924942591094,-15.108965277069217,0.8066650530268165,0.8580232710072292,0.9976282974021565,0.24149648525686784,0.04035082685969971,117.56681251924203,1.0,0.32663924942591094,0.04035082685969971,0.9596491731403003,1.0,0.0,1.0,0.0
0.13008066982894695,0.022425889162055124,-38.374390371510835,0.7837382510752364,0.5661806912250709,0.31277798921035405,0.6543420054927197,0.23201818030881072,62.0134024500919,0.0,0.022425889162055124,0.23201818030881072,0.7679818196911893,1.0,0.0,0.0,0.0
0.7643533864364274,0.6237430848640091,-14.261842529942399,0.03893801668766561,0.8371196278306522,0.6195262000363033,0.5633953507126401,0.6246140481145316,181.02065456157098,0.0,0.6237430848640091,0.6246140481145316,0.3753859518854684,0.0,1.0,1.0,0.0
0.5869365065589071,0.5809503798881793,-0.5592505760540547,0.756730167068568,0.4422938054511353,0.7073970000329277,0.3892304716917885,0.228875462483499,143.5592627642863,0.0,0.5809503798881793,0.228875462483499,0.771124537516501,0.0,0.0,1.0,0.0
0.9281820981139515,0.9291395200154627,-39.48568331367058,0.527677466221695,0.2116358985698612,0.9956311094988834,0.9811179078679357,0.6495089297074473,172.61796835484625,0.0,0.9291395200154627,0.6495089297074473,0.35049107029255266,0.0,0.0,1.0,1.0
0.7151001612837,0.5931582190394682,-56.79912018066614,0.45476434255266107,0.6747863021674105,0.6775316138836847,0.3731226184223836,0.9416919866580306,83.42998451314934,0.0,0.5931582190394682,0.9416919866580306,0.058308013341969445,0.0,1.0,1.0,0.0
0.5003594462155606,0.6908839765508228,-18.171851646491447,0.6486389567688156,0.27528821345186016,0.15620656868662197,0.6359403268267109,0.5993021161394377,85.10984144049374,0.0,0.6908839765508228,0.5993021161394377,0.40069788386056227,0.0,0.0,0.0,0.0
0.7051391455705633,0.4551719917336564,-19.934364503810826,0.8373670797701507,0.16972842857692316,0.01914486799683668,0.7791025863957868,0.6096974251526159,157.94953974709705,0.0,0.4551719917336564,0.6096974251526159,0.39030257484738407,0.0,0.0,0.0,0.0
0.8381549749886426,0.8028109348245005,-2.3447911842705196,0.5359350788521182,0.48849563265990537,0.4018871998907301,0.15369104284420454,0.5726072328820224,98.78175340563703,0.0,0.8028109348245005,0.5726072328820224,0.4273927671179776,0.0,0.0,0.0,1.0
0.9213075122129755,0.5831908042770976,-24.42958916951339,0.35492466087701,0.05198935197770749,0.03174376537298862,0.4233351441531975,0.08456537809723785,144.95857377561947,0.0,0.5831908042770976,0.08456537809723785,0.9154346219027621,0.0,0.0,0.0,0.0
0.8809730056396574,0.8829148165187222,-20.45727539206606,0.211231831472931,0.8629968313588721,0.8860934353132082,0.1966535849529587,0.7374260857706773,100.11273684979722,0.0,0.8829148165187222,0.7374260857706773,0.26257391422932275,0.0,1.0,1.0,1.0
0.8026403123529297,0.9972378999036027,-58.19843968023643,0.8973658657909319,0.622630533598658,0.9733826191648212,0.4650095175264276,0.8473879305713737,68.7351696037588,0.0,0.9972378999036027,0.8473879305713737,0.15261206942862626,0.0,1.0,1.0,1.0
0.3352790500782957,0.06701653775120997,-1.4794119912557662,0.8169739072718367,0.8525474212459705,0.9379652314338942,0.08510348611978535,0.38559759251333336,69.9448844661603,1.0,0.06701653775120997,0.38559759251333336,0.6144024074866666,0.0,0.0,1.0,0.0
0.21079310155002862,0.22936577703767236,-31.85356733714528,0.2685621674536426,0.10097810681776109,0.1674910890941077,0.14727556355209093,0.9730767979122983,166.3009509685863,0.0,0.22936577703767236,0.9730767979122983,0.026923202087701714,0.0,0.0,0.0,0.0
0.967761465269562,0.43974048650790853,-43.297891100240605,0.7982931972091867,0.3262539180411468,0.2993833737053483,0.2325059922078312,0.12967897822423535,95.90482854234723,0.0,0.43974048650790853,0.12967897822423535,0.8703210217757646,1.0,0.0,0.0,0.0
0.3553197484738877,0.6739942081457304,-56.246109466832905,0.21050693966534295,0.8090236402916764,0.14692192358377076,0.34264514652252154,0.8646589218581401,81.68954356008197,0.0,0.6739942081457304,0.8646589218581401,0.13534107814185992,0.0,1.0,0.0,0.0
0.0827368356181899,0.48453799508001083,-41.85482932328782,0.5634083644838541,0.8038048904834751,0.13714848815274316,0.580699084554285,0.5055087603898639,80.17103004184794,0.0,0.48453799508001083,0.5055087603898639,0.4944912396101361,0.0,0.0,0.0,0.0
0.6239984855289824,0.27364041786077165,-30.729940887359252,0.08227232427706188,0.45958405721362305,0.3064634680428203,0.8223812111853543,0.05697872699736828,118.6050184885662,0.0,0.27364041786077165,0.05697872699736828,0.9430212730026317,1.0,0.0,0.0,0.0
0.458431424131438,0.7250060762991187,-25.542745494587336,0.667212337194181,0.7770492856517561,0.8622029736581888,0.3138754967224705,0.538022705363903,177.615130981488,0.0,0.7250060762991187,0.538022705363903,0.46197729463609705,0.0,0.0,1.0,0.0
0.9894511309650564,0.8895193110437631,-37.71196424253739,0.19516651721865041,0.4893925374065887,0.7416414518360422,0.4925690707532976,0.4831808633136685,177.3522589514521,0.0,0.8895193110437631,0.4831808633136685,0.5168191366863315,0.0,0.0,1.0,1.0
0.36140377906718635,0.8597946748116456,-35.59171194289659,0.3282331056783394,0.453989911199699,0.7624469586748684,0.12600202786399428,0.19641921587201738,193.20227559283288,0.0,0.8597946748116456,0.19641921587201738,0.8035807841279826,0.0,0.0,1.0,0.0
0.17549162738135737,0.5677273179310546,-25.241132000283727,0.4896244620502448,0.6447452485768186,0.22982672579761843,0.5526622677767482,0.37217325524689715,152.63341634808648,0.0,0.5677273179310546,0.37217325524689715,0.6278267447531029,0.0,0.0,0.0,0.0
0.14122354337314946,0.5708774168394762,-48.88377867700058,0.2786430631150364,0.21870980032358323,0.1828377798688171,0.825710951560667,0.28570756766089034,189.7973294610229,0.0,0.5708774168394762,0.28570756766089034,0.7142924323391097,0.0,0.0,0.0,0.0
0.9699265253451909,0.5712604699370973,-51.419932640056416,0.37454824337958126,0.797732263348214,0.36739072869707046,0.08701721830278875,0.5567849109281879,178.31691920944485,0.0,0.5712604699370973,0.5567849109281879,0.44321508907181206,0.0,0.0,0.0,0.0
0.7959263871435024,0.17512314013035324,-19.634123135251997,0.2205042634356471,0.21820753455217223,0.8740717733051852,0.24966895274023015,0.2632473465180112,60.091474706581934,0.0,0.17512314013035324,0.2632473465180112,0.7367526534819888,1.0,0.0,1.0,0.0
0.8706690341255177,0.7925948132091347,-22.360263894559317,0.7502657639388423,0.1520485674244918,0.45832359458757543,0.3512193873487809,0.09377652625701649,128.05826793008936,0.0,0.7925948132091347,0.09377652625701649,0.9062234737429835,0.0,0.0,0.0,1.0
0.9207396503426354,0.04005911905069448,-42.51234519037237,0.20754093620570346,0.23814665366569632,0.9084345518793753,0.4680690542342901,0.4662994129398188,166.48058994373952,0.0,0.04005911905069448,0.4662994129398188,0.5337005870601812,0.0,0.0,1.0,0.0
0.1544922040049258,0.4872653541000508,-34.200887152736414,0.5969106905466561,0.9995577032504386,0.7694488940820471,0.3978657030174272,0.827553052274047,83.89917086374723,0.0,0.4872653541000508,0.827553052274047,0.17244694772595304,0.0,1.0,1.0,0.0
0.030463686308960125,0.20444837246427305,-39.57530663314442,0.5105807574595599,0.6151291405411998,0.9106057172144217,0.5098540095504577,0.5012756446257294,67.03402137521749,1.0,0.20444837246427305,0.5012756446257294,0.4987243553742706,0.0,0.0,1.0,0.0
0.03491155265622381,0.5511599619163721,-33.709283205099325,0.8391803949802986,0.16067958471184518,0.024971662117049598,0.44903876793012587,0.23747855675225749,66.94601226743724,0.0,0.5511599619163721,0.23747855675225749,0.7625214432477425,0.0,0.0,0.0,0.0
0.724598286847629,0.11159299995724747,-23.5008299995337,0.28104975016688916,0.17349605035502202,0.37975152291931746,0.8014457762229537,0.3920935769045727,165.1077508895478,0.0,0.11159299995724747,0.3920935769045727,0.6079064230954273,0.0,0.0,0.0,0.0
0.1254862967991507,0.7727714196650791,-45.784000505601085,0.6773931298888728,0.5657815548409963,0.9291447172116873,0.38732251797531403,0.06616518883444045,62.681767977175404,0.0,0.7727714196650791,0.06616518883444045,0.9338348111655596,0.0,0.0,1.0,0.0
0.8268585609727531,0.5247356376614322,-13.485356889903045,0.2344256000115147,0.34508374551323373,0.03010387221131894,0.9614923245741122,0.6678679067008134,190.64871228630287,0.0,0.5247356376614322,0.6678679067008134,0.3321320932991866,0.0,0.0,0.0,0.0
0.2654964074290723,0.6114636112256608,-19.29000190244173,0.31754970025758844,0.8481092350156301,0.9471614629002478,0.8848551176960043,0.7390669759393725,98.84505516149356,0.0,0.6114636112256608,0.7390669759393725,0.26093302406062746,0.0,1.0,1.0,0.0
0.28161604210563174,0.9633603204460379,-59.38293024385848,0.7160499732421445,0.7062461625552622,0.6226895409497974,0.9901088460868658,0.31187943576372523,107.59606093105475,0.0,0.9633603204460379,0.31187943576372523,0.6881205642362748,0.0,0.0,1.0,0.0
0.07893940294655555,0.44279813654373745,-44.337088425909116,0.3433867021776442,0.8345717902556277,0.9354845135274957,0.18573307200518563,0.37250893155346587,190.00827869615517,0.0,0.44279813654373745,0.37250893155346587,0.6274910684465341,0.0,0.0,1.0,0.0
0.06180846068922263,0.09236052811137851,-50.23254064762624,0.5952128341268748,0.15047227100599747,0.9680763814507335,0.44671452725852034,0.5015179603501664,94.5322062127569,0.0,0.09236052811137851,0.5015179603501664,0.4984820396498336,0.0,0.0,1.0,0.0
0.4709602524347335,0.6619136326370115,-14.929371782757435,0.753868082709913,0.5778911126940883,0.9043597749938572,0.8174078473061094,0.7570481146986254,67.7847730352645,0.0,0.6619136326370115,0.7570481146986254,0.24295188530137457,0.0,1.0,1.0,0.0
0.006877962219649314,0.21244727719547296,-20.188584365192867,0.4111974888825458,0.40240625929931173,0.8845868882296137,0.8955628481318387,0.9091752640535857,103.94293071210382,0.0,0.21244727719547296,0.9091752640535857,0.09082473594641427,0.0,1.0,1.0,0.0
0.6910558127392618,0.27163318127436964,-48.56341001553301,0.18463245734736922,0.34210762086359403,0.4299576197798217,0.8309491710550684,0.1198910934727121,162.8896186352852,0.0,0.27163318127436964,0.1198910934727121,0.8801089065272879,1.0,0.0,0.0,0.0
0.5314549141893053,0.2879453426759925,-30.430824928030525,0.29994206977702265,0.596081955238306,0.4338439228552442,0.16440552907887873,0.11658307455569672,136.53739549009822,0.0,0.2879453426759925,0.11658307455569672,0.8834169254443033,1.0,0.0,0.0,0.0
0.9024130332861034,0.34395768655768555,-16.019993566642604,0.658661354939767,0.931554914309481,0.8209810172991409,0.566605258905463,0.6570304982341073,185.77410532176486,1.0,0.34395768655768555,0.6570304982341073,0.3429695017658927,0.0,1.0,1.0,0.0
0.3995187845869348,0.32679470585777737,-59.35133498188822,0.8265510741914642,0.8009807004033649,0.10445451810015138,0.5768573811327002,0.4639816981668874,76.6192733712756,1.0,0.32679470585777737,0.4639816981668874,0.5360183018331126,0.0,0.0,0.0,0.0
0.9805682270607236,0.21469588746335544,-55.965949194566335,0.5948473795019096,0.7388666771330327,0.03244344604718696,0.6587176387270222,0.5322918759514544,74.45710124250678,1.0,0.21469588746335544,0.5322918759514544,0.46770812404854556,0.0,0.0,0.0,0.0
0.17252387694636206,0.5679742973160805,-42.2185431892027,0.9383157286513161,0.8187402294840508,0.983567206513663,0.259670838950414,0.969723632797977,120.3727417708181,0.0,0.5679742973160805,0.969723632797977,0.03027636720202298,0.0,1.0,1.0,0.0
0.3475187953137546,0.05034952696935324,-56.834084528423844,0.6920112559466547,0.4579289944340279,0.2265216260361057,0.6139703063252326,0.2528581182501112,140.86844560821916,0.0,0.05034952696935324,0.2528581182501112,0.7471418817498888,1.0,0.0,0.0,0.0
0.35920874698269034,0.823552226611819,-10.758230353993241,0.4773503981224013,0.3508191093350156,0.36255979655909454,0.8057145256682179,0.328179482797612,89.26831231895844,0.0,0.823552226611819,0.328179482797612,0.671820517202388,0.0,0.0,0.0,0.0
0.08468834187530683,0.4666931208844084,-31.072074064809488,0.8409087104029072,0.22123869644606398,0.3809912736683999,0.8084057388936909,0.8236236107489735,113.84555063702754,0.0,0.4666931208844084,0.8236236107489735,0.1763763892510265,0.0,0.0,0.0,0.0
0.4591240232866809,0.3032858908492829,-4.046707294841276,0.11864376574158031,0.93374942300147,0.6838664518353432,0.5315721526867312,0.032659060784495875,126.58346685508116,1.0,0.3032858908492829,0.032659060784495875,0.9673409392155041,1.0,0.0,1.0,0.0
0.4077481050027323,0.16121881197512256,-20.615423789960587,0.9711509073682858,0.5621888110645251,0.7147532764439458,0.06845045256601678,0.41766699581699473,76.29018792302942,0.0,0.16121881197512256,0.41766699581699473,0.5823330041830053,0.0,0.0,1.0,0.0
0.6127958355365104,0.9384821582141546,-20.293336051701687,0.07680304831442153,0.35466620498508283,0.5506633794408515,0.4032077561332522,0.8336440104751723,174.0539406593985,0.0,0.9384821582141546,0.8336440104751723,0.16635598952482766,0.0,0.0,1.0,1.0
0.6118310201032214,0.37345794513270525,-44.67981757420535,0.10587431821312931,0.35489768348655404,0.4131725172077195,0.6758229251040736,0.6581598242975735,69.81513954977598,0.0,0.37345794513270525,0.6581598242975735,0.34184017570242653,0.0,0.0,0.0,0.0
0.3952593154311578,0.18177886721736192,-50.59123768099166,0.8273021497372459,0.04191521671625753,0.41918287590212133,0.1682036557665182,0.879330215678474,137.98567185850493,0.0,0.18177886721736192,0.879330215678474,0.12066978432152597,0.0,0.0,0.0,0.0
0.23138063637684803,0.5024272871663764,-16.11081841781305,0.9581180089194338,0.22044600424541894,0.8861817721293451,0.9343041141674903,0.9164205445320662,148.95800996066737,0.0,0.5024272871663764,0.9164205445320662,0.08357945546793377,0.0,0.0,1.0,0.0
0.6298206544347077,0.4032106331838228,-14.856127061772725,0.5312940183509319,0.6774380712282945,0.42845790384879545,0.7314964640431391,0.8244715176045491,80.50107592439426,0.0,0.4032106331838228,0.8244715176045491,0.17552848239545094,0.0,1.0,0.0,0.0
0.832929715574228,0.5402965317903072,-9.320045454586541,0.4313017063410146,0.37904048538303503,0.9150607325172224,0.2511692675484013,0.8442123252861431,127.76288015131658,0.0,0.5402965317903072,0.8442123252861431,0.1557876747138569,0.0,0.0,1.0,0.0
0.5140954425512597,0.308468281489484,-25.61746796285906,0.3252111962762113,0.03926941424165231,0.27199860534435605,0.006379043406590679,0.9783547870568566,195.20460937476466,0.0,0.308468281489484,0.9783547870568566,0.021645212943143366,0.0,0.0,0.0,0.0
0.39515529747230504,0.728370854339646,-39.2516340953745,0.671093157085976,0.8054300430459791,0.9467562446922407,0.400212275849672,0.7832979829560477,97.22998308849662,0.0,0.728370854339646,0.7832979829560477,0.2167020170439523,0.0,1.0,1.0,0.0
0.9903323037936483,0.025769598764351143,-23.788271609932742,0.6595059816513271,0.6880455570741288,0.12038757878908901,0.9385297834731304,0.1811832790500828,147.18547645357773,1.0,0.025769598764351143,0.1811832790500828,0.8188167209499172,1.0,0.0,0.0,0.0
0.22267607912308496,0.3072164170212709,-27.21248749631254,0.4171934185645765,0.1602256009765063,0.1709364024208483,0.41814478816279965,0.7572829782755007,185.7150505586904,0.0,0.3072164170212709,0.7572829782755007,0.24271702172449927,0.0,0.0,0.0,0.0
0.08412766225938284,0.39310390755940106,-53.985266176627405,0.016592480632597884,0.6617186826439566,0.6024494419665878,0.1630191138148862,0.2338128330930641,63.319085510232576,1.0,0.39310390755940106,0.2338128330930641,0.7661871669069359,1.0,0.0,1.0,0.0
0.8349472056944037,0.9746905960485515,-51.872427792318554,0.23147521376529812,0.868409523946934,0.9264637979561848,0.41962738280681033,0.050622472269074126,65.51485671699471,0.0,0.9746905960485515,0.050622472269074126,0.9493775277309259,0.0,0.0,1.0,1.0
0.5739498660690104,0.392895108893179,-58.28085434534073,0.5832523923125568,0.011302536589022472,0.787371958149273,0.3064328227033716,0.0402580030092321,142.36931093764144,0.0,0.392895108893179,0.0402580030092321,0.9597419969907679,1.0,0.0,1.0,0.0
0.3976844144330547,0.9738004133571495,-27.348080249777865,0.2752391810370083,0.7094388646339748,0.27149200254271133,0.9042432914075651,0.37472197050737643,136.98159878866875,0.0,0.9738004133571495,0.37472197050737643,0.6252780294926236,0.0,0.0,0.0,0.0
0.05057310382422886,0.4261212379522308,-10.058187620340306,0.8056488053633419,0.22431855885352625,0.22607907101056268,0.8173053122132368,0.9303984201693255,73.3505289782205,0.0,0.4261212379522308,0.9303984201693255,0.0696015798306745,0.0,0.0,0.0,0.0
0.45005863942622526,0.33745427896422897,-7.758692672553643,0.08352491468001877,0.2111259425580374,0.7524683375864943,0.051293848981215584,0.49253538071428926,121.8949848551608,0.0,0.33745427896422897,0.49253538071428926,0.5074646192857107,0.0,0.0,1.0,0.0
0.33440117898874866,0.3945723153189238,-28.203564784186025,0.16136735838838312,0.5719958782835928,0.8054323292999863,0.760160929790159,0.15389990469377368,80.89492576380636,0.0,0.3945723153189238,0.15389990469377368,0.8461000953062263,1.0,0.0,1.0,0.0
0.2681743677449133,0.3610747263410372,-35.49266511549104,0.6796972168333453,0.056680432165835404,0.034672704226066386,0.391910562943909,0.6971636921379805,87.08094801390756,0.0,0.3610747263410372,0.6971636921379805,0.30283630786201954,0.0,0.0,0.0,0.0
0.6415044812562517,0.25982813794029946,-6.834833471189022,0.8956899442666165,0.2972872042813265,0.2299937539632405,0.41130397206623126,0.24053158518014872,154.1337380608385,0.0,0.25982813794029946,0.24053158518014872,0.7594684148198513,1.0,0.0,0.0,0.0
0.8260646845482855,0.673092130911217,-10.538973165039032,0.39699216220747413,0.15631697070886086,0.7379509473975921,0.3604745051415539,0.6712708252291325,97.8901518774472,0.0,0.673092130911217,0.6712708252291325,0.3287291747708675,0.0,0.0,1.0,0.0
0.08122963480667267,0.9925817954877634,-50.62790952416404,0.988420993963481,0.9772799325664473,0.7938181039080396,0.6594229620819976,0.5778070502510847,181.25421635289686,0.0,0.9925817954877634,0.5778070502510847,0.4221929497489153,0.0,0.0,1.0,0.0
0.28943952161948794,0.46768121248487704,-22.836601838009884,0.4111904758694911,0.427486454090268,0.3302846675020844,0.564231816684536,0.850574528015116,88.2139729208838,0.0,0.46768121248487704,0.850574528015116,0.14942547198488398,0.0,1.0,0.0,0.0
0.9344330387534414,0.6890876537482297,-10.60360723919819,0.5561906926300116,0.7795167014240635,0.01620039733946721,0.8183804247795352,0.04013885908536652,184.58787269080074,0.0,0.6890876537482297,0.04013885908536652,0.9598611409146335,0.0,0.0,0.0,0.0
0.9919627472386433,0.2940674621767778,-47.38088662285238,0.7653633638580407,0.2530263409202532,0.8655623831722035,0.10284259215747671,0.12595519637935826,197.0812177140862,0.0,0.2940674621767778,0.12595519637935826,0.8740448036206417,1.0,0.0,1.0,0.0
0.6738388982700046,0.8468872244289528,-40.54023735890892,0.6764837495206044,0.5942418273085972,0.603150120122947,0.6825324595377216,0.5753591731290986,120.06873170237324,0.0,0.8468872244289528,0.5753591731290986,0.42464082687090143,0.0,0.0,1.0,1.0
0.27592269438054684,0.768581330913202,-46.42365419980883,0.6923543061544142,0.23333282264932664,0.6253301699544539,0.7470782671290289,0.2187138889065392,68.39206212058316,0.0,0.768581330913202,0.2187138889065392,0.7812861110934608,0.0,0.0,1.0,0.0
0.13097374299417408,0.6059969672710255,-9.03321562645587,0.04499682123542437,0.7341512590416462,0.3413186459500521,0.4785283699195225,0.9288595498455656,106.47601066301837,0.0,0.6059969672710255,0.9288595498455656,0.07114045015443438,0.0,1.0,0.0,0.0
0.46533693393948605,0.013682414760681105,-55.1040767997097,0.258591591134784,0.027852240821074403,0.631375326048251,0.4263983568016225,0.548145202728022,84.45060602548614,0.0,0.013682414760681105,0.548145202728022,0.45185479727197797,0.0,0.0,1.0,0.0
0.2959320294366161,0.6638244748527251,-2.0818365821760096,0.0504167736022092,0.8903843208552661,0.5768812013112085,0.5639195667556237,0.5002785352077603,69.71517202658568,0.0,0.6638244748527251,0.5002785352077603,0.49972146479223967,0.0,0.0,1.0,0.0
0.08987685173616067,0.6009120056590861,-39.5424857138665,0.9172680665776807,0.40659053735947226,0.14328145870264108,0.714718833502036,0.29335342144100984,133.56584302982503,0.0,0.6009120056590861,0.29335342144100984,0.7066465785589902,0.0,0.0,0.0,0.0
0.69783278550517,0.9002641112020704,-12.468528311899433,0.6763610678727241,0.6796331823951436,0.9459246440320865,0.29582409749653604,0.0011120941961874076,98.07363831574781,0.0,0.9002641112020704,0.0011120941961874076,0.9988879058038126,0.0,0.0,1.0,1.0
0.217891379626744,0.6618345851139982,-21.97730401406826,0.5934613827047238,0.0162434432094537,0.7287780544506475,0.3235304124854915,0.6650559890066311,137.92097999030148,0.0,0.6618345851139982,0.6650559890066311,0.3349440109933689,0.0,0.0,1.0,0.0
0.3427309254279072,0.13457626710410775,-54.33486614037114,0.8315183331122236,0.918397542081558,0.6497880467642996,0.10343411486048337,0.4020272168882407,162.051488014722,1.0,0.13457626710410775,0.4020272168882407,0.5979727831117593,0.0,0.0,1.0,0.0
0.7798208840100681,0.1182186222910886,-59.998156869277054,0.712137045880605,0.35659617598620563,0.25448133161826025,0.01289746978952544,0.5402994067614997,179.16110295963745,0.0,0.1182186222910886,0.5402994067614997,0.4597005932385003,0.0,0.0,0.0,0.0
0.9576316462725879,0.5657449506132892,-29.13232033560635,0.0850563854892411,0.5488728015425998,0.3799790789653946,0.6071352808835769,0.3887263478765467,93.64187728305134,0.0,0.5657449506132892,0.3887263478765467,0.6112736521234533,0.0,0.0,0.0,0.0
0.0949652752283765,0.31491844458889573,-54.201309942734866,0.17689695082398393,0.9873361585795459,0.4441035569066186,0.5318717665050166,0.8736185287372153,199.3796460686963,1.0,0.31491844458889573,0.8736185287372153,0.12638147126278465,0.0,1.0,0.0,0.0
0.5827144493446815,0.8124738210441717,-40.38353853979949,0.3057439574472911,0.4027037209945602,0.6725072626736491,0.6821916892550988,0.3152394346494508,78.64938937912802,0.0,0.8124738210441717,0.3152394346494508,0.6847605653505492,0.0,0.0,1.0,0.0
0.6323962564655086,0.12832586218876452,-25.290449506240194,0.693422128056309,0.7006114963944516,0.7534721106595967,0.8728594215656645,0.49995899196478844,162.23488653413995,1.0,0.12832586218876452,0.49995899196478844,0.5000410080352116,0.0,0.0,1.0,0.0
0.6191727353658367,0.18663993979768256,-58.45862130783551,0.28454138567693377,0.4430337063376194,0.6171059444286563,0.8499593305032054,0.19624571670616564,77.5769705857868,0.0,0.18663993979768256,0.19624571670616564,0.8037542832938344,1.0,0.0,1.0,0.0
0.9634799474743275,0.10804455937640711,-31.29053579356865,0.5855637287933019,0.5413744209074383,0.0860321570329432,0.05702691400361937,0.10548342746103567,141.98227574216577,0.0,0.10804455937640711,0.10548342746103567,0.8945165725389643,1.0,0.0,0.0,0.0
0.5443448876343211,0.23374079203674425,-21.733551489264507,0.8200675020556494,0.041578959846593766,0.4981299435480424,0.6893104121026903,0.2523119270696871,103.08792674104087,0.0,0.23374079203674425,0.2523119270696871,0.7476880729303129,1.0,0.0,0.0,0.0
0.6136379029893838,0.8979352934437369,-11.404534781826037,0.5831302190995835,0.7302217177572492,0.3648224702077987,0.6409655280987577,0.46618159112755697,86.59105910405853,0.0,0.8979352934437369,0.46618159112755697,0.533818408872443,0.0,0.0,0.0,1.0
0.7017382738772572,0.556464637348822,-38.48270508278452,0.9113391900786307,0.020934117826733267,0.315773151249496,0.05688139777764656,0.7665273162216272,158.29504357593095,0.0,0.556464637348822,0.7665273162216272,0.23347268377837282,0.0,0.0,0.0,0.0
0.33135221873631704,0.675662902207073,-36.243766428243006,0.7562537914224343,0.4541836627367061,0.41227972783166555,0.934729915488301,0.25087909989070023,76.86262759951916,0.0,0.675662902207073,0.25087909989070023,0.7491209001092998,0.0,0.0,0.0,0.0
0.5845431132594582,0.9693218122841789,-37.3296471763688,0.06203676362878152,0.33930526730956745,0.5059316543195584,0.1619230066322137,0.658102218056492,199.6849144614281,0.0,0.9693218122841789,0.658102218056492,0.34189778194350795,0.0,0.0,1.0,0.0
0.4517394759814438,0.35472855673021264,-35.957749989932,0.11514617839520114,0.8832736014262238,0.414825655521352,0.3872744114248413,0.6596902729304743,121.8846789303573,1.0,0.35472855673021264,0.6596902729304743,0.34030972706952567,0.0,1.0,0.0,0.0
0.648233468807846,0.061446290130787506,-11.176599376666353,0.9405039528794026,0.648765386159386,0.9545659288588108,0.1514323143699633,0.4774161894803537,144.25294275236263,1.0,0.061446290130787506,0.4774161894803537,0.5225838105196463,0.0,0.0,1.0,0.0
0.5817366474211867,0.40146177908904324,-39.71493543802431,0.1268240225504188,0.3917424505622782,0.16266081510548513,0.7343656764922184,0.20883093549458998,68.19914273983474,0.0,0.40146177908904324,0.20883093549458998,0.79116906450541,1.0,0.0,0.0,0.0
0.5523661378172343,0.5952297327194016,-7.685216323169669,0.5769816124176819,0.3454808537234457,0.8030118815263205,0.5402788931874211,0.07928028463119174,139.21907844385453,0.0,0.5952297327194016,0.07928028463119174,0.9207197153688083,0.0,0.0,1.0,0.0
0.9080185454216624,0.39631262549822055,-42.220451886012,0.14346945701802005,0.15144552193535732,0.4327714843418189,0.5956798241615295,0.08061540516960175,191.5396024635232,0.0,0.39631262549822055,0.08061540516960175,0.9193845948303982,1.0,0.0,0.0,0.0
0.7551336174451959,0.5866239182836627,-10.293679743660547,0.08018675681211329,0.4768388777331244,0.6300931268616634,0.8286529061182892,0.7834695600492677,98.78969495987596,0.0,0.5866239182836627,0.7834695600492677,0.2165304399507323,0.0,1.0,1.0,0.0
0.9408801695592043,0.12434584143087035,-7.491982882730873,0.9709402496046186,0.17715352322262556,0.7220660642037853,0.040285518777998464,0.40542282513915495,132.27966188767437,0.0,0.12434584143087035,0.40542282513915495,0.594577174860845,0.0,0.0,1.0,0.0
0.5806452259096341,0.9359372482485595,-19.66495876234832,0.481277951219237,0.8096750362658893,0.9505328209544089,0.022066148682290843,0.9825212722560387,72.05849946891524,0.0,0.9359372482485595,0.9825212722560387,0.01747872774396131,0.0,1.0,1.0,0.0
0.8143867792687614,0.2803347525514125,-52.069220534767695,0.4398556397138349,0.6439565794476135,0.380951845023475,0.05456540828269896,0.5994611396587166,186.33645865549448,1.0,0.2803347525514125,0.5994611396587166,0.4005388603412834,0.0,0.0,0.0,0.0
0.3832153659472517,0.21633277763082703,-33.44535924403108,0.04836271104878087,0.8204875844802748,0.8263408109501867,0.5880004634296284,0.3531028889383895,171.96967102240967,1.0,0.21633277763082703,0.3531028889383895,0.6468971110616105,0.0,0.0,1.0,0.0
0.5546870247883672,0.8259323085500162,-22.11247244501876,0.7844054732127973,0.59856299321776,0.4141410682156662,0.9579458599261376,0.5411138248788447,144.71253259567538,0.0,0.8259323085500162,0.5411138248788447,0.45888617512115526,0.0,0.0,0.0,0.0
0.22048763941474925,0.6256507894272765,-25.70354103102337,0.18483839794702495,0.059587097353143714,0.6043593197147711,0.7636922693503205,0.5234013709220082,91.7481675447504,0.0,0.6256507894272765,0.5234013709220082,0.4765986290779918,0.0,0.0,1.0,0.0
0.6665219766930349,0.08010572660960225,-33.48997771188272,0.1633667583984202,0.18445905105988336,0.20229394915820365,0.3867070570439779,0.051150205620397626,115.69108173007375,0.0,0.08010572660960225,0.051150205620397626,0.9488497943796024,1.0,0.0,0.0,0.0
0.5117074471147008,0.4832942849663252,-37.03295397581756,0.8391466080707525,0.1453266924205041,0.505696743781374,0.062041416956554296,0.07115567887790974,140.34121895479348,0.0,0.4832942849663252,0.07115567887790974,0.9288443211220903,1.0,0.0,1.0,0.0
0.566018424887821,0.878033512844457,-26.527579460395607,0.9597910204048502,0.04869484839992977,0.09800768478074107,0.04406586157038139,0.18527685033354002,135.77781553183493,0.0,0.878033512844457,0.18527685033354002,0.81472314966646,0.0,0.0,0.0,0.0
0.645572181427428,0.0455851579486688,-3.241746609264041,0.842165376650381,0.2966124821570931,0.07718753022646796,0.16988707321905727,0.12694441375497267,77.25972910185256,0.0,0.0455851579486688,0.12694441375497267,0.8730555862450273,1.0,0.0,0.0,0.0
0.5185616886657339,0.2458474424934003,-38.511617008251335,0.9895053333843224,0.6843142489253448,0.9489806670470013,0.1425565550331156,0.38213947483256927,137.66245245952962,1.0,0.2458474424934003,0.38213947483256927,0.6178605251674307,0.0,0.0,1.0,0.0
0.07675806188873802,0.004187443627957865,-19.773939972184948,0.6418195168014353,0.41078880999961176,0.48964407603203264,0.4154430005920896,0.024005044844888856,106.95202487044475,0.0,0.004187443627957865,0.024005044844888856,0.9759949551551111,1.0,0.0,0.0,0.0
0.17708225539728983,0.09842418910136874,-2.596773966639013,0.5993597250421656,0.7286562842366027,0.3153637432661175,0.3931471294940152,0.23692399389672347,73.57519393515946,1.0,0.09842418910136874,0.23692399389672347,0.7630760061032765,1.0,0.0,0.0,0.0
0.1790316374415838,0.7975140452964858,-19.34725168897345,0.5469288759854769,0.47508987286676807,0.9224342836561245,0.0727349477786684,0.28060081323791597,108.99129949989997,0.0,0.7975140452964858,0.28060081323791597,0.719399186762084,0.0,0.0,1.0,0.0
0.7824258122127878,0.9925146201619713,-45.55976911457081,0.8743073341370806,0.8306227604317913,0.22465739764176662,0.3993325801992226,0.4096728692925191,196.95089359371818,0.0,0.9925146201619713,0.4096728692925191,0.5903271307074809,0.0,0.0,0.0,1.0
0.18089190137889832,0.799157971104782,-39.948437149613405,0.7308703457761604,0.42001100429566285,0.57835976311654,0.8326117733261311,0.8041655649838841,181.29924569555803,0.0,0.799157971104782,0.8041655649838841,0.19583443501611586,0.0,1.0,1.0,0.0
0.05961732534465902,0.6920505530397448,-51.60075739669423,0.415818568018411,0.5485884150546885,0.40273948474683074,0.5196116758030075,0.9965263087986191,78.93042391979967,0.0,0.6920505530397448,0.9965263087986191,0.0034736912013808574,0.0,1.0,0.0,0.0
0.6754560453364256,0.3960009663856152,-52.019412065560275,0.15873676337430953,0.9492731062456169,0.879601496711762,0.9070419604150218,0.9915327758273865,89.16415460119251,1.0,0.3960009663856152,0.9915327758273865,0.008467224172613474,0.0,1.0,1.0,0.0
0.35543933736406175,0.6692190299248667,-30.971847608361166,0.4183895333783335,0.35781124933559305,0.5937806319434522,0.575593428640082,0.16145783406424008,126.04357725258147,0.0,0.6692190299248667,0.16145783406424008,0.8385421659357599,0.0,0.0,1.0,0.0
0.5534717762098499,0.5702869387313905,-47.39356842525889,0.7422713922522868,0.025199094821069634,0.35483185554316266,0.7802126485356335,0.5638929210554023,96.56274055152043,0.0,0.5702869387313905,0.5638929210554023,0.43610707894459766,0.0,0.0,0.0,0.0
0.6949531193430477,0.5673909441560734,-12.225383432616766,0.7350251861898234,0.6101079220362347,0.488177675310814,0.1331821256675234,0.26133301788538377,118.67392620839195,0.0,0.5673909441560734,0.26133301788538377,0.7386669821146162,0.0,0.0,0.0,0.0
0.5992992870063887,0.5137078552153048,-42.70892844242823,0.006464357789710551,0.49623922190081393,0.2856259885622431,0.7346083007105351,0.02394626527048349,141.8758935828107,0.0,0.5137078552153048,0.02394626527048349,0.9760537347295165,0.0,0.0,0.0,0.0
0.9414742375060654,0.1744092671114995,-31.701030554964277,0.09142199181713817,0.6256819122613526,0.5505316805962256,0.40736552421283234,0.5213770214737412,185.52045218566144,1.0,0.1744092671114995,0.5213770214737412,0.4786229785262588,0.0,0.0,1.0,0.0
0.19629430231106704,0.022564511705347234,-8.300106918053942,0.5771170823879065,0.8906584554618424,0.5969452234131726,0.8101610899597025,0.42967336335514794,164.98039038035762,1.0,0.022564511705347234,0.42967336335514794,0.5703266366448521,0.0,0.0,1.0,0.0
0.913041466889856,0.5721229637222063,-49.15289096625723,0.26879761503019817,0.19864457689740578,0.24685702759573291,0.3064154493510364,0.5551337867531885,142.3188281249366,0.0,0.5721229637222063,0.5551337867531885,0.4448662132468115,0.0,0.0,0.0,0.0
0.4264997472418611,0.6154207798208354,-55.10550446331804,0.08778823705815997,0.17182946035765845,0.5180774980403448,0.21399467869831357,0.28328440349257733,116.04379706421918,0.0,0.6154207798208354,0.28328440349257733,0.7167155965074227,0.0,0.0,1.0,0.0
0.8118661240103798,0.013862135912860118,-21.037270785802654,0.6688765310406853,0.7986557803566365,0.9327529390603132,0.020137848949289827,0.15378370551321618,184.06398116783902,1.0,0.013862135912860118,0.15378370551321618,0.8462162944867838,1.0,0.0,1.0,0.0
0.45851856218701537,0.5645906389334635,-20.21836777661116,0.6790666044956374,0.9317404033165082,0.9969494174116696,0.7201574609309402,0.2872212092051508,183.1653363212081,0.0,0.5645906389334635,0.2872212092051508,0.7127787907948492,0.0,0.0,1.0,0.0
0.04922091454076161,0.2310808528744962,-6.156856952177108,0.25619151443935495,0.22065105962174847,0.13812529314024724,0.8591117576469165,0.5000582591910867,154.48504842758166,0.0,0.2310808528744962,0.5000582591910867,0.4999417408089133,0.0,0.0,0.0,0.0
0.23906638407502967,0.7580404210112165,-14.39966730227409,0.31259802490830013,0.41068263301028285,0.20969027743020086,0.9765610233229043,0.6456025770584116,190.83614330017218,0.0,0.7580404210112165,0.6456025770584116,0.3543974229415884,0.0,1.0,0.0,0.0
0.30338554362913317,0.7818909129968897,-14.048481366915482,0.6916556518665415,0.9656389752668004,0.39355533610631555,0.1307173235897573,0.6717088592440608,162.10337206680884,0.0,0.7818909129968897,0.6717088592440608,0.32829114075593924,0.0,1.0,0.0,0.0
0.5750605734588147,0.20681789313339627,-29.732643499838677,0.3121897365691294,0.42746652816668906,0.6452185758446639,0.7452147426908345,0.23222469090134312,116.74555049057346,0.0,0.20681789313339627,0.23222469090134312,0.7677753090986569,1.0,0.0,1.0,0.0
0.2691615709916292,0.19863161386186912,-12.996766800249695,0.9092526944369924,0.3702321856845767,0.7512789243737669,0.8969952893644111,0.8461242105302316,85.59387439549162,0.0,0.19863161386186912,0.8461242105302316,0.15387578946976843,0.0,0.0,1.0,0.0
0.9562918815133613,0.37667644042946247,-39.64556032956982,0.062431327277780335,0.486173654104883,0.10901361564092871,0.248539820927426,0.3169426217672814,173.23568528883578,0.0,0.37667644042946247,0.3169426217672814,0.6830573782327186,0.0,0.0,0.0,0.0
0.8754886503958965,0.3024663174614697,-8.478112725325566,0.8572309373697911,0.7646509503848735,0.14669511401518154,0.690322846900729,0.9450240645805688,155.555667027402,1.0,0.3024663174614697,0.9450240645805688,0.05497593541943124,0.0,1.0,0.0,0.0
0.33161684910783396,0.5005793174308313,-21.25649739893678,0.5105704087285036,0.11995294173096982,0.31206404465202064,0.8023960305536325,0.8614180460955174,79.22200458017983,0.0,0.5005793174308313,0.8614180460955174,0.13858195390448258,0.0,0.0,0.0,0.0
0.9523867523987246,0.32882261784860933,-20.261175676156803,0.7518251459566812,0.8119462346378834,0.9457497022259301,0.3129195480288226,0.8585064545515545,78.43616648106898,1.0,0.32882261784860933,0.8585064545515545,0.1414935454484455,0.0,1.0,1.0,0.0
0.7050409063535927,0.7419777295139859,-19.336605527920774,0.252314736135153,0.8730431470152034,0.168858463370395,0.05363479152083084,0.7174649906119122,126.56660013258272,0.0,0.7419777295139859,0.7174649906119122,0.28253500938808784,0.0,1.0,0.0,1.0
0.8490980199586761,0.38339714105825895,-49.90328468953723,0.8364421924698697,0.5489096316400717,0.1891957923903549,0.7203839985864458,0.5111136384895005,144.60381751364477,0.0,0.38339714105825895,0.5111136384895005,0.48888636151049947,0.0,0.0,0.0,0.0
0.4608983382065819,0.8287089838180064,-10.22623705901701,0.7093888218243862,0.10540137739646227,0.8388538619040689,0.6710129805329098,0.6970241660042995,110.81759765654203,0.0,0.8287089838180064,0.6970241660042995,0.3029758339957005,0.0,0.0,1.0,0.0
0.8792795561570067,0.7253716002348575,-53.24457200824833,0.40777803440616267,0.8863803619601417,0.047196701697378995,0.9614166196420495,0.6791625683195628,148.39263687007272,0.0,0.7253716002348575,0.6791625683195628,0.3208374316804372,0.0,1.0,0.0,1.0
0.2705592564879914,0.24879178873917707,-3.476506830684272,0.29827245423412274,0.7755052967189994,0.39312179820707915,0.13925407078470398,0.01071529769535895,136.1960271821351,1.0,0.24879178873917707,0.01071529769535895,0.989284702304641,1.0,0.0,0.0,0.0
0.9757788185489327,0.3691361938092045,-38.568459960417314,0.3440916178494421,0.5205438373048584,0.44066488342429355,0.8799146267270145,0.5055207917234903,131.08609734639964,0.0,0.3691361938092045,0.5055207917234903,0.4944792082765097,0.0,0.0,0.0,0.0
0.1383715947205566,0.982739540910386,-45.00162654787022,0.07336406745960267,0.6631462489752088,0.5953663701568727,0.4151456539927457,0.42219223388067806,169.90894894650037,0.0,0.982739540910386,0.42219223388067806,0.5778077661193219,0.0,0.0,1.0,0.0
0.19571264009964906,0.8202533189448897,-21.07517316629891,0.4189697737795244,0.4580286165838686,0.2566472071860958,0.7521143326969748,0.5128747423052678,104.9196359849781,0.0,0.8202533189448897,0.5128747423052678,0.48712525769473225,0.0,0.0,0.0,0.0
0.5960501157609502,0.995734452051323,-33.88426322060677,0.9206914007786196,0.3450168399245661,0.054732706924985886,0.20424210636842888,0.4186951433276842,90.74889000323967,0.0,0.995734452051323,0.4186951433276842,0.5813048566723158,0.0,0.0,0.0,0.0
0.0002270382182555375,0.9150015377475272,-9.367235326144261,0.7422922314869471,0.16781459564602863,0.12036357620998606,0.06760474947238315,0.7240291887729212,190.03311449630394,0.0,0.9150015377475272,0.7240291887729212,0.2759708112270788,0.0,0.0,0.0,0.0
0.430535820913037,0.11914067199604816,-29.256430756073605,0.34883190745863013,0.3748249243499977,0.6213306241557073,0.7187181132622024,0.11060359887316085,64.98263231290669,0.0,0.11914067199604816,0.11060359887316085,0.8893964011268392,1.0,0.0,1.0,0.0
0.9943303026857149,0.23272834891555183,-56.77016850549246,0.18987532909591998,0.03895784634846422,0.39181089461717167,0.8024017844513243,0.3412444497577206,122.18567696297131,0.0,0.23272834891555183,0.3412444497577206,0.6587555502422794,0.0,0.0,0.0,0.0
0.6755867735674388,0.5088940700698802,-8.31325883872055,0.8660356750457565,0.009910695491153643,0.7780463064831992,0.46073360024167387,0.9888405413036631,127.65249062256092,0.0,0.5088940700698802,0.9888405413036631,0.011159458696336944,0.0,0.0,1.0,0.0
0.9868959453882975,0.7545693612057366,-45.08370692320162,0.5383949792869577,0.9921356394785827,0.8575306077519237,0.0973668937912211,0.7063719968099961,108.38114202191383,0.0,0.7545693612057366,0.7063719968099961,0.29362800319000393,0.0,1.0,1.0,1.0
0.006982261880348117,0.4034809690269996,-45.914734696501725,0.8188692705204715,0.3373306088457655,0.8275236939538171,0.0005979388347953085,0.30781915002611915,93.76313000308667,0.0,0.4034809690269996,0.30781915002611915,0.6921808499738809,0.0,0.0,1.0,0.0
0.23356736106861098,0.0681866197654627,-48.7725437753699,0.5555495698856199,0.2913610728377445,0.41739478232914795,0.3768668803471885,0.8759049249998946,186.74185986147216,0.0,0.0681866197654627,0.8759049249998946,0.12409507500010541,0.0,0.0,0.0,0.0
0.49295697165586005,0.3301559503156044,-53.59195775985818,0.953402879382095,0.06022694490029745,0.29765027756828044,0.29806620117000415,0.3204012861402149,83.0001580581373,0.0,0.3301559503156044,0.3204012861402149,0.6795987138597851,0.0,0.0,0.0,0.0
0.7831614309236972,0.12249786196598922,-21.905600450810233,0.12384602670581746,0.07053563759295656,0.9094295036858765,0.19012876631870568,0.8212501545597043,136.24832195499903,0.0,0.12249786196598922,0.8212501545597043,0.1787498454402957,0.0,0.0,1.0,0.0
0.0778565196087696,0.9554481914380675,-45.18232998048645,0.8596453453526065,0.16881000578456418,0.8539428821418529,0.013228812905293985,0.5117804565694807,167.72196111901795,0.0,0.9554481914380675,0.5117804565694807,0.4882195434305193,0.0,0.0,1.0,0.0
0.9347955174927833,0.909202136206487,-10.822507827141308,0.8881913496613041,0.1992196858370765,0.28418429571172876,0.2889685249210585,0.3770539310016988,115.06489385392642,0.0,0.909202136206487,0.3770539310016988,0.6229460689983012,0.0,0.0,0.0,1.0
0.5445553246546755,0.15987976336644139,-18.52520017284064,0.1675665393045065,0.31030848210454753,0.503345130606154,0.7964405615234773,0.7394692332387273,150.3748098974731,0.0,0.15987976336644139,0.7394692332387273,0.26053076676127274,0.0,0.0,1.0,0.0
0.15577326058017016,0.5470453456155777,-54.75320989200687,0.37736317679665077,0.41351653028995916,0.03981143944575383,0.2739880994699718,0.9556494672664894,193.50856509615653,0.0,0.5470453456155777,0.9556494672664894,0.04435053273351064,0.0,1.0,0.0,0.0
0.3523270542525393,0.043100108948324056,-49.254303640309104,0.39221779343354013,0.9477796979692298,0.14119906353718492,0.7635158436682122,0.10868253937469208,197.37606083477877,1.0,0.043100108948324056,0.10868253937469208,0.8913174606253079,1.0,0.0,0.0,0.0
0.381616499109135,0.775234538899056,-39.444535031332094,0.6276688771588087,0.19201608474003673,0.14602101929696254,0.9380641395681313,0.9176472779044335,184.24565162980355,0.0,0.775234538899056,0.9176472779044335,0.08235272209556654,0.0,0.0,0.0,0.0
0.6254334501665935,0.8082682112162782,-55.85778378531751,0.33478904189067915,0.3137031247571562,0.6356453219526133,0.3559577734706405,0.1485067816436808,143.50539055789613,0.0,0.8082682112162782,0.1485067816436808,0.8514932183563192,0.0,0.0,1.0,1.0
0.8143839206690815,0.3821234944599732,-52.0638770940911,0.19668819731282305,0.23748330516938398,0.2998975929945362,0.6427950705063091,0.600945484537719,157.45118061938547,0.0,0.3821234944599732,0.600945484537719,0.399054515462281,0.0,0.0,0.0,0.0
0.36250198453151317,0.8239976518799783,-47.754740330654386,0.46904074751815394,0.8009387215414303,0.18015864773261925,0.10986311374078295,0.8836839676879897,108.01015278628742,0.0,0.8239976518799783,0.8836839676879897,0.11631603231201026,0.0,1.0,0.0,0.0
0.683870124909032,0.02534860426393848,-18.597186695433024,0.3161013115469705,0.05574085358744174,0.609812761548117,0.24080381607317325,0.38680724205188,71.28131372011191,0.0,0.02534860426393848,0.38680724205188,0.61319275794812,0.0,0.0,1.0,0.0
0.14716325109494532,0.29797723549584376,-54.614429966390574,0.9108262646863152,0.006047043183978418,0.4838602188643114,0.12324745813255145,0.30767908947794853,189.64833837455717,0.0,0.29797723549584376,0.30767908947794853,0.6923209105220515,0.0,0.0,0.0,0.0
0.16169455327398685,0.9658323197183326,-47.6523373806347,0.7415661084668296,0.5466772648973117,0.8844787275967592,0.5539932555031309,0.5345592191563087,87.36412005157598,0.0,0.9658323197183326,0.5345592191563087,0.46544078084369134,0.0,0.0,1.0,0.0
0.16622936205165872,0.9164891511155142,-40.32970806899796,0.37208225496289593,0.7598236584283884,0.33882348242280735,0.9520624466390027,0.7379277689988003,143.64009396027882,0.0,0.9164891511155142,0.7379277689988003,0.2620722310011997,0.0,1.0,0.0,0.0
0.8808951605447525,0.04960590834948275,-44.576238468647475,0.46503633422090995,0.22697853947152102,0.7439051873021519,0.9192080310537252,0.4237701199309234,107.8985640156653,0.0,0.04960590834948275,0.4237701199309234,0.5762298800690766,0.0,0.0,1.0,0.0
0.9615507321375663,0.44485243282754083,-30.657095973043006,0.35164987234190537,0.9095484730121384,0.5689554832818507,0.7621745871816447,0.8118067183508864,107.85886586841615,0.0,0.44485243282754083,0.8118067183508864,0.18819328164911364,0.0,1.0,1.0,0.0
0.43369433132038004,0.8484717744062646,-38.20467889945138,0.7939351334518513,0.9409923225744371,0.623210373068007,0.7416272874518889,0.8050973120411349,178.30555084552995,0.0,0.8484717744062646,0.8050973120411349,0.19490268795886512,0.0,1.0,1.0,0.0
0.39505333785679597,0.05126345917599817,-35.88742372579563,0.6737562297840898,0.4503503857807928,0.7489631508603986,0.3569824294686639,0.6347441411040295,86.09877267955645,0.0,0.05126345917599817,0.6347441411040295,0.36525585889597045,0.0,1.0,1.0,0.0
0.7493694366449569,0.5456959688130258,-47.75613668720396,0.29191117349780726,0.7486087085818324,0.4826012356615207,0.2160314403930722,0.9672711903702976,160.1175027743643,0.0,0.5456959688130258,0.9672711903702976,0.03272880962970237,0.0,1.0,0.0,0.0
0.9571348325397961,0.4271050453603432,-31.493979558496772,0.8979552161850192,0.5250493402453846,0.7072789119056672,0.25217287749552997,0.44672646870264054,77.28298121344972,0.0,0.4271050453603432,0.44672646870264054,0.5532735312973595,0.0,0.0,1.0,0.0
0.20598003587696168,0.000943415267631087,-57.64409690108039,0.9772838231769293,0.2423536951367623,0.663310709504002,0.8390996987996115,0.5506604592365643,81.44023001175387,0.0,0.000943415267631087,0.5506604592365643,0.44933954076343574,0.0,0.0,1.0,0.0
0.7281164373361664,0.600251410099583,-16.124964639157497,0.7697466228570872,0.9754103676847451,0.57356328002671,0.3416411126906018,0.6484645569002371,69.58169929396766,0.0,0.600251410099583,0.6484645569002371,0.3515354430997629,0.0,1.0,1.0,0.0
0.8973973183215863,0.11938101133819679,-40.329429726850904,0.8157453806261209,0.5973123783307118,0.3936355202774421,0.4734356593750214,0.8545473932021803,107.6006140483849,0.0,0.11938101133819679,0.8545473932021803,0.14545260679781968,0.0,1.0,0.0,0.0
0.8696496848121713,0.08813443097669149,-13.392093767482159,0.8475476330547363,0.18181765283733875,0.43034653237220044,0.16549977466365562,0.7066041289942178,134.94868752863195,0.0,0.08813443097669149,0.7066041289942178,0.29339587100578224,0.0,0.0,0.0,0.0
0.635323346708321,0.19648696695621115,-47.29524827685483,0.04149732550990637,0.3220675351957297,0.559744661333675,0.8579349139973288,0.6669274474586807,120.9554852759652,0.0,0.19648696695621115,0.6669274474586807,0.3330725525413193,0.0,0.0,1.0,0.0
0.9531201143941378,0.7192452005758319,-4.190087828247002,0.5275879732721657,0.2589042747931396,0.052826686364721986,0.7260848514838505,0.12130299800553412,102.3885179580754,0.0,0.7192452005758319,0.12130299800553412,0.8786970019944659,0.0,0.0,0.0,1.0
0.5324709078838974,0.5644165877797477,-23.96500818077184,0.16625533034970064,0.37973740482164875,0.6171942271169667,0.9698188646337847,0.7276311376996887,189.1645259931541,0.0,0.5644165877797477,0.7276311376996887,0.2723688623003113,0.0,0.0,1.0,0.0
0.762212058314177,0.5917169688924004,-48.47859785181933,0.666685651892513,0.6233795659599071,0.6024691704572664,0.48978586798824075,0.5286566039892756,106.82195379653457,0.0,0.5917169688924004,0.5286566039892756,0.4713433960107244,0.0,0.0,1.0,0.0
0.5193126926423032,0.19755590567847825,-11.689536158377393,0.1857769546987078,0.08496628988946642,0.43624602635715737,0.6583074395060619,0.43771682493354136,98.7455784731832,0.0,0.19755590567847825,0.43771682493354136,0.5622831750664586,0.0,0.0,0.0,0.0
0.5581711838904407,0.34700233541219994,-4.027938592402016,0.9226451396035721,0.5023718199720955,0.3278839940182585,0.7371324139566391,0.03671294348306664,126.46766084611117,0.0,0.34700233541219994,0.03671294348306664,0.9632870565169334,1.0,0.0,0.0,0.0
0.33632339427033353,0.9205358851025547,-59.279818363639045,0.5528148757183491,0.740663581066626,0.48501798752404124,0.08540303016272166,0.9724613900279022,132.5214603926537,0.0,0.9205358851025547,0.9724613900279022,0.027538609972097783,0.0,1.0,0.0,0.0
0.6141862443190114,0.23660978270750732,-30.990114893591773,0.42914949195832186,0.07489584200198374,0.10616035354746722,0.8374725196187746,0.23981995220659025,87.29415800980827,0.0,0.23660978270750732,0.23981995220659025,0.7601800477934098,1.0,0.0,0.0,0.0
0.5049114512501393,0.7687471313625129,-56.28320888526073,0.5768079196382558,0.11921044284057336,0.03646105082561846,0.05274395216221739,0.8341641082084413,76.51614770792861,0.0,0.7687471313625129,0.8341641082084413,0.16583589179155866,0.0,0.0,0.0,0.0
0.04515136441229195,0.4378998871429123,-9.360391683478511,0.26240837648930193,0.4217126175259164,0.03992253256375122,0.4490785141348759,0.5776130806371337,139.92698752530026,0.0,0.4378998871429123,0.5776130806371337,0.4223869193628663,0.0,0.0,0.0,0.0
0.33242669217436516,0.3155331806631355,-53.60258286380413,0.3667983206462684,0.09949466887296465,0.7665959447120516,0.9662742977481859,0.9700744566667069,181.10995391255514,0.0,0.3155331806631355,0.9700744566667069,0.029925543333293114,0.0,0.0,1.0,0.0
0.6007921493396191,0.7008656972438799,-42.887651839175156,0.6307704201726206,0.45564954943987745,0.4820173397769325,0.757776560375158,0.28191835559725165,104.52554563723278,0.0,0.7008656972438799,0.28191835559725165,0.7180816444027484,0.0,0.0,0.0,1.0
0.9246417911286366,0.056224294850972245,-30.861942095199577,0.9128008004078617,0.610363007818157,0.5464070742121321,0.2497441792293552,0.34327548906444827,179.286778212657,1.0,0.056224294850972245,0.34327548906444827,0.6567245109355517,0.0,0.0,1.0,0.0
0.5592181317684581,0.5147421937567799,-54.025217187598265,0.01602815645512312,0.9636851886870491,0.37698616728684164,0.6032130620995043,0.07971507318728499,155.63600000122653,0.0,0.5147421937567799,0.07971507318728499,0.920284926812715,0.0,0.0,0.0,0.0
0.9325667087059609,0.5756652529974197,-52.433080657475365,0.5817215274734767,0.7663472131046524,0.40641653657401866,0.8798377479414679,0.6486829533573645,185.89484856048836,0.0,0.5756652529974197,0.6486829533573645,0.3513170466426355,0.0,1.0,0.0,0.0
0.6235053112473372,0.13128797200482423,-41.41849733368865,0.20179494825245692,0.9088264977168623,0.7604000672874827,0.676398368910006,0.3009663196316217,85.76626808702989,1.0,0.13128797200482423,0.3009663196316217,0.6990336803683783,0.0,0.0,1.0,0.0
0.7564510879889118,0.47415794587907967,-46.45262687096225,0.6166219781652751,0.040333852138451975,0.3261702541282535,0.46855699459113465,0.14795833410940584,197.85162686271755,0.0,0.47415794587907967,0.14795833410940584,0.8520416658905942,1.0,0.0,0.0,0.0
0.20909736458961425,0.13035313004326554,-47.78790756678622,0.7690611331597242,0.4255056592718428,0.565415939752538,0.021009156986360744,0.034431308573314556,122.41557697578227,0.0,0.13035313004326554,0.034431308573314556,0.9655686914266854,1.0,0.0,1.0,0.0
0.8166552432016235,0.8852388787075652,-54.79760594426159,0.5383631021010228,0.9132296862792705,0.38797275439788637,0.8295658314283686,0.1336956543994362,190.95522855349182,0.0,0.8852388787075652,0.1336956543994362,0.8663043456005638,0.0,0.0,0.0,1.0
0.7514233175313026,0.9413343927869017,-19.40296598684961,0.363403931999427,0.9381811725247224,0.2755667763091785,0.33217252206173253,0.7008084180017403,167.14428193355408,0.0,0.9413343927869017,0.7008084180017403,0.2991915819982597,0.0,1.0,0.0,1.0
0.9294034838491538,0.2048024090562095,-12.120117886846565,0.7385460533969634,0.06379455625359787,0.38722314121020696,0.2827654570600986,0.3044904243540304,197.61256313765813,0.0,0.2048024090562095,0.3044904243540304,0.6955095756459696,0.0,0.0,0.0,0.0
0.6427774134799279,0.7176761577934996,-1.4029417610994486,0.3772017824576387,0.8018401684528059,0.43453096330449537,0.8695336718149798,0.18065754131130318,192.67606478899916,0.0,0.7176761577934996,0.18065754131130318,0.8193424586886968,0.0,0.0,0.0,1.0
0.21877170841087967,0.3262205069809315,-14.628465953593171,0.3937551415654067,0.6082113767664467,0.4445735010694285,0.7423699370897818,0.22833125236861085,68.18411821316278,1.0,0.3262205069809315,0.22833125236861085,0.7716687476313892,1.0,0.0,0.0,0.0
0.29992939747306624,0.47430866486843026,-49.91879686843929,0.3547972896563887,0.3999830182935685,0.05739184368827355,0.5833072481842045,0.8843434279712875,81.24400781342734,0.0,0.47430866486843026,0.8843434279712875,0.11565657202871249,0.0,0.0,0.0,0.0
0.597808013401514,0.6647392049108463,-34.8399191748427,0.70109758736427,0.41073154349101204,0.5046372879774349,0.00735304455442698,0.6917201141346888,152.5879750522614,0.0,0.6647392049108463,0.6917201141346888,0.3082798858653112,0.0,1.0,1.0,0.0
0.03840087732634456,0.3682501073951331,-1.2580895524999534,0.4207365625686168,0.5019454051318417,0.9099301581597186,0.7172618758657564,0.5820701311242236,171.69265538775016,0.0,0.3682501073951331,0.5820701311242236,0.41792986887577643,0.0,0.0,1.0,0.0
0.8643662664559733,0.45688807173726687,-31.493498104089877,0.3860509356518358,0.9667061400184606,0.6971662542903504,0.0832230662080723,0.8629596233130185,127.27839171707753,0.0,0.45688807173726687,0.8629596233130185,0.13704037668698155,0.0,1.0,1.0,0.0
0.06875390642248747,0.549717255163311,-34.97014326145788,0.8777494048626249,0.20399460360938737,0.8264646094921829,0.5576886911854527,0.05461030321346905,196.05834218556785,0.0,0.549717255163311,0.05461030321346905,0.945389696786531,0.0,0.0,1.0,0.0
0.5126152441031999,0.2908768542315825,-31.835589480644515,0.857857783517489,0.3049031243850635,0.19267639648670032,0.12907124693088146,0.29785939839021125,169.20673218560609,0.0,0.2908768542315825,0.29785939839021125,0.7021406016097888,1.0,0.0,0.0,0.0
0.4716263651952617,0.22748160369353998,-50.02890002341505,0.3327294765103791,0.9399243728857088,0.3430267125900244,0.9881240759546354,0.4852304557653562,85.08294856062112,1.0,0.22748160369353998,0.4852304557653562,0.5147695442346438,0.0,0.0,0.0,0.0
0.8911400917935094,0.4603553731348269,-17.419719389728535,0.9837115832091518,0.050175350319974,0.09669455978756714,0.7204567414627562,0.281825003295472,85.80219557301388,0.0,0.4603553731348269,0.281825003295472,0.718174996704528,1.0,0.0,0.0,0.0
0.039361879819729495,0.021846711986201806,-13.530863812812548,0.13443342736955,0.4677206159711509,0.605896815179483,0.42835180056884625,0.027106652336233106,169.69021036230725,0.0,0.021846711986201806,0.027106652336233106,0.9728933476637669,1.0,0.0,1.0,0.0
0.010513224541653488,0.761889894377484,-6.401730372712635,0.4328399210571723,0.5355424730977982,0.47698339261765377,0.3892086186234388,0.8874245353703603,185.15069149379866,0.0,0.761889894377484,0.8874245353703603,0.11257546462963974,0.0,1.0,0.0,0.0
0.3358163646415345,0.615069754014698,-4.3855462712481526,0.9620584989413515,0.5089590404220475,0.4528248052843268,0.2786943159285258,0.95887187319041,79.99400262620142,0.0,0.615069754014698,0.95887187319041,0.04112812680958999,0.0,1.0,0.0,0.0
0.579829576047725,0.2825502675186389,-43.2595025791322,0.40496858737618846,0.9987929358156545,0.054966306839822066,0.5785418182035315,0.08257215803527718,81.63291619867266,1.0,0.2825502675186389,0.08257215803527718,0.9174278419647228,1.0,0.0,0.0,0.0
0.4395629417728987,0.5104601313464413,-44.47245549812856,0.3164571308744162,0.08696702025593306,0.3032197838442505,0.9665584393805441,0.9447073816724817,106.88296061917791,0.0,0.5104601313464413,0.9447073816724817,0.055292618327518306,0.0,0.0,0.0,0.0
0.5708539362787616,0.9095953911109443,-59.628970641546196,0.8106835703375919,0.948369552788919,0.09132573433355706,0.16144768603292103,0.9607463027713554,135.25562010964848,0.0,0.9095953911109443,0.9607463027713554,0.03925369722864458,0.0,1.0,0.0,0.0
0.014196634471723701,0.25763199876352916,-33.00337954386842,0.6929089110247677,0.7331603781367996,0.9954215129254561,0.287511199383759,0.5382201018684752,134.6652967003447,1.0,0.25763199876352916,0.5382201018684752,0.46177989813152476,0.0,0.0,1.0,0.0
0.4056452594472375,0.1691618938424202,-1.3526062089694477,0.8533171866665861,0.4983330282942372,0.6032454226840298,0.2272610535596623,0.5437870703917469,157.29581863700662,0.0,0.1691618938424202,0.5437870703917469,0.4562129296082531,0.0,0.0,1.0,0.0
0.5151670283865888,0.9902851705849413,-23.319500625136428,0.37097371259216905,0.7721520276158381,0.17046251158164205,0.38451581370626653,0.34695895037758584,120.45299331508882,0.0,0.9902851705849413,0.34695895037758584,0.6530410496224142,0.0,0.0,0.0,0.0
0.7817798259287263,0.48417303216340746,-12.359132984042233,0.5764889031398659,0.34206943465755535,0.8099787436834724,0.23828967055309158,0.2243829797997955,130.630409367677,0.0,0.48417303216340746,0.2243829797997955,0.7756170202002045,1.0,0.0,1.0,0.0
0.2608492459620889,0.009087034951216322,-21.102148362071908,0.511093821472398,0.4455178144931612,0.9669685146183153,0.5711991839629137,0.8634315777893845,79.52303306872243,0.0,0.009087034951216322,0.8634315777893845,0.1365684222106155,0.0,1.0,1.0,0.0
0.5692064631294277,0.8679796267309029,-25.013654563206117,0.7180141781270015,0.3720435678122074,0.09244951703706661,0.4579002951270714,0.3944793908388575,181.3884255330526,0.0,0.8679796267309029,0.3944793908388575,0.6055206091611425,0.0,0.0,0.0,0.0
0.24399530235247224,0.9667342275351081,-2.5117128117302343,0.2476316430714387,0.3480519554773205,0.895555740873885,0.9666222208961075,0.44343910283604404,104.93958638972569,0.0,0.9667342275351081,0.44343910283604404,0.556560897163956,0.0,0.0,1.0,0.0
0.526094013251542,0.6877692063657348,-43.591529077501214,0.7364731746190728,0.051657357114641034,0.04929449276441644,0.3862877051455452,0.3534731920607206,104.18865015140132,0.0,0.6877692063657348,0.3534731920607206,0.6465268079392794,0.0,0.0,0.0,0.0
0.49101976266891,0.32073358231157123,-48.464524891914486,0.3094695490886009,0.974904272810235,0.4111134169948486,0.44471277685833577,0.57654498995114,197.66770757799173,1.0,0.32073358231157123,0.57654498995114,0.42345501004886,0.0,0.0,0.0,0.0
0.241601276435763,0.6812821105324338,-17.040918387496554,0.6073244167930659,0.08857833963664408,0.6768722758275765,0.06409471103617548,0.5961426495498969,163.541364811044,0.0,0.6812821105324338,0.5961426495498969,0.40385735045010307,0.0,0.0,1.0,0.0
0.21096989061995042,0.841622007542774,-58.17877166801974,0.8438128636583061,0.4603290506427651,0.2175879399316445,0.133778144993968,0.9533071675823725,70.17318226136194,0.0,0.841622007542774,0.9533071675823725,0.04669283241762745,0.0,1.0,0.0,0.0
0.19909341993592566,0.34782234743304596,-22.78590906233277,0.5448010852760984,0.12564349241231398,0.2897279837382146,0.23875177108602408,0.21354285449034138,117.56020710719818,0.0,0.34782234743304596,0.21354285449034138,0.7864571455096586,1.0,0.0,0.0,0.0
0.7040314525916569,0.21745293221723594,-37.999267217821114,0.39091742684116226,0.9764565294354102,0.9546663568790689,0.8001375827520759,0.24165892081918516,69.52522397283376,1.0,0.21745293221723594,0.24165892081918516,0.7583410791808148,1.0,0.0,1.0,0.0
0.31690413772062476,0.26679454943383085,-29.644451991216368,0.7777279100677931,0.858322938878858,0.8448640854105085,0.35967556122306776,0.6872343434606829,103.79678765339081,1.0,0.26679454943383085,0.6872343434606829,0.3127656565393171,0.0,1.0,1.0,0.0
0.06090554323518271,0.7015652656029423,-59.41034684581273,0.40918258745848857,0.32937926930207573,0.6933775385188524,0.7662454727603789,0.30409463597128383,173.6277820222795,0.0,0.7015652656029423,0.30409463597128383,0.6959053640287162,0.0,0.0,1.0,0.0
0.29391676050493376,0.4463263599865612,-16.378888379151967,0.6929202292247886,0.9873684723122,0.22516102421593187,0.6623179135395824,0.6096819082757774,188.11378362860418,0.0,0.4463263599865612,0.6096819082757774,0.3903180917242226,0.0,1.0,0.0,0.0
0.15636214164487505,0.751798163586933,-25.903883023873902,0.2746658697879054,0.4744349141471741,0.3337765970697978,0.5793134027884609,0.8890006108146659,139.70269781770827,0.0,0.751798163586933,0.8890006108146659,0.11099938918533414,0.0,1.0,0.0,0.0
0.631722418326584,0.5187478471147094,-56.93006961327144,0.23285855687609425,0.49200172943208276,0.31023528374470477,0.18176359776119422,0.5041328419184383,105.19337108269904,0.0,0.5187478471147094,0.5041328419184383,0.4958671580815617,0.0,0.0,0.0,0.0
0.2581076431734147,0.4639854174403808,-52.002944515069615,0.9277457330754073,0.867702097919239,0.7076205857405353,0.10621382758845621,0.775877254469693,173.11402593526265,0.0,0.4639854174403808,0.775877254469693,0.22412274553030698,0.0,1.0,1.0,0.0
0.7677646177143377,0.11396588711924116,-21.365522575934115,0.8343247957493986,0.5773534012196677,0.646407375228089,0.4583634794263062,0.5287073198840526,64.81276016924153,0.0,0.11396588711924116,0.5287073198840526,0.4712926801159474,0.0,0.0,1.0,0.0
0.6389630219732846,0.08144721289115919,-33.89912433958659,0.2926550976674078,0.5454279502117131,0.13341633552320709,0.6916434019733182,0.7950115369284704,82.86962296404191,0.0,0.08144721289115919,0.7950115369284704,0.20498846307152963,0.0,1.0,0.0,0.0
0.10431308735188216,0.14551548278735915,-7.372346286089893,0.5281892617563562,0.4672609960075026,0.10671181910235428,0.6495560067569618,0.8679995918950899,175.9460217052834,0.0,0.14551548278735915,0.8679995918950899,0.1320004081049101,0.0,1.0,0.0,0.0
0.6260547089808013,0.07527871665167363,-53.256178369439226,0.049308987109824676,0.2574792164924693,0.13566146716037775,0.2600480402524339,0.3850580557189617,192.017589769959,0.0,0.07527871665167363,0.3850580557189617,0.6149419442810383,0.0,0.0,0.0,0.0
0.6103760597816921,0.8349737856829623,-17.378909957260063,0.11250313052663174,0.7359204063739488,0.27509888155912443,0.6391078469947064,0.3409619736429885,199.6741168570523,0.0,0.8349737856829623,0.3409619736429885,0.6590380263570115,0.0,0.0,0.0,1.0
0.2635514794967778,0.27913047077426967,-4.159664666256106,0.02464440463632267,0.6966889878731969,0.7253263907358781,0.8363785774103993,0.9744393106384753,196.58426868193135,1.0,0.27913047077426967,0.9744393106384753,0.02556068936152467,0.0,1.0,1.0,0.0
0.0652767575664639,0.8218393227529025,-21.22140398055712,0.6473421343730912,0.1283499266146948,0.6501871664456533,0.9824825806012478,0.911818569539447,121.47829251267908,0.0,0.8218393227529025,0.911818569539447,0.08818143046055305,0.0,0.0,1.0,0.0
0.03994797328609434,0.36229349000020483,-10.416581303966687,0.701499101465166,0.4593436555939564,0.055101535158831094,0.4268947278233026,0.4690249397178835,189.99777460517905,0.0,0.36229349000020483,0.4690249397178835,0.5309750602821165,0.0,0.0,0.0,0.0
0.6410861035821595,0.3116529166546489,-28.480904132956717,0.06605530782216007,0.9725682356497368,0.360059901930726,0.4778673549131358,0.3552839742369226,155.55164221626802,1.0,0.3116529166546489,0.3552839742369226,0.6447160257630774,0.0,0.0,0.0,0.0
0.662232158329593,0.7153223105291356,-43.91140622328475,0.315668481164066,0.12525123109620795,0.6555099718461126,0.03979712733565255,0.5976823355234591,181.75742387922872,0.0,0.7153223105291356,0.5976823355234591,0.40231766447654094,0.0,0.0,1.0,1.0
0.8908321482896335,0.4490377603699617,-32.441778707215576,0.07696918300801736,0.6707650254430357,0.8212594203728455,0.24465505460471304,0.42130088163336465,177.43750714713786,0.0,0.4490377603699617,0.42130088163336465,0.5786991183666353,0.0,0.0,1.0,0.0
0.877120467662288,0.24317998026422594,-26.965761927518145,0.19249315063582706,0.10187876413955654,0.9111205013919575,0.8205075042321092,0.7600349018031739,66.82728463383965,0.0,0.24317998026422594,0.7600349018031739,0.2399650981968261,0.0,0.0,1.0,0.0
0.8437287927102575,0.43804407590538375,-39.456292602248425,0.5464763610253764,0.09135324272355583,0.7566465493523988,0.5824350768882959,0.18659009687316752,86.35250796766638,0.0,0.43804407590538375,0.18659009687316752,0.8134099031268325,1.0,0.0,1.0,0.0
0.18424865157267423,0.057002387551933986,-24.73209303769891,0.8403481775885081,0.0174982139873886,0.04900464497127355,0.5727702766869458,0.8194956853860523,105.7434446796087,0.0,0.057002387551933986,0.8194956853860523,0.18050431461394767,0.0,0.0,0.0,0.0
0.34961439880772216,0.5963464974967759,-43.54722665255118,0.02660836607768413,0.7352285181015961,0.6256499129414531,0.5807559990556591,0.7416841289918231,154.53231725868525,0.0,0.5963464974967759,0.7416841289918231,0.2583158710081769,0.0,1.0,1.0,0.0
0.20588198817832115,0.35248104694335114,-52.4333914992825,0.12985701341788103,0.6761957463565392,0.8586001069824982,0.962732583861139,0.6283471175494444,85.77418527053398,1.0,0.35248104694335114,0.6283471175494444,0.3716528824505556,0.0,1.0,1.0,0.0
0.1056503454489307,0.8128509715367578,-25.274611418400042,0.6182850210137198,0.7814620887547092,0.7032772277324516,0.8344582528560966,0.05621390545987848,164.65288914451068,0.0,0.8128509715367578,0.05621390545987848,0.9437860945401215,0.0,0.0,1.0,0.0
0.8508527573220954,0.28613504245831434,-21.57316356040483,0.3141620638369721,0.957971066482454,0.03342357243550376,0.579792843832955,0.1665035470495151,159.7108287248022,1.0,0.28613504245831434,0.1665035470495151,0.8334964529504849,1.0,0.0,0.0,0.0
0.17589028341866209,0.23538326189835757,-30.337751337254517,0.9148349499968781,0.21171437214797084,0.14424002111810352,0.7589768318540306,0.500619532333931,187.64991573344798,0.0,0.23538326189835757,0.500619532333931,0.49938046766606903,0.0,0.0,0.0,0.0
0.14661455715984228,0.6459278930230393,-46.027251230891096,0.1567604286516393,0.6834294151572705,0.5936846199087332,0.7548274583623312,0.30946257644618236,122.7160318935066,0.0,0.6459278930230393,0.30946257644618236,0.6905374235538176,0.0,0.0,1.0,0.0
0.4054716763304185,0.9840894639665142,-42.465062595636724,0.2948172383467669,0.3545482088286074,0.5645940812903215,0.25232274426374524,0.9152899403792739,97.19597908127689,0.0,0.9840894639665142,0.9152899403792739,0.08471005962072609,0.0,0.0,1.0,0.0
0.8958157315601947,0.10347506364658465,-20.60623785602086,0.9069855184382437,0.16874943839822953,0.968326960099255,0.4528833604155117,0.9457151084410245,154.7548061082066,0.0,0.10347506364658465,0.9457151084410245,0.054284891558975534,0.0,0.0,1.0,0.0
0.30158686987355154,0.18830252491710642,-41.77589722649404,0.09301740926267499,0.14386796634332977,0.10466044034648114,0.42294354374155774,0.7955783762575864,79.79369759028762,0.0,0.18830252491710642,0.7955783762575864,0.20442162374241357,0.0,0.0,0.0,0.0
0.13032043317233588,0.6434289495173308,-48.16902108191602,0.0976100381089916,0.16684857820557764,0.9237313958767761,0.8214712527761908,0.3540645623550941,151.81490742583497,0.0,0.6434289495173308,0.3540645623550941,0.6459354376449059,0.0,0.0,1.0,0.0
0.5372756736680381,0.6771242634825639,-19.03973085223444,0.6287340150599929,0.2661013685373086,0.03900642076281813,0.4555667819901088,0.8909738846907038,139.72961619260064,0.0,0.6771242634825639,0.8909738846907038,0.10902611530929618,0.0,0.0,0.0,0.0
0.8323910417019079,0.9916243429612281,-50.18302775170342,0.6917776391419823,0.6742935737000246,0.9799554473582784,0.9856007339528003,0.6866786117241295,94.1060708775072,0.0,0.9916243429612281,0.6866786117241295,0.3133213882758705,0.0,1.0,1.0,1.0
0.798555838130599,0.1070291342110381,-13.158041749702278,0.9101961241446964,0.38283339476843525,0.6306352949830805,0.4301427320968263,0.43776505498812845,103.4519244751368,0.0,0.1070291342110381,0.43776505498812845,0.5622349450118715,0.0,0.0,1.0,0.0
0.7621296204503246,0.9361765641665052,-3.5549484459323324,0.17478128487493383,0.874743649656566,0.7374314414271221,0.25283740069028926,0.06728461292151455,97.51961736381291,0.0,0.9361765641665052,0.06728461292151455,0.9327153870784854,0.0,0.0,1.0,1.0
0.9122082367815256,0.6331786748957723,-16.73672034612769,0.25715235110909584,0.7193881555748203,0.028121506277923758,0.3753213457730138,0.6267533485423312,80.45351917578483,0.0,0.6331786748957723,0.6267533485423312,0.3732466514576688,0.0,1.0,0.0,0.0
0.8230035744469347,0.23503129881191864,-20.863133230893226,0.4051971425753297,0.5960435954776472,0.10745055262890812,0.016912799921607324,0.9095644273803012,97.74820122740559,0.0,0.23503129881191864,0.9095644273803012,0.09043557261969881,0.0,1.0,0.0,0.0
0.8196770027804591,0.9993503004722002,-47.314124520065334,0.2651707411833556,0.6628597876346657,0.9654486346006212,0.9158143481907439,0.5028755200655849,171.31543955374144,0.0,0.9993503004722002,0.5028755200655849,0.4971244799344151,0.0,0.0,1.0,1.0
0.13574585309990106,0.9774381842040123,-2.138805957840809,0.16372895787917097,0.2994231248031066,0.10015499750676693,0.2717175988981797,0.8159557894152066,112.96418500313632,0.0,0.9774381842040123,0.8159557894152066,0.18404421058479337,0.0,0.0,0.0,0.0
0.08839696714675838,0.34222552477890456,-1.1169999455231903,0.6296835952592029,0.41616094640615775,0.16653851349727,0.9861767972836948,0.8208490092631288,99.40682234312871,0.0,0.34222552477890456,0.8208490092631288,0.17915099073687124,0.0,1.0,0.0,0.0
0.07006869572118946,0.05662555737755803,-52.77731102966797,0.5807685836144216,0.9287634212054924,0.4967434280059845,0.8429454824561972,0.4458866198598078,159.20169640749555,1.0,0.05662555737755803,0.4458866198598078,0.5541133801401922,0.0,0.0,0.0,0.0
0.7318727372865008,0.17396370590333865,-38.32703646145129,0.6373021565380239,0.07069660818436618,0.3615401877629566,0.5347994662811925,0.9962244930446387,126.4346987671417,0.0,0.17396370590333865,0.9962244930446387,0.0037755069553613296,0.0,0.0,0.0,0.0
0.8160567571143236,0.43206728506661773,-12.216556642817466,0.5954148016201084,0.8865954415023983,0.4109425523501099,0.6043044198214789,0.6300186806188274,118.43361185206626,0.0,0.43206728506661773,0.6300186806188274,0.3699813193811726,0.0,1.0,0.0,0.0
0.14431204368748152,0.09355940691233555,-58.99970696402201,0.8735342642452146,0.23647491223869455,0.21150674928176805,0.7360354004260655,0.32001611308739175,130.84625693765713,0.0,0.09355940691233555,0.32001611308739175,0.6799838869126082,0.0,0.0,0.0,0.0
0.1625110652974563,0.9597457214619692,-8.905115998965755,0.8637896229650033,0.4067737485720052,0.7623612137071728,0.14387615538978016,0.008619002591780278,62.79621056092394,0.0,0.9597457214619692,0.008619002591780278,0.9913809974082197,0.0,0.0,1.0,0.0
0.5866017374045605,0.4553949052479408,-28.919079065488816,0.007463140417219405,0.4226866196574257,0.7180681612008608,0.44269370196743585,0.7322192063122223,92.62265501555687,0.0,0.4553949052479408,0.7322192063122223,0.26778079368777774,0.0,1.0,1.0,0.0
0.8131420044817255,0.5884312404534523,-47.354214034205626,0.23672047585383293,0.628030464569537,0.8299395932124434,0.4156277820291552,0.2583004291275922,181.38162496748407,0.0,0.5884312404534523,0.2583004291275922,0.7416995708724078,0.0,0.0,1.0,0.0
0.6692682917508349,0.4480854872830765,-30.72598828324189,0.2042564679363964,0.6268026300648439,0.35874251054288864,0.9956451766743493,0.48018351526188785,128.02398486654585,0.0,0.4480854872830765,0.48018351526188785,0.5198164847381122,0.0,0.0,0.0,0.0
0.5658517874106719,0.9167560031187467,-11.950914008414983,0.4511300697978414,0.718699265972796,0.5862354987807616,0.4923670487012489,0.19231577278435052,124.95107688368473,0.0,0.9167560031187467,0.19231577278435052,0.8076842272156495,0.0,0.0,1.0,0.0
0.24581858702257464,0.9148421498516547,-39.87559119021918,0.9522640145333723,0.5330552900947112,0.6315443786761603,0.5429404444893278,0.1293806169667009,112.61497066111173,0.0,0.9148421498516547,0.1293806169667009,0.8706193830332991,0.0,0.0,1.0,0.0
0.09914611227762393,0.6229540441833817,-33.18754828797367,0.7779849715709368,0.22047048099936983,0.16456605842933492,0.4063322309637678,0.9265853832183811,159.45905410173765,0.0,0.6229540441833817,0.9265853832183811,0.07341461678161887,0.0,0.0,0.0,0.0
0.41892362479291867,0.5172721697543106,-54.9472193293741,0.9845758963761131,0.6664073046949189,0.2854040684634225,0.5858083942152443,0.10948236606899397,195.2171336330617,0.0,0.5172721697543106,0.10948236606899397,0.890517633931006,0.0,0.0,0.0,0.0
0.17478498788336594,0.6480303180552142,-45.27273224766417,0.7175613826485358,0.7768213672402811,0.6734197289114326,0.6144994602551925,0.8924690939520117,71.00773953856613,0.0,0.6480303180552142,0.8924690939520117,0.10753090604798832,0.0,1.0,1.0,0.0
0.3309147657801952,0.24828747963084596,-0.7191622760747052,0.3893897796668735,0.7326126992403987,0.6847251638810046,0.21208123747737773,0.23899768021155132,99.37983889742478,1.0,0.24828747963084596,0.23899768021155132,0.7610023197884487,1.0,0.0,1.0,0.0
0.4111272782593792,0.2343250656505268,-58.820911035189134,0.8793930568071955,0.9656098313808841,0.34157038703156795,0.33850687942547286,0.007091812774370987,155.23509636625238,1.0,0.2343250656505268,0.007091812774370987,0.992908187225629,1.0,0.0,0.0,0.0
0.8254398957486287,0.14660830036000316,-50.42001903797096,0.7900832499714378,0.6162907483541447,0.04486055762771701,0.6225469904622817,0.30891772284376606,111.62152176591843,1.0,0.14660830036000316,0.30891772284376606,0.6910822771562339,0.0,0.0,0.0,0.0
0.7697314182968802,0.8109351926726106,-35.97860238961016,0.9471529360063548,0.40646271795207223,0.7718360352301099,0.48387726456425906,0.897532326522084,187.08657411102502,0.0,0.8109351926726106,0.897532326522084,0.10246767347791597,0.0,1.0,1.0,1.0
0.08741680787108386,0.9364933313102257,-10.467909508775058,0.7913107143126669,0.20091133968552244,0.8051192087546649,0.8501327346850368,0.28915033445415095,193.31641097072531,0.0,0.9364933313102257,0.28915033445415095,0.710849665545849,0.0,0.0,1.0,0.0
0.04986014639916425,0.14990925324713966,-27.745131716909142,0.5757924711223097,0.6451500833009034,0.016969129315466458,0.9603667746221303,0.04458809273414399,80.02867338127633,1.0,0.14990925324713966,0.04458809273414399,0.955411907265856,1.0,0.0,0.0,0.0
0.01401451752605698,0.5668584332940947,-4.063986964741666,0.6659471660804642,0.8226574684804273,0.013281203458580082,0.5420152984797261,0.4595629775055219,129.85551219091104,0.0,0.5668584332940947,0.4595629775055219,0.5404370224944781,0.0,0.0,0.0,0.0
0.07221318533518795,0.6844353610693075,-29.806775108481933,0.765148849861264,0.48529063406171535,0.14938163622643208,0.648256954077822,0.17238636210516622,182.13523886967408,0.0,0.6844353610693075,0.17238636210516622,0.8276136378948338,0.0,0.0,0.0,0.0
0.6131162390692415,0.15720388355695425,-2.259716551127589,0.5183654633353206,0.072898451871655,0.6268329044150672,0.2531989070128102,0.8036934518773025,174.49509029926668,0.0,0.15720388355695425,0.8036934518773025,0.19630654812269754,0.0,0.0,1.0,0.0
0.9789473558546619,0.5018695310245037,-32.70258721633577,0.7534756054464806,0.13247065634192656,0.5469155137931242,0.5462476001308509,0.08947312281038722,118.5177719709679,0.0,0.5018695310245037,0.08947312281038722,0.9105268771896128,0.0,0.0,1.0,0.0
0.853284798567202,0.8561536219946603,-54.04574010481914,0.09072088274783086,0.2626954770019353,0.8747660625539935,0.12890258507349894,0.7199968026274463,74.16318674583445,0.0,0.8561536219946603,0.7199968026274463,0.28000319737255375,0.0,0.0,1.0,1.0
0.6231378537478254,0.3560672991191448,-12.665162222047982,0.2336904488253636,0.6392018293899598,0.23568253457588495,0.7136602831121538,0.8736780345607488,77.7522518777464,1.0,0.3560672991191448,0.8736780345607488,0.12632196543925123,0.0,1.0,0.0,0.0
0.8665956885955035,0.5935752544142979,-52.37337054797856,0.427541855359712,0.1608602934850979,0.7003478888665695,0.7588681344179496,0.10579652027279896,130.8595793772502,0.0,0.5935752544142979,0.10579652027279896,0.894203479727201,0.0,0.0,1.0,0.0
0.8146250560259172,0.9361630415509965,-29.1889279954938,0.950279223611407,0.5356889704560298,0.39419049459990796,0.8482031285528955,0.49298271045808906,126.06635147903323,0.0,0.9361630415509965,0.49298271045808906,0.5070172895419109,0.0,0.0,0.0,1.0
0.4903124894098283,0.8467850018697454,-10.08350749871687,0.4035199924402112,0.333299859870525,0.4919280240391293,0.572772509737109,0.23833721062799695,171.15371186018268,0.0,0.8467850018697454,0.23833721062799695,0.761662789372003,0.0,0.0,0.0,0.0
0.4864827657324229,0.3340455484199596,-53.590740422160565,0.23884516040360693,0.9492811717559837,0.3050996868195266,0.16885928936703531,0.4606727916549932,102.9922840704348,1.0,0.3340455484199596,0.4606727916549932,0.5393272083450068,0.0,0.0,0.0,0.0
0.035159250271194153,0.32314521727941725,-27.353482563631886,0.5517123720199669,0.3565589211768887,0.44730275625260063,0.9655179182347664,0.3773484772303116,96.15175385639762,0.0,0.32314521727941725,0.3773484772303116,0.6226515227696884,0.0,0.0,0.0,0.0
0.24346704406676012,0.45776461270413416,-14.428791076983359,0.2059881841884732,0.7092961271407681,0.021149823349416286,0.418932977983946,0.7758650652027869,107.4226138084204,0.0,0.45776461270413416,0.7758650652027869,0.22413493479721314,0.0,1.0,0.0,0.0
0.5637371014453995,0.2049792328259108,-15.480276532429663,0.05227910326875962,0.8525426448755004,0.19819638642166815,0.8743980317083307,0.3525292413005173,161.17570042642814,1.0,0.2049792328259108,0.3525292413005173,0.6474707586994827,0.0,0.0,0.0,0.0
0.31922529778618847,0.9059116712346476,-52.40177246889754,0.1785197892725987,0.4930301251588023,0.08193843903814613,0.19598018470176193,0.9437663822120144,196.7085525607042,0.0,0.9059116712346476,0.9437663822120144,0.056233617787985635,0.0,1.0,0.0,0.0
0.37625932933042194,0.9232860210139356,-27.310519459594097,0.26974246587376705,0.7023987210805986,0.6589018065748572,0.9891253191087334,0.2650472874092833,154.08833037264296,0.0,0.9232860210139356,0.2650472874092833,0.7349527125907167,0.0,0.0,1.0,0.0
0.052023755029446894,0.11364603869671941,-59.7648975029344,0.9994606810596731,0.8022736971474778,0.7867230147335408,0.5097260752881797,0.30006708290543993,81.17699982477463,1.0,0.11364603869671941,0.30006708290543993,0.6999329170945601,0.0,0.0,1.0,0.0
0.28467473884646366,0.3759712219291391,-14.621394181182353,0.5396617889031524,0.07748362655548269,0.01802900895891224,0.10233217953406315,0.41049871369737934,190.64700838686255,0.0,0.3759712219291391,0.41049871369737934,0.5895012863026207,0.0,0.0,0.0,0.0
0.6374024812092216,0.8018258998755151,-32.01752432972709,0.3616660831950428,0.10840037271662273,0.875933022186205,0.7831600290279028,0.1681180975977251,131.71647894267647,0.0,0.8018258998755151,0.1681180975977251,0.8318819024022749,0.0,0.0,1.0,1.0
0.4873748079212449,0.6250915526865286,-3.2287863605243246,0.5797714417624796,0.5402172667786186,0.050322932934663944,0.06290747601802393,0.1873467913267889,64.54590803684476,0.0,0.6250915526865286,0.1873467913267889,0.8126532086732111,0.0,0.0,0.0,0.0
0.7433528955700124,0.7233303039939631,-51.83662593410142,0.8360789007952809,0.15478603484611198,0.3011755869973588,0.248976899161365,0.3723070985730478,95.65292722459466,0.0,0.7233303039939631,0.3723070985730478,0.6276929014269522,0.0,0.0,0.0,1.0
0.48895092643845206,0.4074078813546854,-0.8058305532404049,0.055926350128225666,0.14218137638735162,0.052825893908602484,0.6258411949823758,0.05450927741371958,177.10156323265727,0.0,0.4074078813546854,0.05450927741371958,0.9454907225862804,1.0,0.0,0.0,0.0
0.5119386306819278,0.5270076245815337,-26.304329537268345,0.17081370630621073,0.19769030311448754,0.3188173228730047,0.5934964158218514,0.21011777594021452,76.28644179865657,0.0,0.5270076245815337,0.21011777594021452,0.7898822240597855,0.0,0.0,0.0,0.0
0.9701168864184322,0.021981814809622913,-11.8381556798387,0.7880351495750221,0.297214113845096,0.1356266160073134,0.14562864670542341,0.6974316172371925,149.99292275206432,0.0,0.021981814809622913,0.6974316172371925,0.3025683827628075,0.0,0.0,0.0,0.0
0.7827456742513867,0.9374811723991047,-18.48435820400448,0.15585153655144346,0.24344261676541068,0.8421937308731146,0.20930607583420857,0.07252231695448141,158.45920756591505,0.0,0.9374811723991047,0.07252231695448141,0.9274776830455186,0.0,0.0,1.0,1.0
0.40252635549014204,0.9200400525459036,-20.98469573438031,0.09041897779166075,0.9478565672536607,0.2585572636402459,0.33721249040628576,0.40226041368354204,67.17140149660385,0.0,0.9200400525459036,0.40226041368354204,0.597739586316458,0.0,0.0,0.0,0.0
0.49651542223060485,0.12331849107529225,-35.941780398698896,0.3507097879920843,0.7728400834265033,0.8031705116327311,0.153412882389088,0.3665511873792262,112.26944254445644,1.0,0.12331849107529225,0.3665511873792262,0.6334488126207738,0.0,0.0,1.0,0.0
0.15141044393608505,0.7984535050511905,-17.566300299874605,0.19038178629703473,0.36672190859379905,0.10580502485651422,0.6282065970930439,0.12137192454861967,198.0307836074885,0.0,0.7984535050511905,0.12137192454861967,0.8786280754513803,0.0,0.0,0.0,0.0
0.7806820746878623,0.39023854958399506,-25.286164063238736,0.9113418162164088,0.5540992803958261,0.17449848639795518,0.3787033555811593,0.8431448650297454,150.1898222385465,0.0,0.39023854958399506,0.8431448650297454,0.1568551349702546,0.0,1.0,0.0,0.0
0.6507243843338003,0.8668214856884892,-6.361616552249721,0.9197925717794363,0.0948491932531561,0.5441260019631009,0.7405095212183186,0.7569268451270138,144.94026827580055,0.0,0.8668214856884892,0.7569268451270138,0.2430731548729862,0.0,0.0,1.0,1.0
0.16678733518367417,0.7974205539416643,-16.79331998910326,0.08613577154903629,0.46380982467437626,0.17397739952180358,0.3374770457129719,0.018081092205685434,116.04618157750616,0.0,0.7974205539416643,0.018081092205685434,0.9819189077943146,0.0,0.0,0.0,0.0
0.5498769211562105,0.6195825928270868,-20.1905792922774,0.83629131310246,0.21546290727573003,0.12048182243846794,0.8515371718979257,0.1566128148926499,196.46641138706735,0.0,0.6195825928270868,0.1566128148926499,0.8433871851073501,0.0,0.0,0.0,0.0
0.842538229398637,0.5008766058895991,-1.1147145046784885,0.09737672910800421,0.30306576117510164,0.6382244150406114,0.35000686847317874,0.9283725519807918,69.18765234489446,0.0,0.5008766058895991,0.9283725519807918,0.07162744801920817,0.0,0.0,1.0,0.0
0.5494118320609646,0.5908662673951145,-20.836312573366556,0.25566622333181444,0.36456642751986446,0.8436805296649776,0.19494276897015983,0.826867847173362,138.77175920638393,0.0,0.5908662673951145,0.826867847173362,0.17313215282663796,0.0,0.0,1.0,0.0
0.7621875111940821,0.7136073662634715,-47.54931027690726,0.5688127364338729,0.8677231528050924,0.43211623680192934,0.9665907702233167,0.45221510010171806,79.98998913350385,0.0,0.7136073662634715,0.45221510010171806,0.5477848998982819,0.0,0.0,0.0,1.0
0.38943468007767323,0.9517024063905372,-40.816749039608744,0.8680981598670628,0.8812506816818898,0.35018652433196107,0.08325765805063212,0.7245579091588182,103.61172186195805,0.0,0.9517024063905372,0.7245579091588182,0.27544209084118176,0.0,1.0,0.0,0.0
0.7829236142575724,0.4426548482604331,-30.883995459442705,0.7779094067485368,0.3823633310616279,0.44312734532291453,0.37619046876962214,0.36734051527727996,133.63252076620432,0.0,0.4426548482604331,0.36734051527727996,0.63265948472272,0.0,0.0,0.0,0.0
0.8087994445011507,0.36176831192256587,-28.5447167677358,0.6707273254426008,0.269439446303655,0.27752280490239256,0.9334131270234548,0.7235345733310886,140.80613467126324,0.0,0.36176831192256587,0.7235345733310886,0.2764654266689114,0.0,0.0,0.0,0.0
0.647720054420612,0.029299443103418366,-22.913822066298188,0.5095088732242019,0.5457496797794357,0.3594238268308171,0.08147389771294189,0.19333923361205219,193.10425984977405,0.0,0.029299443103418366,0.19333923361205219,0.8066607663879478,1.0,0.0,0.0,0.0
0.40869956227093396,0.46668315583086417,-56.83741260879366,0.03756622954398059,0.7171814470467577,0.5380946641211113,0.5087059842162667,0.24312453042266868,164.2651024281891,0.0,0.46668315583086417,0.24312453042266868,0.7568754695773313,1.0,0.0,1.0,0.0
0.16823657910849188,0.18993474366102003,-32.35726971910347,0.2862798621119409,0.24746298123314636,0.6452376445533317,0.6509717452185445,0.8245170697999292,118.47919937621663,0.0,0.18993474366102003,0.8245170697999292,0.17548293020007077,0.0,0.0,1.0,0.0
0.07308509102615024,0.2736663849214577,-1.1996722081909823,0.5962585752327021,0.7097370848010203,0.007357829625414536,0.5182057321825209,0.03752865753180312,139.6922296928027,1.0,0.2736663849214577,0.03752865753180312,0.9624713424681969,1.0,0.0,0.0,0.0
0.9207708496360754,0.9684191305004078,-27.566839476664548,0.45820480525221596,0.945017094248494,0.6736098319966951,0.06489927953840946,0.46572557766749756,93.63430258500254,0.0,0.9684191305004078,0.46572557766749756,0.5342744223325024,0.0,0.0,1.0,1.0
0.46980432144868156,0.45546557200636173,-25.07131183111548,0.35677049034925123,0.16427044945592806,0.5037194345899563,0.8302028843457621,0.6640122280676023,107.37150122953022,0.0,0.45546557200636173,0.6640122280676023,0.3359877719323977,0.0,0.0,1.0,0.0
0.9355230227588572,0.9122075712491822,-47.43909603695407,0.039417585120362975,0.7413087083507622,0.8276102613491533,0.9678645659513553,0.8898363940883107,144.07486754889806,0.0,0.9122075712491822,0.8898363940883107,0.11016360591168928,0.0,1.0,1.0,1.0
0.5300523392123808,0.02784105126258629,-45.20061318931333,0.45961475173292643,0.6285039000835678,0.5572518333184107,0.7426359896816905,0.27976693088704085,139.09336507134626,1.0,0.02784105126258629,0.27976693088704085,0.7202330691129591,1.0,0.0,1.0,0.0
0.08814224339079213,0.41366552358320696,-14.990350022723938,0.693400853429044,0.990642737172179,0.277891125987756,0.49818929917397914,0.3295304137739967,121.68443596828446,0.0,0.41366552358320696,0.3295304137739967,0.6704695862260033,0.0,0.0,0.0,0.0
0.8569501298693881,0.6842090751884866,-7.053528519145097,0.20351110833188646,0.873361117841438,0.05976227417838442,0.8885992804371524,0.3290737794607279,104.0422686779693,0.0,0.6842090751884866,0.3290737794607279,0.6709262205392721,0.0,0.0,0.0,0.0
0.5120885766986639,0.9406901877232318,-57.13311811911568,0.3522309750707453,0.8565719886833357,0.39605447743546673,0.199156897597067,0.4247941813314118,113.97735020883371,0.0,0.9406901877232318,0.4247941813314118,0.5752058186685882,0.0,0.0,0.0,0.0
0.9154162014667034,0.7619343757430971,-29.69306665535962,0.9883705667215711,0.4652775312759233,0.05823783082027523,0.2622743218149849,0.4360704802193126,81.96636738045682,0.0,0.7619343757430971,0.4360704802193126,0.5639295197806874,0.0,0.0,0.0,1.0
0.947565126324043,0.7668488978177731,-43.90276797433364,0.5908045335179158,0.721449157109572,0.941278928906798,0.8816353491754106,0.5151922261382137,168.45136677102246,0.0,0.7668488978177731,0.5151922261382137,0.4848077738617863,0.0,0.0,1.0,1.0
0.562144753827585,0.5527038900455401,-53.115482499708484,0.12613765801615207,0.5295336150224574,0.2688615449790066,0.02103690246046863,0.7228392039002123,64.5481235366231,0.0,0.5527038900455401,0.7228392039002123,0.2771607960997877,0.0,1.0,0.0,0.0
0.5952768411040545,0.5391937941273144,-1.8711185653317344,0.48421313934764165,0.06360143637779736,0.5516879678064617,0.8410961706161014,0.9968492842814399,120.24804431647016,0.0,0.5391937941273144,0.9968492842814399,0.003150715718560071,0.0,0.0,1.0,0.0
0.3202987424967425,0.9066532969519989,-48.52547225543272,0.6154289150329266,0.4057144241809477,0.041082364955555284,0.34728847430569776,0.2652285225026746,156.05276155208816,0.0,0.9066532969519989,0.2652285225026746,0.7347714774973254,0.0,0.0,0.0,0.0
0.9487904976919181,0.26804718737863775,-11.312043650899092,0.05535981693840952,0.5381210100398132,0.07055006370989458,0.9340329911306393,0.7663512805573902,152.11298756864292,0.0,0.26804718737863775,0.7663512805573902,0.2336487194426098,0.0,1.0,0.0,0.0
0.8238963816246643,0.6475197955701631,-1.863336169542528,0.7139579478647715,0.9246586095822468,0.517131892010638,0.11706441298186265,0.5281777214230171,77.76219592883307,0.0,0.6475197955701631,0.5281777214230171,0.4718222785769829,0.0,0.0,1.0,0.0
0.592493479176405,0.48249306052766294,-22.645476130033096,0.010046981054831594,0.1948404916553641,0.4913304319121309,0.9505035615891348,0.3836090403551584,119.41208364750885,0.0,0.48249306052766294,0.3836090403551584,0.6163909596448416,0.0,0.0,0.0,0.0
0.7146960890066222,0.603792757286118,-42.06443099410001,0.4108163955674278,0.21769979885723245,0.9660214591302085,0.13063438155735974,0.37183678456641944,63.61745611080157,0.0,0.603792757286118,0.37183678456641944,0.6281632154335806,0.0,0.0,1.0,0.0
0.2217794919335464,0.7804711383801549,-47.92948606266723,0.0800634025289656,0.4744531798445233,0.009969234734518495,0.08476615442633317,0.8076258695629751,168.0062682803449,0.0,0.7804711383801549,0.8076258695629751,0.1923741304370249,0.0,1.0,0.0,0.0
0.915138820404896,0.8545154359107495,-19.009466205610913,0.05233285730066284,0.7828486179866575,0.8455108108405605,0.7990821457719545,0.5084790353080261,92.60625741092744,0.0,0.8545154359107495,0.5084790353080261,0.4915209646919739,0.0,0.0,1.0,1.0
0.8453299756887267,0.7271628097401385,-1.1543295366689037,0.15569259775593292,0.22566458305205506,0.2117981498815027,0.7925397676213367,0.18690729645011817,69.33237617526285,0.0,0.7271628097401385,0.18690729645011817,0.8130927035498818,0.0,0.0,0.0,1.0
0.9985608065856286,0.024817211445149145,-9.885356390468061,0.3653668415506528,0.8416154597578153,0.554620491211145,0.9016312294863601,0.9261929864146267,61.273745379308636,1.0,0.024817211445149145,0.9261929864146267,0.07380701358537334,0.0,1.0,1.0,0.0
0.07541217599278827,0.2503587295708555,-19.841075018189898,0.888272196511506,0.45994195129396276,0.6069731162742654,0.18849985279556114,0.8049668338816853,195.42593558948576,0.0,0.2503587295708555,0.8049668338816853,0.19503316611831467,0.0,1.0,1.0,0.0
0.26859893291459747,0.4948259516005463,-54.833033369617574,0.5591366564629684,0.5027834418466806,0.1444364841550776,0.44206621311807504,0.33410465208656326,133.0563225427265,0.0,0.4948259516005463,0.33410465208656326,0.6658953479134367,0.0,0.0,0.0,0.0
0.5856543354287992,0.008495578607209509,-14.33964102302668,0.7130142918617408,0.3662863862065222,0.05293593556881826,0.7549325397850504,0.9551751604781324,93.62122344308199,0.0,0.008495578607209509,0.9551751604781324,0.044824839521867554,0.0,0.0,0.0,0.0
0.3235246137370379,0.18381288948181496,-25.38383259930962,0.15484139464745494,0.35619394346137945,0.697013013934263,0.5601159830093484,0.38646256432793524,118.83494425305587,0.0,0.18381288948181496,0.38646256432793524,0.6135374356720648,0.0,0.0,1.0,0.0
0.5621108826232295,0.005864727887161303,-55.28940789278341,0.8812580677630116,0.07787898909129076,0.7068035962105051,0.9200381641090526,0.2706836043017311,111.868801188332,0.0,0.005864727887161303,0.2706836043017311,0.7293163956982689,1.0,0.0,1.0,0.0
0.5689214058447163,0.8817089696385847,-3.485664764374789,0.7395632481112681,0.08661976085469403,0.6691541555348508,0.41030372187266206,0.4707009994910616,66.88077464832479,0.0,0.8817089696385847,0.4707009994910616,0.5292990005089384,0.0,0.0,1.0,0.0
0.19106213934635818,0.7905136075336477,-32.762470017128415,0.30166224163114885,0.38401907396495816,0.8543995133256802,0.7489990174049569,0.2723153971810828,76.45025762973226,0.0,0.7905136075336477,0.2723153971810828,0.7276846028189172,0.0,0.0,1.0,0.0
0.2519982216440717,0.9207564510547337,-25.10466972901468,0.5334802087447829,0.5963935996924615,0.36602826574651526,0.8071070203195128,0.5232862493002498,76.34470638763138,0.0,0.9207564510547337,0.5232862493002498,0.4767137506997502,0.0,0.0,0.0,0.0
0.12906512482906296,0.5368591465026183,-3.80578691574965,0.30835212167619874,0.8695411688592183,0.7640955865788793,0.24781244290690685,0.036340748316242455,74.25861711993358,0.0,0.5368591465026183,0.036340748316242455,0.9636592516837575,0.0,0.0,1.0,0.0
0.7284939338474402,0.1996697380406467,-37.72374476967637,0.5016991660064248,0.7254681684501628,0.11323122325912538,0.4063664052774615,0.4850729091426954,135.71578895601556,1.0,0.1996697380406467,0.4850729091426954,0.5149270908573046,0.0,0.0,0.0,0.0
0.8183606413952167,0.1716781950432169,-11.530112890402663,0.6928784276966522,0.5558708141989593,0.6995278704025719,0.4120177389516564,0.13839758596812457,153.20713363715143,0.0,0.1716781950432169,0.13839758596812457,0.8616024140318754,1.0,0.0,1.0,0.0
0.5246723066856223,0.6393748005427755,-39.7200731382906,0.9068665773398359,0.5873698685755769,0.08540248429087383,0.44980399070442867,0.7563560547436343,171.17883864251814,0.0,0.6393748005427755,0.7563560547436343,0.24364394525636568,0.0,1.0,0.0,0.0
0.49459705276375876,0.8947475708313011,-43.939893768342145,0.4105986972382666,0.8985969105689701,0.8962567164715789,0.6857127688246809,0.8589805471222202,72.42825737387257,0.0,0.8947475708313011,0.8589805471222202,0.14101945287777984,0.0,1.0,1.0,0.0
0.8649949762077763,0.32061990655022676,-49.30010925430702,0.23936983634204634,0.4179685080138871,0.2511920046044672,0.32056758601649904,0.1349784860716421,101.46474717825978,0.0,0.32061990655022676,0.1349784860716421,0.8650215139283579,1.0,0.0,0.0,0.0
0.5722838145420012,0.44185370809106395,-39.19687432584533,0.746452128857114,0.8935099713933179,0.756789222902397,0.3320007021176792,0.7444421678375537,81.27722554636716,0.0,0.44185370809106395,0.7444421678375537,0.2555578321624463,0.0,1.0,1.0,0.0
0.13031798809129091,0.34562703703615894,-11.537857857356578,0.24634824724230187,0.06325340889867959,0.1317095352063551,0.8587449685295802,0.6337832847472876,95.44816287179674,0.0,0.34562703703615894,0.6337832847472876,0.3662167152527124,0.0,0.0,0.0,0.0
0.5552958253281813,0.5275796224253504,-20.673841293560322,0.23318755442161632,0.8644029871943977,0.30936856208001284,0.6941316539762369,0.01612464637221489,112.17199818518061,0.0,0.5275796224253504,0.01612464637221489,0.9838753536277851,0.0,0.0,0.0,0.0
0.3517098179588083,0.5434844285830145,-55.63582429336821,0.7901313737261083,0.21778080176756853,0.6770378148820102,0.8032121232440932,0.5618769562415131,163.72364894107795,0.0,0.5434844285830145,0.5618769562415131,0.4381230437584869,0.0,0.0,1.0,0.0
0.6618603122150055,0.3555297971520076,-11.468487657986081,0.294701369885528,0.5712129177515172,0.7453977391415395,0.3789559098125076,0.30276760761742505,124.30844142419518,0.0,0.3555297971520076,0.30276760761742505,0.697232392382575,0.0,0.0,1.0,0.0
0.8179634943491536,0.9299217631456648,-27.29499522840659,0.6614662053236519,0.9032736222389142,0.0985468514129424,0.23207857786616504,0.7089000062515824,175.32422466772195,0.0,0.9299217631456648,0.7089000062515824,0.29109999374841755,0.0,1.0,0.0,1.0
0.8570290283305779,0.4151071768549326,-54.63960586248799,0.4377814772996199,0.23073459020705378,0.29119645499662417,0.7722675568375058,0.07552708602588687,175.8613704472983,0.0,0.4151071768549326,0.07552708602588687,0.9244729139741131,1.0,0.0,0.0,0.0
0.42766908582416907,0.5960639311005951,-54.62086612585926,0.33735907835727963,0.08970091901484578,0.9615437228811096,0.8072616493262504,0.4596327543564602,91.30435676531395,0.0,0.5960639311005951,0.4596327543564602,0.5403672456435398,0.0,0.0,1.0,0.0
0.9334551052498522,0.34459659572697177,-50.340934098757515,0.5631643884539549,0.9437741203448161,0.003830290500322575,0.23812484325399874,0.9384476404104076,83.95203536000268,1.0,0.34459659572697177,0.9384476404104076,0.061552359589592376,0.0,1.0,0.0,0.0
0.11324345163981986,0.5701872157998045,-8.289370602310207,0.47710981769392613,0.9945642566845248,0.6791716995379928,0.07407490721044774,0.9928321316819754,117.10519314922666,0.0,0.5701872157998045,0.9928321316819754,0.007167868318024628,0.0,1.0,1.0,0.0
0.28740253384548253,0.5578791835778856,-41.74154449074814,0.08645750712015232,0.0014283430791767193,0.4495833529202623,0.8368634222265923,0.5723151856300766,199.88902185208173,0.0,0.5578791835778856,0.5723151856300766,0.42768481436992345,0.0,0.0,0.0,0.0
0.28684664564719997,0.28045506476005533,-50.41503238596334,0.16406358826533518,0.2851865960100478,0.7928400452735271,0.9057567906364479,0.9750871697076813,92.52055157350337,0.0,0.28045506476005533,0.9750871697076813,0.02491283029231872,0.0,0.0,1.0,0.0
0.8812975456140917,0.32825508927733704,-53.22956732898693,0.8700249255201656,0.6361056346436186,0.16473089608106173,0.42983125751300255,0.28725769487706765,163.1512396194276,1.0,0.32825508927733704,0.28725769487706765,0.7127423051229324,1.0,0.0,0.0,0.0
0.45341623062426806,0.989279945106385,-56.715301064424295,0.3550152661362467,0.4819001671099774,0.5031335547483198,0.3159358223856368,0.729240249097568,182.46459028845646,0.0,0.989279945106385,0.729240249097568,0.270759750902432,0.0,1.0,1.0,0.0
0.938719301977863,0.8050933767995262,-8.965188161604033,0.5505453006199955,0.8258882264268146,0.3035039091479522,0.3984787621092144,0.3169130138185443,125.43422696270956,0.0,0.8050933767995262,0.3169130138185443,0.6830869861814557,0.0,0.0,0.0,1.0
0.28557961623863637,0.9616114422544468,-41.229322319659914,0.09804453811093983,0.5268171660504134,0.057099078445176366,0.11054316630858052,0.2193893891962463,125.00903498349983,0.0,0.9616114422544468,0.2193893891962463,0.7806106108037537,0.0,0.0,0.0,0.0
0.4332509323090279,0.7996918620027912,-15.631520766953194,0.4263182939907013,0.3337042075756299,0.3164687840614986,0.773995087294009,0.05207240622126974,61.79503093148482,0.0,0.7996918620027912,0.05207240622126974,0.9479275937787303,0.0,0.0,0.0,0.0
0.795544391926648,0.4771463759890493,-52.14713168678544,0.23556593459450126,0.9325039530973825,0.859502975624898,0.7097850502239725,0.48222523033732656,132.84530766679399,0.0,0.4771463759890493,0.48222523033732656,0.5177747696626734,0.0,0.0,1.0,0.0
0.9752445352839586,0.9657704438842871,-47.083857252849945,0.8111045663053181,0.1972426661670168,0.2135374778839514,0.6760930341645768,0.4050010985875484,190.41621699491282,0.0,0.9657704438842871,0.4050010985875484,0.5949989014124516,0.0,0.0,0.0,1.0
0.08900973489600883,0.511525640809493,-4.888708173412724,0.9041136604795051,0.15652921341574122,0.36663770009645646,0.6191214000466962,0.15939488477140218,195.5231040864034,0.0,0.511525640809493,0.15939488477140218,0.8406051152285978,0.0,0.0,0.0,0.0
0.9147493287276603,0.16695017903446918,-52.73067232434087,0.0854084828082653,0.9094436640366311,0.1936238097954608,0.4162849285443547,0.448851365652003,143.86154618989946,1.0,0.16695017903446918,0.448851365652003,0.551148634347997,0.0,0.0,0.0,0.0
0.07173534374742496,0.22675861740051595,-4.110576784864435,0.9084101072685695,0.7812906474056922,0.019401245618215435,0.3270067684961021,0.6279587353429078,98.52662964828659,1.0,0.22675861740051595,0.6279587353429078,0.3720412646570922,0.0,1.0,0.0,0.0
0.9095866950537773,0.6338894618324419,-55.68559696101326,0.909005588835703,0.9577666581762225,0.07771241839172549,0.5323602348613149,0.30336428221417044,114.99747070739633,0.0,0.6338894618324419,0.30336428221417044,0.6966357177858296,0.0,0.0,0.0,0.0
0.1796512179553419,0.5780721020124125,-2.5212388050665666,0.503072600271609,0.08291458139448116,0.6200013334774084,0.34022299445125703,0.8559251895912978,120.85494076430584,0.0,0.5780721020124125,0.8559251895912978,0.14407481040870218,0.0,0.0,1.0,0.0
0.1928396089422456,0.19110562269114495,-13.874149156730375,0.2655875983073599,0.767233394159223,0.20588731076659939,0.3216863687013094,0.4654869724396994,192.0474189570831,1.0,0.19110562269114495,0.4654869724396994,0.5345130275603006,0.0,0.0,0.0,0.0
0.9317314247538246,0.2068718754222878,-38.50685752541563,0.14939938845377232,0.5099850793134971,0.4605825506946666,0.9007601624507324,0.9300053777910726,113.6994347410209,0.0,0.2068718754222878,0.9300053777910726,0.06999462220892738,0.0,1.0,0.0,0.0
0.49173794301898943,0.8962362491461331,-11.597531535296312,0.0036563113446492768,0.3200595641835825,0.4217742419361259,0.22971628368323171,0.19957161589593875,65.28983092339516,0.0,0.8962362491461331,0.19957161589593875,0.8004283841040613,0.0,0.0,0.0,0.0
0.6433697250697605,0.26251029048316565,-56.859169294121216,0.23097931052806364,0.8019139528361265,0.8514891816465466,0.48306624519330266,0.41607067040868617,196.89951709024945,1.0,0.26251029048316565,0.41607067040868617,0.5839293295913138,0.0,0.0,1.0,0.0
0.2005646595880699,0.21535928285460848,-42.487969377816015,0.1727573182810873,0.3793655982041866,0.9108342269897538,0.6153478406285743,0.41194654861226365,190.81751123997006,0.0,0.21535928285460848,0.41194654861226365,0.5880534513877363,0.0,0.0,1.0,0.0
0.04846423247582232,0.21027617790186137,-26.046683693894458,0.6155526231931792,0.03955750656261314,0.4030387579071322,0.6491539648308727,0.6980705464034016,149.3395863522777,0.0,0.21027617790186137,0.6980705464034016,0.3019294535965984,0.0,0.0,0.0,0.0
0.32056322436092455,0.09352012359790951,-34.373253214839956,0.12875443736805547,0.9476236585206671,0.47517086602262826,0.31725917435686757,0.7663040711189001,129.71280296151696,1.0,0.09352012359790951,0.7663040711189001,0.2336959288810999,0.0,1.0,0.0,0.0
0.31003402401245006,0.8119677423908017,-7.970870939932681,0.673008166288677,0.046964422407667294,0.5663228801665321,0.7632949119972816,0.13650301208358218,92.01390519384447,0.0,0.8119677423908017,0.13650301208358218,0.8634969879164178,0.0,0.0,1.0,0.0
0.8824951050681364,0.020121721853074037,-14.836371730441442,0.4737732925144229,0.44677215883960686,0.0070965324948871755,0.8193982309664928,0.35982490063656647,135.707188382076,0.0,0.020121721853074037,0.35982490063656647,0.6401750993634335,0.0,0.0,0.0,0.0
0.6773006863356594,0.7026295764379158,-2.641196470435659,0.5313399532366091,0.3997195509744276,0.9537036264917079,0.6421102350255211,0.2981503562765556,77.70499435649995,0.0,0.7026295764379158,0.2981503562765556,0.7018496437234444,0.0,0.0,1.0,1.0
0.8425545014651813,0.36218160279415157,-20.371816718134127,0.47081641936589813,0.19892977979503834,0.6016866086204651,0.06068306895068232,0.4133424598711922,136.52609155291395,0.0,0.36218160279415157,0.4133424598711922,0.5866575401288078,0.0,0.0,1.0,0.0
0.43604697411857907,0.7486721752509908,-10.324502727281256,0.771243074033178,0.03881294781180211,0.1941287704459722,0.5366075092637743,0.9348220404438012,176.89394850729636,0.0,0.7486721752509908,0.9348220404438012,0.06517795955619876,0.0,0.0,0.0,0.0
0.8425345083518017,0.3032081937596749,-34.233126175277846,0.4707059473159374,0.15737158334991042,0.031068130244456316,0.9469028994605169,0.24071258566350673,93.59284652130839,0.0,0.3032081937596749,0.24071258566350673,0.7592874143364933,1.0,0.0,0.0,0.0
0.08337905376875954,0.9285077519437785,-25.215773103613678,0.6670368571253539,0.9115768872630525,0.3456201689007895,0.6215073111380841,0.03879945472888746,86.14815395235811,0.0,0.9285077519437785,0.03879945472888746,0.9612005452711125,0.0,0.0,0.0,0.0
0.8312458050899425,0.7667683563383357,-38.96143851257119,0.3768106277742125,0.5335544335535795,0.0002410046851345493,0.24124433603802786,0.20823180860821444,95.06761254496689,0.0,0.7667683563383357,0.20823180860821444,0.7917681913917856,0.0,0.0,0.0,1.0
0.8059058425334413,0.27967385654644317,-48.50872067699111,0.5042634607930315,0.8656450363727319,0.24134970383749987,0.0785362427927987,0.3564047358496647,164.6712554390969,1.0,0.27967385654644317,0.3564047358496647,0.6435952641503353,0.0,0.0,0.0,0.0
0.5506905446947946,0.8167933695743474,-2.424471143445963,0.792662476751617,0.6038030788437534,0.4933415880523805,0.04006908634826667,0.9843219788140413,113.68735716050595,0.0,0.8167933695743474,0.9843219788140413,0.015678021185958735,0.0,1.0,0.0,0.0
0.1522282139168668,0.6667088553964567,-42.94270265427244,0.5857782709310476,0.5867679078445912,0.44572982090286917,0.8361186155450426,0.26496706155544303,122.80856282648278,0.0,0.6667088553964567,0.26496706155544303,0.735032938444557,0.0,0.0,0.0,0.0
0.5376921285909715,0.6636247207672996,-12.961688969664628,0.39480728287825606,0.646046944096596,0.15061095306851913,0.9326481005424786,0.38305880642100354,162.13299907670137,0.0,0.6636247207672996,0.38305880642100354,0.6169411935789965,0.0,0.0,0.0,0.0
0.020341081882177647,0.205187142904807,-30.77504734058532,0.8782524677323466,0.5272551499506771,0.929870482293879,0.48379689658279634,0.49044909673594994,76.76455039007446,0.0,0.205187142904807,0.49044909673594994,0.5095509032640501,0.0,0.0,1.0,0.0
0.8026562441522198,0.2469654124670625,-6.023250637661093,0.9108242203303961,0.9433101118741497,0.52023048910309,0.6770937847836443,0.7785158800616635,78.34204661106519,1.0,0.2469654124670625,0.7785158800616635,0.2214841199383365,0.0,1.0,1.0,0.0
0.6009571949974972,0.03429790130331167,-30.14603499667645,0.1548426816202274,0.1829229259620847,0.3650475666926015,0.432437166716503,0.6231724245321872,70.4199785813922,0.0,0.03429790130331167,0.6231724245321872,0.37682757546781276,0.0,0.0,0.0,0.0
0.5036917612374446,0.18262513025310112,-25.561489498095483,0.6374046122611835,0.5567092565528539,0.7382955104783077,0.3356092442409013,0.7651065916331309,120.58739143914711,0.0,0.18262513025310112,0.7651065916331309,0.23489340836686912,0.0,1.0,1.0,0.0
0.4841844983225968,0.6481021272610714,-58.898496960046565,0.6539942214202483,0.6185851490721154,0.3098471167532799,0.08579428489948948,0.09093544991304114,189.251324577932,0.0,0.6481021272610714,0.09093544991304114,0.9090645500869589,0.0,0.0,0.0,0.0
0.6892793212258371,0.1271026137707404,-38.59660984146562,0.5924829939015964,0.8355717050906487,0.04366092871300853,0.23663313147000886,0.88974899029538,61.28317702573431,1.0,0.1271026137707404,0.88974899029538,0.11025100970461998,0.0,1.0,0.0,0.0
0.2013991027938874,0.959024175972966,-23.195889208669733,0.26167136663750645,0.0669910943958476,0.028191340447222157,0.24474507963692727,0.8814858195889105,118.22791160165133,0.0,0.959024175972966,0.8814858195889105,0.11851418041108952,0.0,0.0,0.0,0.0
0.720333369165993,0.9182850353799578,-35.517572303831,0.19127737103739706,0.5171179308569195,0.9080836870598544,0.8043744141377006,0.06582984336315378,156.96019201086145,0.0,0.9182850353799578,0.06582984336315378,0.9341701566368462,0.0,0.0,1.0,1.0
0.5718975224589538,0.9074631763464255,-52.651114988982165,0.5340361132046566,0.8794626935118923,0.410023786741743,0.48199491773286707,0.0704606776669583,98.94010966284752,0.0,0.9074631763464255,0.0704606776669583,0.9295393223330417,0.0,0.0,0.0,0.0
0.32450664916894734,0.9451224487448869,-43.03995836753046,0.460868735269652,0.6713044235642798,0.1621833724078774,0.4864423871418745,0.7385390394759076,181.35972982378922,0.0,0.9451224487448869,0.7385390394759076,0.2614609605240924,0.0,1.0,0.0,0.0
0.6262592746624267,0.6690535153169479,-52.422991644925865,0.9457764972463472,0.13257407748448236,0.7746729371817983,0.2648163217783188,0.9335931437012516,160.79433551172713,0.0,0.6690535153169479,0.9335931437012516,0.06640685629874843,0.0,0.0,1.0,0.0
0.753813712978369,0.21905917305988332,-33.41760140189035,0.6178131945892864,0.7699736182066009,0.10395937591238957,0.9623653164545284,0.890220670554556,97.84880266938181,1.0,0.21905917305988332,0.890220670554556,0.109779329445444,0.0,1.0,0.0,0.0
0.822760243032332,0.5183239230398234,-32.29161110627888,0.3144341058114054,0.5809685866315925,0.7298891177035978,0.41093290496275825,0.6292191930082921,157.90380896174253,0.0,0.5183239230398234,0.6292191930082921,0.3707808069917079,0.0,1.0,1.0,0.0
0.7111218170152859,0.05196609813118025,-8.415131658895987,0.45825331476504794,0.26241608169621444,0.2417645074796816,0.48301411284395046,0.8868315394689592,112.96866143557057,0.0,0.05196609813118025,0.8868315394689592,0.1131684605310408,0.0,0.0,0.0,0.0
0.7497257467835433,0.0968187309872186,-31.436597870936293,0.9916861403927356,0.770437802792337,0.210528488440613,0.5014414736979107,0.23362476364856655,117.3385298167513,1.0,0.0968187309872186,0.23362476364856655,0.7663752363514335,1.0,0.0,0.0,0.0
0.7800840237349648,0.7712248152904037,-46.3139773258569,0.9222233181548601,0.5925681827648268,0.3799242909620145,0.5019355807808606,0.6050712534377437,138.38467445840996,0.0,0.7712248152904037,0.6050712534377437,0.3949287465622563,0.0,1.0,0.0,1.0
0.4864050355361782,0.5049328040894001,-49.41528537432683,0.8127329043046794,0.5417603199410154,0.1310798617047031,0.7661571015827779,0.9324439783773508,192.6229658931747,0.0,0.5049328040894001,0.9324439783773508,0.06755602162264918,0.0,1.0,0.0,0.0
0.36901773241117275,0.13551687356075404,-28.89602240201609,0.11260922934922069,0.9339874185126172,0.183579627355146,0.2527658599511641,0.40663652688497043,113.6430255982776,1.0,0.13551687356075404,0.40663652688497043,0.5933634731150296,0.0,0.0,0.0,0.0
0.794662892397889,0.45631682055096234,-49.75390439979979,0.2672098954860741,0.509113385187522,0.1474539174261349,0.6116556756460141,0.5657473065511459,160.05832429351608,0.0,0.45631682055096234,0.5657473065511459,0.4342526934488541,0.0,0.0,0.0,0.0
0.9377046153793677,0.9122545611011557,-3.235462915870123,0.24471559702370094,0.13156530663935462,0.3022767004964485,0.8950851727663146,0.9720534746234882,180.30549314986666,0.0,0.9122545611011557,0.9720534746234882,0.027946525376511766,0.0,0.0,0.0,1.0
0.1100177211275436,0.9474279980597932,-34.598518358952845,0.009310290762353679,0.4423937407481936,0.04606916967546759,0.5438779211611176,0.3385540274370513,126.28089070316683,0.0,0.9474279980597932,0.3385540274370513,0.6614459725629487,0.0,0.0,0.0,0.0
0.613170360743117,0.8688010958178203,-20.285905411684283,0.4340488684781807,0.8194278536703651,0.9055821375731322,0.11975996643219722,0.5319329775527915,99.83167436394217,0.0,0.8688010958178203,0.5319329775527915,0.46806702244720855,0.0,0.0,1.0,1.0
0.0470611978769474,0.6685466951139853,-8.233753352446463,0.16290265447739405,0.8124136576239005,0.8533957335369416,0.9143404426664835,0.2652850890860524,186.5534291265845,0.0,0.6685466951139853,0.2652850890860524,0.7347149109139476,0.0,0.0,1.0,0.0
0.32066275473643224,0.5523380134555028,-56.969551750063076,0.043881088368743604,0.7203732127322029,0.44447997797779104,0.25629237536921756,0.1904134960249102,153.79348872029053,0.0,0.5523380134555028,0.1904134960249102,0.8095865039750898,0.0,0.0,0.0,0.0
0.00040154402533987277,0.8058911691968542,-55.24502363220427,0.19148961490811944,0.3862363952990896,0.4848587397161036,0.35499511581394183,0.3207121649842939,194.9482416902464,0.0,0.8058911691968542,0.3207121649842939,0.6792878350157061,0.0,0.0,0.0,0.0
0.6415796812433943,0.02343295536738821,-34.18944549334121,0.8750086997439702,0.30145618641066796,0.09455634477438823,0.7583847715899178,0.6060138319360813,139.84375109571056,0.0,0.02343295536738821,0.6060138319360813,0.39398616806391873,0.0,0.0,0.0,0.0
0.053576559607407925,0.14049900979551733,-22.64703622721317,0.2078238414588358,0.5040700797484243,0.5448816860293935,0.2835071902709394,0.9484251555414929,177.9449749569805,0.0,0.14049900979551733,0.9484251555414929,0.05157484445850713,0.0,1.0,1.0,0.0
0.7223735076327985,0.07799386640940908,-53.63219884145883,0.4927813458649557,0.16071334919098568,0.9782654635294741,0.15852023402740945,0.487467835463974,110.97694795781075,0.0,0.07799386640940908,0.487467835463974,0.512532164536026,0.0,0.0,1.0,0.0
0.639386421454098,0.12903640888942491,-34.181014317456544,0.27470503280714365,0.887751524671688,0.040585712134695084,0.9137274940064593,0.8329941385530004,101.65990030171416,1.0,0.12903640888942491,0.8329941385530004,0.16700586144699958,0.0,1.0,0.0,0.0
0.7892906546771047,0.03121356033874756,-1.9880669823963828,0.5265949425897893,0.30328102606544527,0.3625832125946771,0.06640535346049736,0.9893495140420392,65.50087232109695,0.0,0.03121356033874756,0.9893495140420392,0.010650485957960809,0.0,0.0,0.0,0.0
0.654907123147859,0.4427359277064583,-3.0650269086770976,0.24599974030679517,0.5320868239380113,0.48235620858275297,0.7028664440501013,0.06801023195242051,87.13047820326967,0.0,0.4427359277064583,0.06801023195242051,0.9319897680475795,1.0,0.0,0.0,0.0
0.21456482009284983,0.7381507548416897,-48.651678220395596,0.5734917638909767,0.2152438205009537,0.8616249500839784,0.9421854544896385,0.5184929749422404,109.32324378928496,0.0,0.7381507548416897,0.5184929749422404,0.48150702505775955,0.0,0.0,1.0,0.0
0.23405777501749914,0.049781001523043766,-43.88999542815028,0.6542357799453179,0.5336169313092108,0.9440412782809274,0.3962772624917006,0.6938633423283945,128.505184646517,0.0,0.049781001523043766,0.6938633423283945,0.30613665767160547,0.0,1.0,1.0,0.0
0.5125762159242117,0.2677743146041175,-32.702953389480015,0.47078499701270726,0.7066425217489339,0.9406399991861139,0.3293212774825043,0.042200468581298445,129.48131757008957,1.0,0.2677743146041175,0.042200468581298445,0.9577995314187016,1.0,0.0,1.0,0.0
0.5444613321491686,0.16844055113191525,-14.372123623435996,0.9849291084414916,0.9457747170084609,0.19710603882365219,0.8753632399007607,0.7044936364116847,123.53851893296762,1.0,0.16844055113191525,0.7044936364116847,0.2955063635883153,0.0,1.0,0.0,0.0
0.540610994324729,0.8496001749824581,-31.19190362169761,0.37320736910512686,0.4932474930259858,0.5791298040350491,0.18907765377834884,0.9009077302669907,154.38617283614593,0.0,0.8496001749824581,0.9009077302669907,0.09909226973300933,0.0,1.0,1.0,0.0
0.6332689173374889,0.09949622618063814,-23.74956370964449,0.12096066223849233,0.07869767519539905,0.5273108956423933,0.402785534046495,0.5888102701562232,72.4911035280134,0.0,0.09949622618063814,0.5888102701562232,0.4111897298437768,0.0,0.0,1.0,0.0
0.4309830628472584,0.17478671504515797,-0.7739948445530018,0.5611502124351744,0.6874368609408673,0.3254182806826078,0.09473891477934415,0.9758708627835366,100.07626495364565,1.0,0.17478671504515797,0.9758708627835366,0.02412913721646337,0.0,1.0,0.0,0.0
0.4238081851735742,0.649863921702575,-58.518162138833326,0.8102591305172869,0.5365781900286203,0.27821718706882215,0.06160798529246925,0.16249841547444144,185.30474023948116,0.0,0.649863921702575,0.16249841547444144,0.8375015845255586,0.0,0.0,0.0,0.0
0.686024223935891,0.24990172163688984,-56.06395410329823,0.6906153123866363,0.5724077259677651,0.404519524458235,0.36361144919006383,0.2168142759291083,153.74557591525246,0.0,0.24990172163688984,0.2168142759291083,0.7831857240708917,1.0,0.0,0.0,0.0
0.9706680277938705,0.17571524583682585,-24.1730027990698,0.4241850557459762,0.4466887217446649,0.2541472801278144,0.8251348756614191,0.4852556041472411,136.07681930775698,0.0,0.17571524583682585,0.4852556041472411,0.5147443958527589,0.0,0.0,0.0,0.0
0.30476091279732576,0.18180846566694975,-54.84537670783077,0.7141191409249159,0.19623428168785562,0.6900753541887977,0.3903764460469539,0.41577480098965147,125.68484945298803,0.0,0.18180846566694975,0.41577480098965147,0.5842251990103485,0.0,0.0,1.0,0.0
0.3677085081275432,0.10061997722259008,-41.422091399829256,0.6637343606939384,0.665784401468871,0.28622430723999437,0.46010262655768797,0.19344722801193748,89.452091414177,1.0,0.10061997722259008,0.19344722801193748,0.8065527719880625,1.0,0.0,0.0,0.0
0.023047088406607408,0.8967465499077446,-47.35760009550563,0.22753387693646332,0.2796014326451318,0.127408071695429,0.6392628831813628,0.07514295317758657,78.78833968568904,0.0,0.8967465499077446,0.07514295317758657,0.9248570468224134,0.0,0.0,0.0,0.0
0.6447567265900929,0.33966062048144274,-17.523130397928654,0.557424744670142,0.25602117306151306,0.6508279504893281,0.11627368029288065,0.5364103830800304,121.20073470630484,0.0,0.33966062048144274,0.5364103830800304,0.4635896169199696,0.0,0.0,1.0,0.0
0.2678735828174408,0.6040049977395001,-7.719984459583046,0.9989046997630767,0.6077627687434245,0.40470587432917016,0.2252071002162016,0.25709608939511175,127.12369694096719,0.0,0.6040049977395001,0.25709608939511175,0.7429039106048883,0.0,0.0,0.0,0.0
0.36727770128070925,0.9138145226249442,-37.90227194065743,0.3734445911454355,0.38353451243397696,0.8366202103676581,0.6507883208469019,0.6141688503188927,106.78002313374071,0.0,0.9138145226249442,0.6141688503188927,0.3858311496811073,0.0,0.0,1.0,0.0
0.8179041768324394,0.038363861355701134,-7.752169659713211,0.5127498997939296,0.3982502348634128,0.4971672807176857,0.6674155305338311,0.01276542651789736,182.01725990415468,0.0,0.038363861355701134,0.01276542651789736,0.9872345734821026,1.0,0.0,0.0,0.0
0.4467395253113928,0.3429665197000782,-51.70526606195658,0.43946537435844213,0.49632277128437885,0.4036466944934778,0.6786600938268971,0.420896528759226,194.59846089852027,0.0,0.3429665197000782,0.420896528759226,0.579103471240774,0.0,0.0,0.0,0.0
0.5992775178235918,0.807477935651909,-53.43864581343127,0.3972912929459057,0.3368477014471527,0.5694823881365918,0.8611135200614256,0.07833821776200667,70.16047172625952,0.0,0.807477935651909,0.07833821776200667,0.9216617822379933,0.0,0.0,1.0,0.0
0.8503177081575989,0.21285008603835742,-19.874804733011175,0.5428781323608052,0.8328935948872295,0.12508890983640353,0.12978296572261128,0.5568183602783076,192.49301147017192,1.0,0.21285008603835742,0.5568183602783076,0.44318163972169244,0.0,0.0,0.0,0.0
0.41499775837075425,0.32694210025469495,-23.59864060812685,0.9304486005450311,0.8369278328446237,0.9954836107332199,0.02256858320237709,0.11285814471276223,145.3254868713271,1.0,0.32694210025469495,0.11285814471276223,0.8871418552872378,1.0,0.0,1.0,0.0
0.8205764393338497,0.28524434230676654,-45.647334717946876,0.7869757993812009,0.05638185385323158,0.3693826475825851,0.5058092225923297,0.5603486743503234,162.00612195098876,0.0,0.28524434230676654,0.5603486743503234,0.43965132564967657,0.0,0.0,0.0,0.0
0.35484572343065823,0.6126843446746072,-24.877474632542622,0.5476161006537471,0.6404832931422122,0.2594491710680763,0.08464875358462898,0.11927167203974343,91.44153357154615,0.0,0.6126843446746072,0.11927167203974343,0.8807283279602566,0.0,0.0,0.0,0.0
0.5001979355227852,0.8404427505460201,-17.922399474696952,0.7890406042020471,0.3509756239260914,0.40465374164855017,0.3936818859906128,0.19187318440450152,68.57033214010008,0.0,0.8404427505460201,0.19187318440450152,0.8081268155954985,0.0,0.0,0.0,0.0
0.5909160928272268,0.9892166834205861,-49.99021770298423,0.046684819899273755,0.779531681823933,0.2525860066847242,0.8296438053529284,0.7039366670345154,192.39429518711265,0.0,0.9892166834205861,0.7039366670345154,0.2960633329654846,0.0,1.0,0.0,0.0
0.408927235756672,0.6619698394506341,-32.10871315120376,0.6305886973085435,0.44959890600773733,0.18863224642407483,0.5078974160033809,0.5285842014374423,173.48453875642255,0.0,0.6619698394506341,0.5285842014374423,0.47141579856255766,0.0,0.0,0.0,0.0
0.7355207057935812,0.6637916239414441,-53.19677426684565,0.720616290663715,0.5003051563545148,0.8940995361061592,0.9198709341305428,0.05515659060178546,174.88981844962703,0.0,0.6637916239414441,0.05515659060178546,0.9448434093982145,0.0,0.0,1.0,0.0
0.03769739042267062,0.36716962569502265,-27.462001462735252,0.14810079862712744,0.7463138125690768,0.008354704172138572,0.16859904843403684,0.5807968298534757,160.01425868522094,1.0,0.36716962569502265,0.5807968298534757,0.4192031701465243,0.0,0.0,0.0,0.0
0.9166431026939161,0.7054966519346239,-19.693243784708045,0.3943411463506643,0.0012844255268014138,0.12015925873562194,0.5345545447560391,0.6751298858444197,118.44275974550476,0.0,0.7054966519346239,0.6751298858444197,0.3248701141555803,0.0,0.0,0.0,1.0
0.7306790115283902,0.5218622953321788,-55.549428264341266,0.19201625096794883,0.8399982232439429,0.7249127466244395,0.894761987012495,0.11755724912093657,198.63115484611035,0.0,0.5218622953321788,0.11755724912093657,0.8824427508790634,0.0,0.0,1.0,0.0
0.2094067139499336,0.01177987628664201,-0.15462365678674672,0.28107388544511314,0.6680194525125599,0.1766823141763052,0.5802285321991417,0.9040349864545593,104.8253634399814,1.0,0.01177987628664201,0.9040349864545593,0.09596501354544074,0.0,1.0,0.0,0.0
0.6702539760443592,0.1879035887984165,-22.512276076876482,0.33645035181751015,0.21120825858795167,0.31318205070363514,0.17884106850779935,0.9019161078378828,115.60616408439805,0.0,0.1879035887984165,0.9019161078378828,0.09808389216211721,0.0,0.0,0.0,0.0
0.24527930497436734,0.4484078410159329,-40.76782999161027,0.744419253813326,0.9712199118854944,0.4380336566976468,0.8610333999722404,0.5658630735596195,82.01299311319269,0.0,0.4484078410159329,0.5658630735596195,0.4341369264403805,0.0,0.0,0.0,0.0
0.6906227420813416,0.5134344971258201,-20.96360860487379,0.889687412571665,0.4404345706560461,0.9011776232173556,0.7506690142816549,0.48860492587798476,144.4510989921149,0.0,0.5134344971258201,0.48860492587798476,0.5113950741220152,0.0,0.0,1.0,0.0
0.32558113251901144,0.9835972997387742,-19.958930216976242,0.043846852496629896,0.32662190574800876,0.6233144337590575,0.0563332777992398,0.023884191319142767,123.00339353389236,0.0,0.9835972997387742,0.023884191319142767,0.9761158086808572,0.0,0.0,1.0,0.0
0.33269017969267,0.4382986080331659,-44.23840140719969,0.1647177469429809,0.6891433569803377,0.5145711162678005,0.20015421124936683,0.3195894262599983,142.8531070728656,0.0,0.4382986080331659,0.3195894262599983,0.6804105737400017,0.0,0.0,1.0,0.0
0.07222934827247784,0.14745300926617955,-55.60526375355659,0.8123173327141189,0.7524092332120093,0.7533129318792571,0.716325343476028,0.6693854236698692,126.7788681529445,1.0,0.14745300926617955,0.6693854236698692,0.3306145763301308,0.0,1.0,1.0,0.0
0.642278163507115,0.03836155478797465,-22.71213464059292,0.7778777055368772,0.5003583603843902,0.35751332842723693,0.2774267348009791,0.6428020501620825,156.99216780818722,0.0,0.03836155478797465,0.6428020501620825,0.3571979498379175,0.0,1.0,0.0,0.0
0.8709675998625426,0.34233408246099073,-13.813661556864865,0.5613558241893379,0.8828364906780791,0.5278121082956208,0.5176298283979672,0.5778770814409091,164.90414971994082,1.0,0.34233408246099073,0.5778770814409091,0.4221229185590909,0.0,0.0,1.0,0.0
0.9646904788284609,0.07356335421576565,-56.79392385653897,0.9375503374073385,0.5298756255182061,0.6149030145669361,0.48242360159472886,0.09365745260747449,167.5325129786133,0.0,0.07356335421576565,0.09365745260747449,0.9063425473925255,1.0,0.0,1.0,0.0
0.7472246450885869,0.311703321492812,-41.62564528629598,0.8378413809055185,0.07235725774132662,0.8811051483565658,0.2566616898959144,0.5929847477554939,191.03918506024888,0.0,0.311703321492812,0.5929847477554939,0.4070152522445061,0.0,0.0,1.0,0.0
0.6781225015366464,0.4144298124670366,-18.627947465675092,0.3439796363163702,0.27725841634918613,0.9966832779346797,0.7507902311797877,0.6447199773818176,109.74055005070463,0.0,0.4144298124670366,0.6447199773818176,0.35528002261818237,0.0,0.0,1.0,0.0
0.04916082915504816,0.03105687603515561,-26.749124673072075,0.7620327210390511,0.5373791904438551,0.8407850719391146,0.03342653309322163,0.3667520764259401,93.18985476438493,0.0,0.03105687603515561,0.3667520764259401,0.6332479235740599,0.0,0.0,1.0,0.0
0.44727296815712203,0.07237639319412248,-2.752101505735645,0.22325540106936093,0.9223077754835848,0.4258931550366818,0.985524133255218,0.5540583834602107,190.31660098461305,1.0,0.07237639319412248,0.5540583834602107,0.44594161653978925,0.0,0.0,0.0,0.0
0.005348988694222845,0.7482388061809001,-5.816960813849072,0.13972056697895407,0.09612585173215149,0.4245726071859556,0.9336789061329351,0.5423865601904387,133.8439049210425,0.0,0.7482388061809001,0.5423865601904387,0.45761343980956126,0.0,0.0,0.0,0.0
0.14112611829932187,0.0007895110932187865,-11.391594555272327,0.08757456298623822,0.633849818735324,0.9146164545151915,0.208651913158431,0.6652728362369108,71.01780073905132,1.0,0.0007895110932187865,0.6652728362369108,0.3347271637630892,0.0,1.0,1.0,0.0
0.603755143837613,0.16393172095320274,-15.842786369089318,0.3012312947939082,0.46339100880464623,0.5994305420276217,0.17127341066623958,0.7416378186176209,102.36964768915404,0.0,0.16393172095320274,0.7416378186176209,0.2583621813823791,0.0,1.0,1.0,0.0
0.6623718599127535,0.15828305069937365,-18.712940447618983,0.12818807281046174,0.4253564962699836,0.24720607373887682,0.7483752494281826,0.26203500450687456,183.44042289535548,0.0,0.15828305069937365,0.26203500450687456,0.7379649954931254,1.0,0.0,0.0,0.0
0.8918202114066128,0.19644131522278585,-23.169243299536546,0.08771764171996432,0.3915370996016292,0.7133217295012723,0.6594232468499163,0.624700669406608,99.5557209127421,0.0,0.19644131522278585,0.624700669406608,0.37529933059339204,0.0,0.0,1.0,0.0
0.378024949434402,0.10294614470028618,-16.85863077398394,0.5038887967912735,0.7087656323456546,0.24894352479687276,0.3244382286350662,0.33421533726011465,63.60393736461027,1.0,0.10294614470028618,0.33421533726011465,0.6657846627398853,0.0,0.0,0.0,0.0
0.34104787283062354,0.8033045735180335,-6.162090255015691,0.5182183156359275,0.45550169521922024,0.030824618699370254,0.8792043375853826,0.013010213425872719,192.26501122942966,0.0,0.8033045735180335,0.013010213425872719,0.9869897865741273,0.0,0.0,0.0,0.0
0.48921624868809066,0.3419344935747266,-4.546893909440392,0.024390993110096737,0.5814248948690871,0.5489325244993376,0.21932040121138208,0.42888743135021057,151.31696083212785,0.0,0.3419344935747266,0.42888743135021057,0.5711125686497894,0.0,0.0,1.0,0.0
0.7271311968819275,0.0007168587065797816,-3.7887941945390793,0.1645253723928124,0.2335804342223592,0.26347344569384823,0.03782013655203531,0.12305212359032491,198.0889892121827,0.0,0.0007168587065797816,0.12305212359032491,0.8769478764096751,1.0,0.0,0.0,0.0
0.31521673737728606,0.11530109033904934,-53.5805243295226,0.7194599676699719,0.8545686640326409,0.2569522995084699,0.02090951233523497,0.2230900184453558,67.91219671154603,1.0,0.11530109033904934,0.2230900184453558,0.7769099815546442,1.0,0.0,0.0,0.0
0.10339493663004151,0.43150811984764237,-46.204897748302045,0.5159458785254234,0.25349375325719037,0.9405373011029476,0.9059439679262645,0.566806105010466,109.61935887823407,0.0,0.43150811984764237,0.566806105010466,0.433193894989534,0.0,0.0,1.0,0.0
0.38114688203473557,0.41185228314449696,-16.345240671903355,0.4516389955188379,0.8567299465058974,0.9440947859303646,0.33594615337893385,0.5606944813756801,73.30791515655902,0.0,0.41185228314449696,0.5606944813756801,0.4393055186243199,0.0,0.0,1.0,0.0
0.200469047766359,0.4134657667101601,-47.62783704589327,0.8765604907887176,0.15828625605909807,0.45566082155309195,0.6056992404598757,0.6918639081608444,113.62971176171095,0.0,0.4134657667101601,0.6918639081608444,0.3081360918391556,0.0,0.0,0.0,0.0
0.8690990687247285,0.5683191510779255,-33.629533173146896,0.06724063405203662,0.464689468445165,0.8207358408157303,0.6145410182213155,0.8321624537291183,129.16163388390277,0.0,0.5683191510779255,0.8321624537291183,0.16783754627088165,0.0,1.0,1.0,0.0
0.11846170509448184,0.01363984583588107,-41.80682719688453,0.6979904714977925,0.7902599039416938,0.2957528346203294,0.4956539208832471,0.4211189044340816,117.47318980919991,1.0,0.01363984583588107,0.4211189044340816,0.5788810955659184,0.0,0.0,0.0,0.0
0.2313487132001505,0.13637110502945837,-48.19868650612722,0.0553323871633461,0.19813074182357704,0.009200897625379456,0.6272584006359783,0.3163754073876829,196.2402595997672,0.0,0.13637110502945837,0.3163754073876829,0.6836245926123171,0.0,0.0,0.0,0.0
0.19371705077629786,0.3458285703095939,-38.529530481508004,0.00845149606246054,0.8392079530394589,0.03199446014432472,0.9401798347292414,0.8920743510936207,134.9730682520349,1.0,0.3458285703095939,0.8920743510936207,0.10792564890637935,0.0,1.0,0.0,0.0
0.5435955749112921,0.6537779229561563,-36.77699928390678,0.6472222833978555,0.04476838868848687,0.05404762734972657,0.45723041961954436,0.5496223011060349,184.29446964701467,0.0,0.6537779229561563,0.5496223011060349,0.45037769889396506,0.0,0.0,0.0,0.0
0.10466063390789626,0.8226479271938894,-47.39715976247582,0.39408364851003186,0.3166024348274129,0.400155272865399,0.15049549807258555,0.503570074403555,172.22996257639142,0.0,0.8226479271938894,0.503570074403555,0.49642992559644505,0.0,0.0,0.0,0.0
0.44153401037889695,0.4906135758981991,-9.073944883121143,0.7060581146380308,0.4904544085197847,0.25769564818917967,0.8849267468449666,0.5770204016905583,90.96066541549708,0.0,0.4906135758981991,0.5770204016905583,0.42297959830944165,0.0,0.0,0.0,0.0
0.26911975263801036,0.8031330889362459,-57.351266274752675,0.9920921870288201,0.13035167971479178,0.7960685253969374,0.39477531677168287,0.49221618328746686,183.29108084504088,0.0,0.8031330889362459,0.49221618328746686,0.5077838167125331,0.0,0.0,1.0,0.0
0.41291118958921325,0.5374937536732345,-57.042020255449806,0.0023474738674531537,0.2447998730017259,0.6805830929187673,0.1212648933591367,0.11376195880454942,117.53448512502646,0.0,0.5374937536732345,0.11376195880454942,0.8862380411954506,0.0,0.0,1.0,0.0
0.6478370386082265,0.7120719922479305,-49.292959554097514,0.07958814737204245,0.9403970339455442,0.26066638256210173,0.8533464976087238,0.8634914504628183,168.15316284675623,0.0,0.7120719922479305,0.8634914504628183,0.13650854953718172,0.0,1.0,0.0,1.0
0.16883360665257008,0.8218014592542003,-13.844966445504795,0.5967229901062171,0.33720203516895275,0.2625086042665441,0.12188921208035897,0.5097570669008714,141.93652257137853,0.0,0.8218014592542003,0.5097570669008714,0.4902429330991286,0.0,0.0,0.0,0.0
0.3593389905157872,0.47535906768086855,-38.189132557844,0.6410060573207013,0.9012592077965633,0.16392026204694488,0.3814088099031234,0.14086860395086132,147.49212785709648,0.0,0.47535906768086855,0.14086860395086132,0.8591313960491387,1.0,0.0,0.0,0.0
0.7288705094885958,0.9319127325974559,-43.26768442434211,0.9502112058654302,0.0632626718206748,0.6030138633645882,0.057132719343329974,0.8937741877619448,134.17326798980758,0.0,0.9319127325974559,0.8937741877619448,0.10622581223805516,0.0,0.0,1.0,1.0
0.6693483507627961,0.8315739259104525,-50.98136265096187,0.038591561938133845,0.8788811459128522,0.3149332274589325,0.12897890792716526,0.46846123708708653,143.76285059744265,0.0,0.8315739259104525,0.46846123708708653,0.5315387629129135,0.0,0.0,0.0,1.0
0.030970603422510123,0.2748956582570877,-58.03200754338624,0.42033538919549895,0.8951000290662443,0.9826524114935692,0.6370475535036275,0.1616376937845918,186.81891459990283,1.0,0.2748956582570877,0.1616376937845918,0.8383623062154082,1.0,0.0,1.0,0.0
0.5162478232000605,0.1537493121029181,-4.696399832900319,0.757469050723103,0.7317052727231516,0.7091807037944047,0.20033982109644233,0.21100669170752606,156.3610197798157,1.0,0.1537493121029181,0.21100669170752606,0.7889933082924739,1.0,0.0,1.0,0.0
0.21972275011039688,0.43867169680304885,-13.079890464363515,0.783952518097841,0.45326177252585964,0.7921899382752451,0.8386217961980568,0.6547757512842602,91.97961932317882,0.0,0.43867169680304885,0.6547757512842602,0.34522424871573976,0.0,1.0,1.0,0.0
0.2740117803855475,0.31484115540873536,-52.99175353596288,0.2731596203699451,0.20951922431253212,0.45532874980860216,0.9084375478722649,0.10448031675395808,160.83750935263538,0.0,0.31484115540873536,0.10448031675395808,0.8955196832460419,1.0,0.0,0.0,0.0
0.6872830044131277,0.09575419866335766,-4.645655705651997,0.5684722021568196,0.36372552113568424,0.7565385834953067,0.25736545840163405,0.6935098370463204,65.55956906011461,0.0,0.09575419866335766,0.6935098370463204,0.3064901629536796,0.0,0.0,1.0,0.0
0.839408037609272,0.4481708470213185,-21.7984251385235,0.22123781980668367,0.677073712658448,0.7722402758932766,0.47321318688439873,0.6177269240617943,123.8856293351358,0.0,0.4481708470213185,0.6177269240617943,0.3822730759382057,0.0,1.0,1.0,0.0
0.8940913692578455,0.49786918051431917,-9.491477458270865,0.8013520582702486,0.41050482134835653,0.23008449185747504,0.406082132559771,0.8262173757752201,91.86855501471493,0.0,0.49786918051431917,0.8262173757752201,0.17378262422477986,0.0,1.0,0.0,0.0
0.5244363458577493,0.8060967479607475,-38.791351492297274,0.6422096370026974,0.24563157404881453,0.10927944536815992,0.7943842250928563,0.09896862340870682,97.99339531114184,0.0,0.8060967479607475,0.09896862340870682,0.9010313765912932,0.0,0.0,0.0,0.0
0.8551094219974401,0.3464692870786672,-1.6172790291503318,0.9797343347738597,0.2682760204535567,0.04097822224989045,0.7050632842053791,0.4509865026483437,74.10539815434068,0.0,0.3464692870786672,0.4509865026483437,0.5490134973516563,0.0,0.0,0.0,0.0
0.7075228189780428,0.031174909111921223,-7.788198570465475,0.13865252911330372,0.127311878746725,0.17567229796858452,0.9602663584920665,0.693169360253846,172.19201496490913,0.0,0.031174909111921223,0.693169360253846,0.306830639746154,0.0,0.0,0.0,0.0
0.397634985732753,0.33631272750495556,-45.9309595930098,0.48064802831240894,0.5518287335341685,0.6317748436527554,0.2571185039986945,0.9486540809029906,83.76618974899901,0.0,0.33631272750495556,0.9486540809029906,0.05134591909700936,0.0,1.0,1.0,0.0
0.9656531747664123,0.014856122507503788,-31.132458490989265,0.3333678381165628,0.4491234139302508,0.570664578980789,0.43558915801270903,0.41484685030159496,162.58127815786293,0.0,0.014856122507503788,0.41484685030159496,0.585153149698405,0.0,0.0,1.0,0.0
0.6858762750864646,0.8332712820358479,-45.00246112563026,0.6095285097540636,0.5851947853928539,0.36973781087268875,0.4860575419026809,0.31378214330572873,79.85821566637793,0.0,0.8332712820358479,0.31378214330572873,0.6862178566942713,0.0,0.0,0.0,1.0
0.21380121066273283,0.10551364640120109,-19.015825488592554,0.6607273931091515,0.9506063715798728,0.7296784136472413,0.052045838756131446,0.8842451739289542,180.7745228124016,1.0,0.10551364640120109,0.8842451739289542,0.11575482607104581,0.0,1.0,1.0,0.0
0.4433203207726987,0.5858630505279215,-1.4353000516488663,0.5323043638481663,0.9053218283760898,0.08303875781018644,0.19105186870868285,0.4407549434413178,141.86595316722264,0.0,0.5858630505279215,0.4407549434413178,0.5592450565586822,0.0,0.0,0.0,0.0
0.8162278518628002,0.9882621151431868,-36.66891021155301,0.04741563614008493,0.8011715032953248,0.6043807190828081,0.19854285886820167,0.49482845662142017,163.9234343747214,0.0,0.9882621151431868,0.49482845662142017,0.5051715433785798,0.0,0.0,1.0,1.0
0.7704117870686438,0.499618411998762,-41.68712819226845,0.9737425820384935,0.6633626109564928,0.4082375193462987,0.2804632242046524,0.7311029830035621,93.90568238312747,0.0,0.499618411998762,0.7311029830035621,0.26889701699643787,0.0,1.0,0.0,0.0
0.17170998897368817,0.5298338889620703,-42.60075644135149,0.628905144923615,0.11793867487423348,0.6549411045673216,0.2832965279977022,0.00024293443451273156,77.7710480743847,0.0,0.5298338889620703,0.00024293443451273156,0.9997570655654873,0.0,0.0,1.0,0.0
0.9336153778350941,0.8673546391153578,-45.98345807782579,0.7783719045454912,0.6085715931739742,0.9709047114498695,0.3736056595340591,0.6814606125171713,68.89500113934861,0.0,0.8673546391153578,0.6814606125171713,0.31853938748282873,0.0,1.0,1.0,1.0
0.39624734681640594,0.9638176611881805,-27.661147532992764,0.2878795033348446,0.12027096312860686,0.7035283401815304,0.6448560434297268,0.3739387136037746,193.1317892612168,0.0,0.9638176611881805,0.3739387136037746,0.6260612863962254,0.0,0.0,1.0,0.0
0.022202812987850318,0.3037238516318258,-4.735830822025115,0.3209354383194404,0.2522528338551704,0.5342204099312473,0.8238017499205379,0.10314676087836105,192.02289935040307,0.0,0.3037238516318258,0.10314676087836105,0.896853239121639,1.0,0.0,1.0,0.0
0.795072881181164,0.18125025555155194,-17.27952232811024,0.38495872263755715,0.4022946780763187,0.7832900924388664,0.9627848079807322,0.12665587284719393,118.88823316303471,0.0,0.18125025555155194,0.12665587284719393,0.8733441271528061,1.0,0.0,1.0,0.0
0.48094160808430353,0.3763118169549976,-38.2086525770265,0.05226866756159654,0.6855386205626233,0.4362144171200454,0.19479380264392676,0.8160335023020684,172.3585047412279,1.0,0.3763118169549976,0.8160335023020684,0.1839664976979316,0.0,1.0,0.0,0.0
0.4863916280888938,0.29845066114776053,-21.71443645221286,0.28815213577740306,0.23600793032371203,0.7305146540263266,0.0403252397209507,0.09476847103459396,60.95034436330257,0.0,0.29845066114776053,0.09476847103459396,0.905231528965406,1.0,0.0,1.0,0.0
0.15294318647542615,0.06899000871045946,-0.2518579332048816,0.2888099699540896,0.14926801266924727,0.24099625799591795,0.9361255715401346,0.5201602230243957,111.07453348309997,0.0,0.06899000871045946,0.5201602230243957,0.4798397769756043,0.0,0.0,0.0,0.0
0.8733914579092193,0.39499027054903246,-39.89948580253825,0.20728252254973556,0.3777968239094115,0.316684356016926,0.677303959298141,0.2895827046707271,140.8079644991586,0.0,0.39499027054903246,0.2895827046707271,0.7104172953292729,1.0,0.0,0.0,0.0
0.0658921650319727,0.19128915669651436,-35.555683703319076,0.9369492539086954,0.3772519857156954,0.6640741211998341,0.25508722242139814,0.12703357597323173,68.19512401120701,0.0,0.19128915669651436,0.12703357597323173,0.8729664240267683,1.0,0.0,1.0,0.0
0.30541349854275135,0.15766102679690797,-49.55937311903255,0.76075930838695,0.015838070944874216,0.5578101257354344,0.3794613805934648,0.5065499999085472,138.79623321004442,0.0,0.15766102679690797,0.5065499999085472,0.4934500000914528,0.0,0.0,1.0,0.0
0.3133676944572782,0.2951088601842853,-15.995889039905656,0.8712769881211572,0.19258163245852788,0.09761876053514895,0.8977958063920259,0.34989546364739865,137.18443469279399,0.0,0.2951088601842853,0.34989546364739865,0.6501045363526013,0.0,0.0,0.0,0.0
0.35954314452000347,0.1258023363460513,-24.64010130313632,0.5251408517696297,0.20299355919119721,0.45186904465227784,0.7969475040156458,0.5904261031078913,73.56842578937928,0.0,0.1258023363460513,0.5904261031078913,0.40957389689210866,0.0,0.0,0.0,0.0
0.5480214972291351,0.7027382992895869,-12.437795653154915,0.6291175786342668,0.15265816454078374,0.7101732665901607,0.6773418460815164,0.02442688294063322,117.64467346263405,0.0,0.7027382992895869,0.02442688294063322,0.9755731170593668,0.0,0.0,1.0,0.0
0.3329502469623733,0.6694120642536434,-47.031851261344755,0.5908719229742585,0.9132059618141724,0.7978023722086077,0.9214577362165304,0.97850596693269,61.493817780862784,0.0,0.6694120642536434,0.97850596693269,0.021494033067310014,0.0,1.0,1.0,0.0
0.6227412763774776,0.41283939775890643,-8.408730579892698,0.2518147020091317,0.9810294891150761,0.6137079695437473,0.793537402228831,0.08559955282276832,85.6841038662411,0.0,0.41283939775890643,0.08559955282276832,0.9144004471772317,1.0,0.0,1.0,0.0
0.7584036730342032,0.02198652203932361,-10.98732084637303,0.013949018691911452,0.6571188390612733,0.36509392023180587,0.6114948527191991,0.6960314069891137,107.94653068608258,1.0,0.02198652203932361,0.6960314069891137,0.3039685930108863,0.0,1.0,0.0,0.0
0.10796244811083555,0.06964586774826564,-24.66383864624713,0.5206553537341115,0.7422010091211325,0.5097355100039371,0.4224457900308791,0.39808717823623085,63.70256636367345,1.0,0.06964586774826564,0.39808717823623085,0.6019128217637691,0.0,0.0,1.0,0.0
0.33555720169665715,0.9760201575244942,-7.5866654263746724,0.3293780670342177,0.5877954050663722,0.847296745535494,0.44127433675006866,0.01795786375015096,70.43146465460961,0.0,0.9760201575244942,0.01795786375015096,0.982042136249849,0.0,0.0,1.0,0.0
0.5103927213487066,0.9694393756758783,-18.407427466867937,0.07091619143856953,0.18936087579186278,0.77132314321685,0.8414397599562448,0.6176945861885909,150.21924374817434,0.0,0.9694393756758783,0.6176945861885909,0.38230541381140914,0.0,0.0,1.0,0.0
0.028337450383384644,0.8285302595815085,-12.703487509750225,0.25903514410334716,0.708676719965507,0.2148546064249981,0.04033016105151299,0.20113654259037728,85.00804274560193,0.0,0.8285302595815085,0.20113654259037728,0.7988634574096227,0.0,0.0,0.0,0.0
0.33774799673484723,0.4184494971754581,-29.487666510137526,0.47675387550832815,0.27067460596528936,0.029170668574074465,0.6051016222371507,0.3957448298473544,101.81410203425696,0.0,0.4184494971754581,0.3957448298473544,0.6042551701526456,0.0,0.0,0.0,0.0
0.8669410428305123,0.7467433077981598,-8.534067097653462,0.494982794712461,0.13093125212677748,0.6962214361212724,0.20607377993717524,0.4412296690917168,69.10011045284439,0.0,0.7467433077981598,0.4412296690917168,0.5587703309082832,0.0,0.0,1.0,1.0
0.8253084024229824,0.12594064104750058,-5.8141495770414195,0.8642306022615571,0.46458276443924607,0.7443682043039906,0.6194450738181533,0.8030756423377449,120.45271411002769,0.0,0.12594064104750058,0.8030756423377449,0.19692435766225513,0.0,1.0,1.0,0.0
0.78580848424435,0.46245681706514796,-3.5420527294323705,0.4863721008251476,0.46261927193372954,0.7850718615635127,0.821577691760838,0.5544891143211708,85.17169388931056,0.0,0.46245681706514796,0.5544891143211708,0.44551088567882924,0.0,0.0,1.0,0.0
0.4677582309575795,0.9680725029096784,-14.82082841764889,0.8111626038791322,0.03282549881924013,0.4678594626341599,0.6466211336575554,0.8300326836280747,66.89831150158801,0.0,0.9680725029096784,0.8300326836280747,0.1699673163719253,0.0,0.0,0.0,0.0
0.8524388856418731,0.5484009367419117,-48.161161765436404,0.3172552164497,0.28192955175156076,0.5308590342884758,0.05168567991113182,0.15853615849992353,173.77702607260954,0.0,0.5484009367419117,0.15853615849992353,0.8414638415000765,0.0,0.0,1.0,0.0
0.13260399074681106,0.23339626945812697,-32.79776366375056,0.5171208881133305,0.7636104796141586,0.4473324266661878,0.7898646210355388,0.6183463070454575,75.83396351933514,1.0,0.23339626945812697,0.6183463070454575,0.38165369295454254,0.0,1.0,0.0,0.0
0.15633143839283858,0.4370337254497708,-36.18663641465763,0.7435442696372946,0.5807371397973519,0.3881330810022493,0.17076028345038563,0.22683710232549514,140.57014258566826,0.0,0.4370337254497708,0.22683710232549514,0.7731628976745049,1.0,0.0,0.0,0.0
0.42343880489979246,0.5149275088606721,-49.75935388186598,0.6629062523445658,0.852538740855967,0.2579395067869006,0.4915142258318266,0.9755273290209018,106.65384367710186,0.0,0.5149275088606721,0.9755273290209018,0.02447267097909822,0.0,1.0,0.0,0.0
0.5950463449237612,0.09019570020024437,-23.63909985123341,0.08963177330461791,0.959235435323822,0.7156626520723114,0.7881597881357064,0.7041043607716369,142.5620650507052,1.0,0.09019570020024437,0.7041043607716369,0.29589563922836315,0.0,1.0,1.0,0.0
0.44991278108550536,0.8583733797610624,-2.5898599474162154,0.4990361729040813,0.931535049155262,0.5833329099885175,0.5383841868964332,0.4544827329553567,89.30028661421679,0.0,0.8583733797610624,0.4544827329553567,0.5455172670446433,0.0,0.0,1.0,0.0
0.0037196608180591895,0.24150622685606127,-29.41660970378609,0.37995995225975254,0.4484852280026338,0.9806482195640496,0.3502723706693276,0.4521829393601079,78.69217718939474,0.0,0.24150622685606127,0.4521829393601079,0.5478170606398921,0.0,0.0,1.0,0.0
0.04795773243698764,0.7754095145924946,-25.759009495681283,0.760704806043895,0.14986279888655163,0.5718287711826909,0.25364247434137555,0.22806181690001992,61.613641967417934,0.0,0.7754095145924946,0.22806181690001992,0.7719381830999801,0.0,0.0,1.0,0.0
0.1303407235690719,0.30926811149969535,-52.98727436454366,0.9858584404109375,0.30863264852395067,0.13032394670232816,0.19908231282795774,0.5877032283414765,68.96609334107039,0.0,0.30926811149969535,0.5877032283414765,0.4122967716585235,0.0,0.0,0.0,0.0
0.8624341301411569,0.9614996792371473,-45.19515475995715,0.45009526859085935,0.02213445102949707,0.6407102247272215,0.41392605805258886,0.2700584661015557,88.95719548632519,0.0,0.9614996792371473,0.2700584661015557,0.7299415338984443,0.0,0.0,1.0,1.0
0.6540230776587604,0.41621703103231444,-49.22044265820528,0.689109081486824,0.5650722830366937,0.8586720549294962,0.1174758988764929,0.7856666019444561,154.29235015441628,0.0,0.41621703103231444,0.7856666019444561,0.21433339805554386,0.0,1.0,1.0,0.0
0.11501093682809782,0.6948207298717207,-33.507162667210174,0.9449847855558431,0.1416113506178993,0.642833390815738,0.38198004546294595,0.9568146705908778,106.1964853406387,0.0,0.6948207298717207,0.9568146705908778,0.04318532940912223,0.0,0.0,1.0,0.0
0.9621859094918002,0.9014858511007491,-43.77700588136062,0.8035417768264277,0.995604201803506,0.25266300217128235,0.43677716932331967,0.5201807365667597,101.290359012541,0.0,0.9014858511007491,0.5201807365667597,0.47981926343324033,0.0,0.0,0.0,1.0
0.01526483964602976,0.22012924419752666,-43.083786939494495,0.44359970131818716,0.17110247841340187,0.8732543566916726,0.7049111327313361,0.08520047755966198,151.0129431595904,0.0,0.22012924419752666,0.08520047755966198,0.914799522440338,1.0,0.0,1.0,0.0
0.6536564764056204,0.9562211736436277,-59.81874771863033,0.2479324498058072,0.9277914793753155,0.932133915398283,0.7205864193706374,0.76576332104754,72.8076141101506,0.0,0.9562211736436277,0.76576332104754,0.23423667895246003,0.0,1.0,1.0,1.0
0.5138758347782336,0.2315829912889994,-49.12691738318296,0.8103032991233325,0.13503813668054743,0.46865163699638523,0.938578239586033,0.18583205556534255,196.91907932335283,0.0,0.2315829912889994,0.18583205556534255,0.8141679444346575,1.0,0.0,0.0,0.0
0.994287985761059,0.5556171546824029,-49.79143558937052,0.31610488794089564,0.42449283267653515,0.30932422435822293,0.2806355798765158,0.9722297092163575,81.47107583820438,0.0,0.5556171546824029,0.9722297092163575,0.02777029078364246,0.0,1.0,0.0,0.0
0.7333279087168623,0.00041028943917487126,-24.229039835857392,0.9159430039540524,0.287934094093219,0.1855259752577192,0.651679794878427,0.7126014072983932,156.32427265327738,0.0,0.00041028943917487126,0.7126014072983932,0.28739859270160684,0.0,0.0,0.0,0.0
0.31931688002137404,0.2522024021593309,-2.6448720022773458,0.9232995082699295,0.4573166098928203,0.8461938661543734,0.45232347763429603,0.4243890180725104,81.94681266390126,0.0,0.2522024021593309,0.4243890180725104,0.5756109819274896,0.0,0.0,1.0,0.0
0.42640605649197283,0.537416938599807,-58.64974035427881,0.4441130051754064,0.7813562183952003,0.6800460563742698,0.635156988863935,0.9095554284372025,62.524481375532204,0.0,0.537416938599807,0.9095554284372025,0.0904445715627975,0.0,1.0,1.0,0.0
0.5570475861922342,0.7873488484097071,-27.519877037923962,0.32389555258037916,0.13625056509197786,0.8875630718161913,0.470762392387603,0.8781151969857014,142.01929714064357,0.0,0.7873488484097071,0.8781151969857014,0.1218848030142986,0.0,0.0,1.0,0.0
0.6741921166150008,0.80426115437845,-20.450667323991937,0.3980548406789377,0.513633383928651,0.8030455246758799,0.3736502963729842,0.3881214567684971,73.39661624812015,0.0,0.80426115437845,0.3881214567684971,0.6118785432315029,0.0,0.0,1.0,1.0
0.9145844352217477,0.09103631494544173,-21.10744935308665,0.4131944788027977,0.40561939025544236,0.6795518365726839,0.06709373262987872,0.5937057829514346,168.08445003612968,0.0,0.09103631494544173,0.5937057829514346,0.4062942170485654,0.0,0.0,1.0,0.0
0.8282127578865942,0.1705303893937753,-6.154856995309579,0.6561460918474422,0.8818548008206828,0.48528071711019827,0.542033345097202,0.9190382770286711,185.98733606965405,1.0,0.1705303893937753,0.9190382770286711,0.08096172297132886,0.0,1.0,0.0,0.0
0.448160873369002,0.27441263163568175,-36.409773926144155,0.38776432852974974,0.28686687498279395,0.26857960433296657,0.8610629364797194,0.06986192068466168,154.86556549394317,0.0,0.27441263163568175,0.06986192068466168,0.9301380793153383,1.0,0.0,0.0,0.0
0.1728200514564523,0.34450589339406323,-56.30741795190979,0.26997363685546205,0.7684210711172421,0.8850153245472586,0.22152715190236705,0.46354783925892185,125.8453667112089,1.0,0.34450589339406323,0.46354783925892185,0.5364521607410782,0.0,0.0,1.0,0.0
0.8735753057597342,0.7627990528758054,-29.215366897917008,0.6707472004717734,0.8473550539093668,0.009538954025544943,0.4028900310500486,0.9072431672770787,163.64382431815318,0.0,0.7627990528758054,0.9072431672770787,0.09275683272292135,0.0,1.0,0.0,1.0
0.5428413743340746,0.5296445270351334,-39.13379414373374,0.5205205336415145,0.6553831994634532,0.4183630384287931,0.714153146392174,0.8612322272603858,81.65587874588056,0.0,0.5296445270351334,0.8612322272603858,0.13876777273961416,0.0,1.0,0.0,0.0
0.4515470228174244,0.4080200912850811,-18.752111757016316,0.24986746525792936,0.6402509149522763,0.877489241731488,0.4181315997936227,0.91101569997922,199.04292345068697,0.0,0.4080200912850811,0.91101569997922,0.08898430002077995,0.0,1.0,1.0,0.0
0.10609204994795207,0.23305318798485863,-2.9772149110744053,0.9583276864813868,0.0977072753867585,0.014998500377136681,0.16110002325642225,0.9960127833822483,85.19994632549616,0.0,0.23305318798485863,0.9960127833822483,0.003987216617751699,0.0,0.0,0.0,0.0
0.5025476067220231,0.848417726430511,-58.77590335870762,0.6044889822584595,0.2770254488696243,0.8623349164397316,0.28346114926407917,0.6867557202819089,154.39074854263555,0.0,0.848417726430511,0.6867557202819089,0.3132442797180911,0.0,0.0,1.0,0.0
0.22149354885964,0.03479919986835012,-35.44502557287616,0.2891931519658697,0.8089777496137086,0.8003641884553453,0.4570239521926255,0.6065122253232189,144.5963322381695,1.0,0.03479919986835012,0.6065122253232189,0.3934877746767811,0.0,1.0,1.0,0.0
0.8271581484276234,0.4250024141231975,-43.473199212569455,0.26503491814054747,0.5361922792822041,0.44914820273221256,0.4401207709849362,0.09113733908970723,160.60452369662738,0.0,0.4250024141231975,0.09113733908970723,0.9088626609102928,1.0,0.0,0.0,0.0
0.2137366879819107,0.19695363020872136,-35.234500783356395,0.22777834161780142,0.5838582673080154,0.3714633393344715,0.4489117225927901,0.5371693216040289,88.49497314745268,0.0,0.19695363020872136,0.5371693216040289,0.46283067839597114,0.0,0.0,0.0,0.0
0.1557516228655298,0.8804219028736048,-33.976577830114735,0.41209360963253916,0.03561215027284148,0.4979763025873932,0.5541697216110001,0.5588408709546665,158.9843637052038,0.0,0.8804219028736048,0.5588408709546665,0.4411591290453335,0.0,0.0,0.0,0.0
0.17748183499101178,0.2522231342306188,-11.356172086175235,0.947170616843394,0.13593274736732064,0.4976495545052182,0.21417625273958685,0.06007316835498244,105.57046733765895,0.0,0.2522231342306188,0.06007316835498244,0.9399268316450176,1.0,0.0,0.0,0.0
0.14368762518421274,0.7099330734342463,-27.976475179713333,0.14383447099031088,0.009241588405514367,0.8081570490242127,0.17619440616424753,0.606216642220766,107.16906783074438,0.0,0.7099330734342463,0.606216642220766,0.393783357779234,0.0,0.0,1.0,0.0
0.5854859383150356,0.315653626982324,-54.78362635846475,0.2229500085577536,0.1880585664790756,0.42801935243964384,0.6582837834261573,0.26380607494635755,61.68979094208651,0.0,0.315653626982324,0.26380607494635755,0.7361939250536425,1.0,0.0,0.0,0.0
0.5189373642647569,0.6057594893589721,-2.227770359891416,0.5894708030932468,0.47117255937814184,0.5734016258977038,0.927900629862027,0.8283781456016462,105.21702267093312,0.0,0.6057594893589721,0.8283781456016462,0.17162185439835376,0.0,1.0,1.0,0.0
0.23725436365713726,0.26263361236607363,-29.73473761708722,0.7440494512285778,0.5032192071829621,0.06779639582811259,0.7235807004399809,0.8059701286709539,100.52970111676075,0.0,0.26263361236607363,0.8059701286709539,0.19402987132904614,0.0,1.0,0.0,0.0
0.6641257392833504,0.4265919010543934,-6.652838656353431,0.8452255581607399,0.5254319983096423,0.6915055458135945,0.883349701022104,0.4957170100782755,103.85510366843508,0.0,0.4265919010543934,0.4957170100782755,0.5042829899217245,0.0,0.0,1.0,0.0
0.7536661379095813,0.22006625478469177,-36.688131119637475,0.8657272371067937,0.7244223402693151,0.40381100524749924,0.2147445024083574,0.3559683908322365,99.77458089184063,1.0,0.22006625478469177,0.3559683908322365,0.6440316091677635,0.0,0.0,0.0,0.0
0.17608928794385392,0.7433329135656567,-44.875806788989706,0.4541674701677638,0.38585944683610907,0.9820773786356308,0.3910922441482205,0.0799824827967548,72.57560536009177,0.0,0.7433329135656567,0.0799824827967548,0.9200175172032452,0.0,0.0,1.0,0.0
0.5907537213530648,0.5993635517382656,-34.8744605710407,0.4318436923120297,0.05393258284087121,0.5165465103892622,0.5047394753803517,0.14954931855694453,74.53751405552987,0.0,0.5993635517382656,0.14954931855694453,0.8504506814430555,0.0,0.0,1.0,0.0
0.12357249059949049,0.10102824649125852,-23.41750826779441,0.19648265240291862,0.25143015218746345,0.17357214415143973,0.9578353044485031,0.8546174631518354,92.26927722921292,0.0,0.10102824649125852,0.8546174631518354,0.1453825368481646,0.0,0.0,0.0,0.0
0.327566293922126,0.20989284230499716,-30.487442432350576,0.019610532474253595,0.6713680088967957,0.5231581498176416,0.8986389283011033,0.16439268432841414,172.57529444855845,1.0,0.20989284230499716,0.16439268432841414,0.8356073156715859,1.0,0.0,1.0,0.0
0.7919610144667157,0.12718118921688693,-36.086446551352346,0.1701526411445169,0.2547205004575489,0.26324617483054435,0.5562363940257727,0.4114109317604655,192.68259256088274,0.0,0.12718118921688693,0.4114109317604655,0.5885890682395345,0.0,0.0,0.0,0.0
0.12637014194700513,0.9736921348501988,-46.16168158714416,0.7728739363818531,0.3389699261728214,0.1430813954173139,0.8578891852462399,0.3088608992364632,152.2397565917579,0.0,0.9736921348501988,0.3088608992364632,0.6911391007635368,0.0,0.0,0.0,0.0
0.5664436850866266,0.4717563093908743,-30.250831641087654,0.7322379140922876,0.08777291412344057,0.6681806619579052,0.8958121013985787,0.05778819701986415,79.69146749271334,0.0,0.4717563093908743,0.05778819701986415,0.9422118029801358,1.0,0.0,1.0,0.0
0.7166319367020314,0.43728164824461757,-35.7870827511787,0.13696663454423585,0.5067700407177881,0.12654531119637724,0.4766204563105404,0.7636152989616567,96.1570101042029,0.0,0.43728164824461757,0.7636152989616567,0.2363847010383433,0.0,1.0,0.0,0.0
0.4807861681797273,0.9920159693968357,-18.80097459875776,0.8413567713051986,0.41484760656054576,0.7678609231258553,0.040509172941321836,0.12291118254224498,88.4298830088087,0.0,0.9920159693968357,0.12291118254224498,0.877088817457755,0.0,0.0,1.0,0.0
0.40195192461521956,0.8457448783257632,-39.22403695272417,0.6546211935154629,0.7093142948034834,0.5861823540883414,0.3572419681701362,0.5770533417135443,107.91718299056447,0.0,0.8457448783257632,0.5770533417135443,0.4229466582864557,0.0,0.0,1.0,0.0
0.08387373855201208,0.9928039781860144,-52.369052782049344,0.07234838383605735,0.8785307492071559,0.3018346608928951,0.6502969740735076,0.32900572966223285,114.80359791122596,0.0,0.9928039781860144,0.32900572966223285,0.6709942703377672,0.0,0.0,0.0,0.0
0.2621129720167965,0.3430440057930102,-35.35797596480741,0.7204160690923429,0.5115361942347918,0.9435652171569769,0.04188039383877551,0.5030683226320282,141.79147043644053,0.0,0.3430440057930102,0.5030683226320282,0.49693167736797184,0.0,0.0,1.0,0.0
0.9201969860742739,0.049158523621427586,-25.59002490388704,0.853629928527957,0.24192772811923657,0.8762923485239374,0.019043409274291823,0.7324546291337297,190.63585096361143,0.0,0.049158523621427586,0.7324546291337297,0.2675453708662703,0.0,0.0,1.0,0.0
0.6571976616400622,0.43902924398044796,-57.30713901163692,0.9201138133226288,0.4702962226915748,0.02899674433594801,0.6898210713287619,0.4818372535762582,77.4083444419375,0.0,0.43902924398044796,0.4818372535762582,0.5181627464237418,0.0,0.0,0.0,0.0
0.21427180931025958,0.06449068045584627,-25.542387617485588,0.6220294792520092,0.5057422983554444,0.8171021330026149,0.8610088213080136,0.6156243966831266,61.78590715904028,0.0,0.06449068045584627,0.6156243966831266,0.38437560331687337,0.0,1.0,1.0,0.0
0.6952296557477357,0.4179992169203516,-26.06655100641678,0.6490806020188844,0.35023661432707676,0.9170985051717943,0.1339748667497812,0.6715118072810374,60.61034119392126,0.0,0.4179992169203516,0.6715118072810374,0.32848819271896257,0.0,0.0,1.0,0.0
0.9246511054051808,0.1125041332380915,-54.30694619114552,0.33300763305224423,0.3735662860390806,0.21430007232287862,0.5851216609271247,0.4429140980419636,64.78458246575224,0.0,0.1125041332380915,0.4429140980419636,0.5570859019580364,0.0,0.0,0.0,0.0
0.31965206225530063,0.8104329135731705,-18.617907908287883,0.7248708535798805,0.6981169240835235,0.3109730213830333,0.09966392207677588,0.272467184033096,176.4499420259223,0.0,0.8104329135731705,0.272467184033096,0.727532815966904,0.0,0.0,0.0,0.0
0.9804707977830711,0.49384701474156134,-59.41797870461747,0.14004481213422904,0.32208057531626577,0.5785853485929497,0.07509364580531397,0.9433572987098816,111.1117142598161,0.0,0.49384701474156134,0.9433572987098816,0.05664270129011839,0.0,0.0,1.0,0.0
0.912584217924823,0.7805218027570218,-14.67376364906513,0.606719579782232,0.6267838170518446,0.6380032352162481,0.6287213870255821,0.5537282313983612,198.09796258760446,0.0,0.7805218027570218,0.5537282313983612,0.44627176860163875,0.0,0.0,1.0,1.0
0.7322905674256961,0.7769463883925212,-7.652231094979548,0.21563976272584917,0.08380415909506078,0.48289443659859865,0.5140806956192732,0.8291817799499177,122.129701099527,0.0,0.7769463883925212,0.8291817799499177,0.1708182200500823,0.0,0.0,0.0,1.0
0.5708530255443127,0.5270709385134583,-57.70783297455654,0.615214896596914,0.8280432857742522,0.15750054807580383,0.5943317339265958,0.5936105444464144,82.98589496789023,0.0,0.5270709385134583,0.5936105444464144,0.40638945555358563,0.0,0.0,0.0,0.0
0.12346357373073602,0.9800519429764848,-36.376849820817746,0.22742172872352928,0.17132454445437495,0.6676017135832351,0.6094452973272788,0.6435521229874175,72.32084385160331,0.0,0.9800519429764848,0.6435521229874175,0.3564478770125825,0.0,0.0,1.0,0.0
0.893534583498437,0.3892663968090483,-41.19783561417852,0.4623614472477392,0.39006606574762825,0.8635770031391459,0.9292609751978921,0.3034532164496062,180.95101304439368,0.0,0.3892663968090483,0.3034532164496062,0.6965467835503938,0.0,0.0,1.0,0.0
0.7815231295330671,0.9308076723447618,-45.254981268846734,0.5769591501209791,0.27454458474044463,0.8240944904843742,0.005324190571064258,0.5648191628863961,107.48848037806852,0.0,0.9308076723447618,0.5648191628863961,0.4351808371136039,0.0,0.0,1.0,1.0
0.32268370707782024,0.644906323864917,-8.910933041160362,0.6091953913933262,0.8531729786467225,0.26459711188102997,0.5195018547649811,0.450536539067076,61.63028593043347,0.0,0.644906323864917,0.450536539067076,0.549463460932924,0.0,0.0,0.0,0.0
0.5568121431407401,0.6615243241461749,-24.485135734855795,0.7362798987834215,0.5713395284530771,0.06675025485075692,0.11644552408471143,0.5964745775439524,98.49708687630962,0.0,0.6615243241461749,0.5964745775439524,0.4035254224560476,0.0,0.0,0.0,0.0
0.07964512903476584,0.42960274344854676,-26.740644114980675,0.32874598834960655,0.720433702225778,0.6437706081012446,0.33281836109167195,0.7548725289085606,150.81730595462494,0.0,0.42960274344854676,0.7548725289085606,0.2451274710914394,0.0,1.0,1.0,0.0
0.6374453787179021,0.553427700787068,-59.31661991468683,0.6965071834768891,0.3760417911091565,0.9426097101586556,0.8179847710772054,0.5876944695313122,95.30547745469772,0.0,0.553427700787068,0.5876944695313122,0.4123055304686878,0.0,0.0,1.0,0.0
0.20371739327766658,0.3403848376775491,-31.40592338519889,0.2960655100389471,0.5149294953924828,0.16537042551318593,0.9777128128254999,0.10792455496499387,190.4721795516121,0.0,0.3403848376775491,0.10792455496499387,0.8920754450350061,1.0,0.0,0.0,0.0
0.9135780114026949,0.525360481819498,-16.505383689834936,0.4360482979725878,0.6300345775424382,0.3405759374211187,0.30115901978544535,0.5782297861695137,129.73815438575724,0.0,0.525360481819498,0.5782297861695137,0.4217702138304863,0.0,0.0,0.0,0.0
0.5795363691499811,0.286660581287023,-37.98253009098028,0.08389796062890931,0.05227637227220572,0.25345712967301626,0.07424685933054576,0.1037747086347407,173.80997675515118,0.0,0.286660581287023,0.1037747086347407,0.8962252913652593,1.0,0.0,0.0,0.0
0.0388736970166893,0.6589427939347428,-43.646535071075974,0.8715456807081264,0.48499228457749954,0.30557645932782573,0.5176389356894345,0.3819580190452688,139.00214905377624,0.0,0.6589427939347428,0.3819580190452688,0.6180419809547312,0.0,0.0,0.0,0.0
0.11453286832634824,0.9969905028125511,-34.46664733819695,0.34823063970736867,0.7102098483162649,0.3638994064953325,0.8332743050287577,0.45427072436042526,160.7381778571609,0.0,0.9969905028125511,0.45427072436042526,0.5457292756395747,0.0,0.0,0.0,0.0
0.10745321644188655,0.8461191855551118,-15.856920793313407,0.21171677846196568,0.14528600974578665,0.3162923487256244,0.9760705860319043,0.25683157456705863,123.85780925252865,0.0,0.8461191855551118,0.25683157456705863,0.7431684254329414,0.0,0.0,0.0,0.0
0.030020225717336313,0.39722752956623253,-25.720799074013833,0.9531246125079651,0.5167360449400644,0.8191073261776878,0.5471276425689006,0.0407850134355181,104.10115852656836,0.0,0.39722752956623253,0.0407850134355181,0.9592149865644819,1.0,0.0,1.0,0.0
0.5755495078311033,0.9505939659311243,-8.452178414926003,0.22835561417884764,0.2201098300191635,0.20117296711390076,0.9224988963025031,0.8526661531017207,168.48368051541283,0.0,0.9505939659311243,0.8526661531017207,0.14733384689827933,0.0,0.0,0.0,0.0
0.3927351142242276,0.5043807042987668,-32.14009531229083,0.25339810755937264,0.505028046148767,0.030496547852754463,0.13181037349745917,0.8865895961689464,165.23516738439926,0.0,0.5043807042987668,0.8865895961689464,0.11341040383105361,0.0,1.0,0.0,0.0
0.42286840905908707,0.5171503622838772,-37.80006684240135,0.7407798671606725,0.7841871792320796,0.7632851902031591,0.7226117248344496,0.20450433869279583,107.31579709366703,0.0,0.5171503622838772,0.20450433869279583,0.7954956613072042,0.0,0.0,1.0,0.0
0.4698454349836749,0.3307929914276556,-14.70358799050026,0.3293535242499547,0.13823208678533716,0.3990404520483041,0.9799144327823803,0.2258814129335759,145.70221225205205,0.0,0.3307929914276556,0.2258814129335759,0.7741185870664241,1.0,0.0,0.0,0.0
0.4329730498397063,0.07102456764932663,-30.72740364011643,0.7021643286483125,0.5132199758278188,0.8721060637465811,0.28893701665758265,0.08624917130396492,191.11918563212086,0.0,0.07102456764932663,0.08624917130396492,0.9137508286960351,1.0,0.0,1.0,0.0
0.378196349528219,0.5764055514536334,-12.47981243218824,0.3243136638755806,0.7161645381776112,0.13541884981782804,0.29129374720550527,0.1447106361365199,173.57227817619008,0.0,0.5764055514536334,0.1447106361365199,0.8552893638634801,0.0,0.0,0.0,0.0
0.22264923522678537,0.7174035554052103,-3.4020961652608435,0.527772209068877,0.5400291922606877,0.46103356809781204,0.32589014339364275,0.4756550309249171,144.39305451734631,0.0,0.7174035554052103,0.4756550309249171,0.5243449690750829,0.0,0.0,0.0,0.0
0.9859915721706594,0.9377645593182242,-8.270822502412692,0.8891305357048583,0.46784918329204295,0.6574443271774648,0.8950667229362141,0.39295076499135306,194.64674696836562,0.0,0.9377645593182242,0.39295076499135306,0.6070492350086469,0.0,0.0,1.0,1.0
0.415786062069183,0.6010826653932156,-17.411717203657687,0.9505920130759383,0.24461627405226605,0.7461309782386423,0.5208155861440822,0.26855714062064107,168.72495757149468,0.0,0.6010826653932156,0.26855714062064107,0.7314428593793589,0.0,0.0,1.0,0.0
0.5522222801738466,0.6609738206496758,-40.62593588532594,0.481273951827605,0.6173542509880671,0.404910814269844,0.1983725398477013,0.961640492315304,131.60545560596643,0.0,0.6609738206496758,0.961640492315304,0.03835950768469598,0.0,1.0,0.0,0.0
0.7339203702877005,0.4110471935560581,-38.692094158457024,0.407164298467125,0.4091966437856498,0.5441801159419536,0.5434698699813632,0.49715381588287166,78.87000988844133,0.0,0.4110471935560581,0.49715381588287166,0.5028461841171283,0.0,0.0,1.0,0.0
0.49607547850053113,0.1691039004206515,-52.431852822254086,0.9326457173411677,0.6049500131477042,0.6594900581245843,0.4017936703333638,0.9089808919148642,149.31026854115316,1.0,0.1691039004206515,0.9089808919148642,0.0910191080851358,0.0,1.0,1.0,0.0
0.7691698695235875,0.36856246902771383,-2.399287150852473,0.820461290158315,0.8539484630145436,0.17219426742575428,0.2709632078712195,0.28562659968357706,97.92729125456196,1.0,0.36856246902771383,0.28562659968357706,0.7143734003164229,1.0,0.0,0.0,0.0
0.8554081621042879,0.03188479520859211,-55.43400066115354,0.2739148706299037,0.19987297464944365,0.23185961388284837,0.7979431892533,0.5631265938920469,60.80789258101552,0.0,0.03188479520859211,0.5631265938920469,0.4368734061079531,0.0,0.0,0.0,0.0
0.42932276570419525,0.40788492685035893,-53.16328383332739,0.6761417886014571,0.7020971883794911,0.7208932190520977,0.728470945558592,5.282693229680113e-05,193.54891253854112,0.0,0.40788492685035893,5.282693229680113e-05,0.9999471730677032,1.0,0.0,1.0,0.0
0.814208767054663,0.9039816965892853,-59.06140228155395,0.9338587957857394,0.8097885286881047,0.8372191429586986,0.09328738472196851,0.7387780289185977,194.38833654989273,0.0,0.9039816965892853,0.7387780289185977,0.2612219710814023,0.0,1.0,1.0,1.0
0.6785473414181606,0.5705614046246065,-3.2622193350601805,0.442937121734436,0.5992935663104787,0.4763382934943662,0.9328462213602992,0.07608472676550726,130.15675811554874,0.0,0.5705614046246065,0.07608472676550726,0.9239152732344927,0.0,0.0,0.0,0.0
0.6869524413854383,0.7919065384222369,-25.01888115335182,0.908917744121454,0.9419914468838717,0.06431922319358352,0.40237053954137436,0.02345902172115444,106.11833203242202,0.0,0.7919065384222369,0.02345902172115444,0.9765409782788456,0.0,0.0,0.0,1.0
0.5368682179706021,0.9107949305099489,-9.20674065207583,0.12749972667198572,0.0930303747408957,0.589267338756667,0.5321179724587827,0.26637764143002385,185.92343183753692,0.0,0.9107949305099489,0.26637764143002385,0.7336223585699762,0.0,0.0,1.0,0.0
0.9273664094615535,0.40261143834016266,-6.581846573188784,0.38394889426297263,0.7368168318297001,0.47594221754772414,0.12258315650718299,0.9279342012370215,123.57352307285512,0.0,0.40261143834016266,0.9279342012370215,0.07206579876297847,0.0,1.0,0.0,0.0
0.7344870403224036,0.36717381443129216,-58.86714728542592,0.10053035869183591,0.4962194794899244,0.6899643571263624,0.33473532657927907,0.6954884591776503,157.80898252047385,0.0,0.36717381443129216,0.6954884591776503,0.30451154082234966,0.0,1.0,1.0,0.0
0.7039359073278308,0.4925218540205084,-5.10683099270976,0.4891965179806156,0.4502651934966382,0.199380819010627,0.3076550873563365,0.042334492518303346,148.69494110626383,0.0,0.4925218540205084,0.042334492518303346,0.9576655074816967,1.0,0.0,0.0,0.0
0.24853574392709288,0.3041552544854651,-13.751128700140725,0.3272211831614539,0.24219589201314218,0.16905774913370575,0.7748584021819559,0.12970625799002689,123.5255264350495,0.0,0.3041552544854651,0.12970625799002689,0.8702937420099731,1.0,0.0,0.0,0.0
0.5069301160771944,0.6873899126857146,-22.00299106002027,0.8107206729451748,0.04475143392623815,0.2964407247793972,0.28013411877537975,0.14601690559210823,100.48495553990205,0.0,0.6873899126857146,0.14601690559210823,0.8539830944078918,0.0,0.0,0.0,0.0
0.3097653141429034,0.5218844619274783,-20.177731264424636,0.3811005136118141,0.7194702313133812,0.33616533857958,0.29028367731476035,0.5411880558570243,63.32029044281069,0.0,0.5218844619274783,0.5411880558570243,0.45881194414297566,0.0,0.0,0.0,0.0
0.07978912363400037,0.41796954358652705,-3.4252373164946093,0.7215117798434236,0.08812656950055775,0.8463180127808737,0.732300770608181,0.6109465257026532,174.84101448528483,0.0,0.41796954358652705,0.6109465257026532,0.3890534742973468,0.0,0.0,1.0,0.0
0.4041098477429571,0.22150105085385274,-29.27859665347444,0.5488417555934738,0.5383263720099121,0.5650737914801053,0.9487049182391808,0.9022456230962314,182.6003851182515,0.0,0.22150105085385274,0.9022456230962314,0.09775437690376865,0.0,1.0,1.0,0.0
0.8014168109086272,0.9434281072652854,-54.090321499235806,0.2651232614457395,0.4950559456545849,0.8465344931234052,0.5051657115227325,0.7480347393415887,79.45438673484827,0.0,0.9434281072652854,0.7480347393415887,0.2519652606584113,0.0,1.0,1.0,1.0
0.2524138129765602,0.7317760950376724,-50.115959466736555,0.35135593465492676,0.2648662578135714,0.3498616942224785,0.7083240490779703,0.367847181142801,137.73686516511162,0.0,0.7317760950376724,0.367847181142801,0.632152818857199,0.0,0.0,0.0,0.0
0.09993187705440965,0.8050176932346278,-37.80668246111251,0.6485341590333424,0.7253896016618326,0.2096609221117004,0.88467498495335,0.6162242516069529,120.02151984520741,0.0,0.8050176932346278,0.6162242516069529,0.38377574839304707,0.0,1.0,0.0,0.0
0.18233518357821954,0.9423009379012067,-14.695907752102492,0.20802456273324887,0.3377107747242245,0.8096742580880733,0.695677663215339,0.7657842927157243,121.76815430981054,0.0,0.9423009379012067,0.7657842927157243,0.23421570728427565,0.0,0.0,1.0,0.0
0.7164762626421669,0.3864937228639137,-47.32422498370821,0.63267703484136,0.9760139255987942,0.3106009713953296,0.46096959221253964,0.6740013710698536,135.8108794971483,1.0,0.3864937228639137,0.6740013710698536,0.3259986289301464,0.0,1.0,0.0,0.0
0.8434277957090492,0.7617427064695159,-56.50216776825858,0.998421233923774,0.7524024537194672,0.8639033162941132,0.6511977120953464,0.8562851280467623,75.73361649001932,0.0,0.7617427064695159,0.8562851280467623,0.14371487195323773,0.0,1.0,1.0,1.0
0.3477378355593156,0.8764209436044927,-47.90068732398647,0.07824209858002273,0.788118939945219,0.8354861556432962,0.1626522181899006,0.8543459827827155,156.14749138360375,0.0,0.8764209436044927,0.8543459827827155,0.14565401721728455,0.0,1.0,1.0,0.0
0.5200826832165839,0.830250192781385,-34.845045040862054,0.1939939562233972,0.28485267661061364,0.5051640182933148,0.5313307926731757,0.8055808264412336,170.78938131132682,0.0,0.830250192781385,0.8055808264412336,0.19441917355876637,0.0,0.0,1.0,0.0
0.5813665572045749,0.7807854833654764,-48.49359250237974,0.05006452709329434,0.8736338226347001,0.07555449376276957,0.2466884297439973,0.6953189496243846,117.32271126782328,0.0,0.7807854833654764,0.6953189496243846,0.30468105037561544,0.0,1.0,0.0,0.0
0.8763139699155088,0.29797979466226954,-59.28771919983844,0.3006556405607441,0.5780750491848317,0.37593837540329333,0.5348727557587553,0.8765981188350187,187.74790759225158,0.0,0.29797979466226954,0.8765981188350187,0.1234018811649813,0.0,1.0,0.0,0.0
0.2659740646541121,0.4621404732699007,-27.051359085512928,0.9491124568882471,0.9986173191643847,0.23540724884152664,0.7269798713458154,0.37803106223319516,61.135147564069854,0.0,0.4621404732699007,0.37803106223319516,0.6219689377668048,0.0,0.0,0.0,0.0
0.009252522435902355,0.46056600756225574,-30.69990521973992,0.022569696573442655,0.6869274167743025,0.2940033885949531,0.5598931015359494,0.30091907316541877,83.398804081703,0.0,0.46056600756225574,0.30091907316541877,0.6990809268345812,0.0,0.0,0.0,0.0
0.4071737385988753,0.23227336479050076,-27.911941384849918,0.19882853028647995,0.5084059766446271,0.15737851486886756,0.670974709485785,0.7539376844414241,75.45519279499072,0.0,0.23227336479050076,0.7539376844414241,0.24606231555857594,0.0,1.0,0.0,0.0
0.4678024120373392,0.07087170065487358,-24.109053267479858,0.26440429792964537,0.5276244568387078,0.5174610093842912,0.9243543461938004,0.5490832225687229,141.6197871605642,0.0,0.07087170065487358,0.5490832225687229,0.4509167774312771,0.0,0.0,1.0,0.0
0.4016531257643803,0.9490796031828168,-13.36884543362342,0.28540529030284156,0.8442095857762321,0.43239636018509,0.8286671435335939,0.822888068293502,86.44182614679961,0.0,0.9490796031828168,0.822888068293502,0.17711193170649797,0.0,1.0,0.0,0.0
0.7011411313835769,0.2906429693065311,-42.15043980043991,0.29634807688058074,0.7255682475599482,0.22982604179253607,0.0009058352460902253,0.7152368534826331,83.96586413691753,1.0,0.2906429693065311,0.7152368534826331,0.2847631465173669,0.0,1.0,0.0,0.0
0.10448239530783465,0.23751612059406013,-37.205968660637765,0.4759063274732007,0.04457004071263082,0.9705733326273605,0.7160630534195581,0.32319406532433614,104.61761601995562,0.0,0.23751612059406013,0.32319406532433614,0.6768059346756639,0.0,0.0,1.0,0.0
0.4485425493684594,0.626244822763033,-51.217616004661934,0.18892981376495233,0.8594345828335509,0.25625492388907256,0.38019499797517753,0.871271850950117,152.84069611597516,0.0,0.626244822763033,0.871271850950117,0.12872814904988295,0.0,1.0,0.0,0.0
0.34171187934168834,0.6836995457246208,-58.819007077115174,0.7356426600113652,0.4870160405162395,0.8131821472844613,0.9546376520064683,0.9257885494945683,187.2971060837477,0.0,0.6836995457246208,0.9257885494945683,0.07421145050543165,0.0,1.0,1.0,0.0
0.5121699559338871,0.36014211413893804,-32.097880516159634,0.6898960033133608,0.8839977768711867,0.20698630300011955,0.918193158461703,0.8151802319698891,197.03984212495286,1.0,0.36014211413893804,0.8151802319698891,0.1848197680301109,0.0,1.0,0.0,0.0
0.8802517732816871,0.27993732969190666,-53.642645319357136,0.11224107199158861,0.2912233185782761,0.6141837239845392,0.8043203260971725,0.8992503069815647,147.32547381169258,0.0,0.27993732969190666,0.8992503069815647,0.10074969301843528,0.0,0.0,1.0,0.0
0.0056313127480537295,0.1863167765185335,-54.016427768797925,0.36332447556901004,0.5013509936337459,0.04339717857856085,0.3484779757956553,0.17917967462532258,150.58982327624236,0.0,0.1863167765185335,0.17917967462532258,0.8208203253746774,1.0,0.0,0.0,0.0
0.46427236932434,0.4953176469339088,-34.33849271799234,0.956019710486567,0.21473512512156323,0.5166642598438743,0.7360173683653359,0.5568444131345626,190.06292400035215,0.0,0.4953176469339088,0.5568444131345626,0.44315558686543743,0.0,0.0,1.0,0.0
0.37796835564128417,0.463675805773178,-54.688661087116294,0.6089991110519285,0.28821196844810604,0.16030903951556885,0.5445312929045081,0.5323102633799106,70.62202977136666,0.0,0.463675805773178,0.5323102633799106,0.4676897366200894,0.0,0.0,0.0,0.0
0.6982154534944728,0.6237721906508529,-48.658963035210164,0.46943486215404384,0.72032291647856,0.5294357405412765,0.3954890761835702,0.32233845808094364,145.45514133016752,0.0,0.6237721906508529,0.32233845808094364,0.6776615419190564,0.0,0.0,1.0,0.0
0.9391086983102406,0.6717448404774834,-55.51524578182107,0.4606849734821338,0.8908241315106276,0.09446242580108688,0.9888757121375433,0.9490693936454213,70.95842730218263,0.0,0.6717448404774834,0.9490693936454213,0.05093060635457869,0.0,1.0,0.0,0.0
0.9334133204495549,0.3631325902594622,-9.317449975448248,0.4183833377132715,0.44085511270251587,0.6342430909775426,0.7744774192759833,0.033789150948248636,143.04183937379878,0.0,0.3631325902594622,0.033789150948248636,0.9662108490517514,1.0,0.0,1.0,0.0
0.18673299409737099,0.34594951786320294,-39.12188003068701,0.4690603402211536,0.3341364118761734,0.10736111845066776,0.14562873852545144,0.03343798556109767,125.8348719460256,0.0,0.34594951786320294,0.03343798556109767,0.9665620144389023,1.0,0.0,0.0,0.0
0.9544476948529885,0.11567522364811655,-3.2241304198150758,0.7333615147320935,0.6374988029341632,0.6452777553235629,0.8267276483962821,0.10691986437982137,130.66560529917584,1.0,0.11567522364811655,0.10691986437982137,0.8930801356201786,1.0,0.0,1.0,0.0
0.6970911382607585,0.5868204450735637,-10.033255738602321,0.07227170901135149,0.690701039499166,0.5340277303847177,0.3791608639799434,0.34027498223403085,146.916568588387,0.0,0.5868204450735637,0.34027498223403085,0.6597250177659691,0.0,0.0,1.0,0.0
0.8909953746442648,0.49617592610111527,-10.51661015538479,0.4021563818439675,0.10239446279317654,0.06150573645863855,0.051334371323677574,0.38015014195766994,107.21328511701789,0.0,0.49617592610111527,0.38015014195766994,0.6198498580423301,0.0,0.0,0.0,0.0
0.7179370236225695,0.7428215015848658,-56.94876186997561,0.22112326288901496,0.2742618501588997,0.5476119841428094,0.14451522390695026,0.13394121940000037,192.13044448911413,0.0,0.7428215015848658,0.13394121940000037,0.8660587805999996,0.0,0.0,1.0,1.0
0.804202907297781,0.1806549020911703,-35.60593152567054,0.35562199925756555,0.7910040740654073,0.5102129164781221,0.12784973699346702,0.7389920631562439,115.56431695148865,1.0,0.1806549020911703,0.7389920631562439,0.2610079368437561,0.0,1.0,1.0,0.0
0.26292424763214706,0.37549862202072015,-30.134606183586218,0.34311551641700944,0.24190577259175783,0.39850202880398033,0.019172910749898242,0.7724978460963139,83.932285099462,0.0,0.37549862202072015,0.7724978460963139,0.2275021539036861,0.0,0.0,0.0,0.0
0.043904613630637246,0.6536986929050792,-13.563832270579667,0.8138291315928432,0.49350918266059995,0.2053681846899853,0.7372276772498267,0.6997130771543372,94.47790277444426,0.0,0.6536986929050792,0.6997130771543372,0.30028692284566283,0.0,1.0,0.0,0.0
0.903407755862793,0.104371458082829,-1.0387056245204604,0.8602478109774646,0.6878986454790752,0.9387498882798329,0.7223111683237078,0.19045699703004593,121.90185933579365,1.0,0.104371458082829,0.19045699703004593,0.8095430029699541,1.0,0.0,1.0,0.0
0.07150302433163536,0.3896574222881154,-15.503818815767481,0.3864433509308174,0.3302941754681341,0.5953557225103119,0.872204528998895,0.04758319254611243,113.96586085796295,0.0,0.3896574222881154,0.04758319254611243,0.9524168074538876,1.0,0.0,1.0,0.0
0.1582407418152627,0.6953542507318696,-53.65652637413191,0.6648077585802445,0.2861808707979073,0.1989168137372247,0.9363525578249854,0.018524576745955867,121.28881806453965,0.0,0.6953542507318696,0.018524576745955867,0.9814754232540441,0.0,0.0,0.0,0.0
0.02162699246179378,0.483593048104329,-29.937157332334905,0.321662471394747,0.13216177752502367,0.3763875377344753,0.672262939932566,0.7823958086444591,134.30508433433994,0.0,0.483593048104329,0.7823958086444591,0.21760419135554088,0.0,0.0,0.0,0.0
0.5898343944397556,0.2006163711246527,-42.76018000634103,0.16189561005235842,0.24929535000461134,0.22488678022553177,0.5194487863912376,0.5626887557907294,192.29263891501063,0.0,0.2006163711246527,0.5626887557907294,0.4373112442092706,0.0,0.0,0.0,0.0
0.19557064710152305,0.6416757101614959,-10.96444386074863,0.5602414637830525,0.2550036525010757,0.2625502300200002,0.03925305307099991,0.3054442265484817,164.24451506047322,0.0,0.6416757101614959,0.3054442265484817,0.6945557734515183,0.0,0.0,0.0,0.0
0.04751775720711038,0.21929528250483066,-17.62605008809308,0.7826515628228766,0.4553184100619284,0.6980743384786489,0.387952168654892,0.15991324502412751,115.74092909320692,0.0,0.21929528250483066,0.15991324502412751,0.8400867549758725,1.0,0.0,1.0,0.0
0.5799678202031429,0.9480532818528903,-55.87494287467936,0.5073940938449606,0.3289197782107244,0.5083116942766945,0.023975447376531678,0.3130253547015813,174.7815406537807,0.0,0.9480532818528903,0.3130253547015813,0.6869746452984187,0.0,0.0,1.0,0.0
0.5539417338546375,0.4505824928161174,-42.868495697079624,0.2980425227913559,0.38310143359058446,0.8355707099645604,0.9672132068082684,0.4386553813503745,115.06939742468666,0.0,0.4505824928161174,0.4386553813503745,0.5613446186496255,0.0,0.0,1.0,0.0
0.8465507758198628,0.4269053206363036,-26.87890966226093,0.23094166459874443,0.7435025357790752,0.5319883182707819,0.8090345502403417,0.7807327300286697,90.100667557804,0.0,0.4269053206363036,0.7807327300286697,0.21926726997133028,0.0,1.0,1.0,0.0
0.7156355505577624,0.8000544079513714,-39.233565553056295,0.17260911290227454,0.00263215557958818,0.45090365309314817,0.3524327315388416,0.5549098338254089,86.32575296243,0.0,0.8000544079513714,0.5549098338254089,0.4450901661745911,0.0,0.0,0.0,1.0
0.8596655476664752,0.25775521562810966,-46.414223694741,0.48071405648435594,0.49885102374427426,0.21508522878509284,0.27186072672591577,0.16970523915524494,160.58442496524333,0.0,0.25775521562810966,0.16970523915524494,0.8302947608447551,1.0,0.0,0.0,0.0
0.7700890312540819,0.4623284974592826,-17.154778638898954,0.7359353919374455,0.1382755276778086,0.9661780248345367,0.821031947096431,0.2044834611958235,86.06310500444984,0.0,0.4623284974592826,0.2044834611958235,0.7955165388041765,1.0,0.0,1.0,0.0
0.12566114557958274,0.13837856254191838,-15.110292058278233,0.46965425695162355,0.7829341727398672,0.7462548943502054,0.6046127135052216,0.6863666065786795,62.56980141307985,1.0,0.13837856254191838,0.6863666065786795,0.31363339342132046,0.0,1.0,1.0,0.0
0.31177764680502196,0.6378221792594102,-59.43930279082535,0.03297694368259341,0.8518879824703832,0.6840248616920718,0.26536973312034395,0.687962840118709,170.94393367949687,0.0,0.6378221792594102,0.687962840118709,0.312037159881291,0.0,1.0,1.0,0.0
0.30679428311010126,0.03603737749918745,-4.033252518735928,0.3451798382956305,0.10648176328470638,0.4918568713931474,0.7684677956641338,0.22164731461755915,97.72860701867087,0.0,0.03603737749918745,0.22164731461755915,0.7783526853824408,1.0,0.0,0.0,0.0
0.24271498679858317,0.9916730528316782,-48.15577597616745,0.575520216966124,0.9252646416569643,0.14689656887777924,0.9708541978677002,0.9474772343956246,183.84007818815675,0.0,0.9916730528316782,0.9474772343956246,0.05252276560437541,0.0,1.0,0.0,0.0
0.21455652133000225,0.6340550560109833,-14.346511622325593,0.9860279281964297,0.18042382208137042,0.7660258995192964,0.33880116992711296,0.17562646556800232,118.9927717699397,0.0,0.6340550560109833,0.17562646556800232,0.8243735344319977,0.0,0.0,1.0,0.0
0.7938359121486164,0.46484980370405216,-27.748613987817087,0.9951594102001212,0.399109299557426,0.6154007547092398,0.36524420161537186,0.39278564632870494,157.38970548235713,0.0,0.46484980370405216,0.39278564632870494,0.6072143536712951,0.0,0.0,1.0,0.0
0.9378869760948835,0.5423589504923214,-13.896004263073209,0.08920655881696382,0.21115803743192696,0.5021316409195324,0.02001172362877479,0.2528549787625588,132.43618057549526,0.0,0.5423589504923214,0.2528549787625588,0.7471450212374412,0.0,0.0,1.0,0.0
0.014961198256300712,0.2645462862260417,-29.15815083144783,0.5731492479812457,0.9257516930553055,0.6453456232506078,0.41473580252999376,0.9303511771330678,169.8836176742912,1.0,0.2645462862260417,0.9303511771330678,0.06964882286693219,0.0,1.0,1.0,0.0
0.2000089211127476,0.13084236134881977,-19.45130185543602,0.5598831655769838,0.7896736137927557,0.7388050500786865,0.625211533857515,0.9863821716288922,134.70256221545722,1.0,0.13084236134881977,0.9863821716288922,0.01361782837110781,0.0,1.0,1.0,0.0
0.11310575650171983,0.8282735648159884,-44.88879825925746,0.7773021481439183,0.9571070960000514,0.6967955139643413,0.5960301609498011,0.4603861756750406,111.01738123935645,0.0,0.8282735648159884,0.4603861756750406,0.5396138243249594,0.0,0.0,1.0,0.0
0.35300475097183626,0.6363727057095906,-14.923612983735246,0.6785170694844144,0.19841010119356273,0.4939871801434912,0.791640072183063,0.47570407818905625,135.12725916296915,0.0,0.6363727057095906,0.47570407818905625,0.5242959218109438,0.0,0.0,0.0,0.0
0.7711360481708222,0.6612653062650915,-35.43930474705644,0.895412711194219,0.1625670686634786,0.9955164485903247,0.1188525784762372,0.014949971104238902,184.60264616082708,0.0,0.6612653062650915,0.014949971104238902,0.9850500288957611,0.0,0.0,1.0,0.0
0.24495350836595609,0.7296996274467209,-11.339077504075838,0.8589863910321168,0.9915942356641667,0.29403971003999907,0.7102433419272591,0.11539985828082822,116.95330078995892,0.0,0.7296996274467209,0.11539985828082822,0.8846001417191718,0.0,0.0,0.0,0.0
0.8479716933125904,0.36765804605910835,-24.53427716786316,0.5037734437246341,0.6459515311120451,0.9728943893876949,0.05573552650140212,0.5739615175016297,180.82402909503986,1.0,0.36765804605910835,0.5739615175016297,0.4260384824983703,0.0,0.0,1.0,0.0
0.4813827117484275,0.07852718594157282,-26.36763885499375,0.33207389082382044,0.1549417853379359,0.849034513283473,0.5215995129911216,0.9332764123790667,172.8423106444297,0.0,0.07852718594157282,0.9332764123790667,0.06672358762093333,0.0,0.0,1.0,0.0
0.6929717937736674,0.005025503365311934,-34.33059260170501,0.1974862816520323,0.9107979110488678,0.17458398467636027,0.2860600516592855,0.5168367677344992,96.8709066597311,1.0,0.005025503365311934,0.5168367677344992,0.48316323226550084,0.0,0.0,0.0,0.0
0.20986467727912117,0.5990993251027524,-54.66422863469857,0.05816775872092472,0.3722452951860714,0.7206644545078623,0.554806758273948,0.42287646846677884,139.20521899144154,0.0,0.5990993251027524,0.42287646846677884,0.5771235315332212,0.0,0.0,1.0,0.0
0.3654514846532736,0.9361463354321129,-56.70570654535354,0.6733914790298352,0.8912826648277505,0.8038847087352534,0.18404103482144674,0.29592634898028836,160.38671141899465,0.0,0.9361463354321129,0.29592634898028836,0.7040736510197116,0.0,0.0,1.0,0.0
0.08427055918076554,0.811861699832584,-16.865583323712578,0.7296066492353426,0.10024137026759139,0.7177605448162309,0.67981812521997,0.8309224908218505,65.82343387590574,0.0,0.811861699832584,0.8309224908218505,0.16907750917814945,0.0,0.0,1.0,0.0
0.023110668467792195,0.37300709987856073,-51.07270296905082,0.5583844775702219,0.9173489015067489,0.39147973033401573,0.8449503772726041,0.00024087451786647396,83.59205008428579,1.0,0.37300709987856073,0.00024087451786647396,0.9997591254821335,1.0,0.0,0.0,0.0
0.03042353965408562,0.32814718051506864,-5.508624258209828,0.09695212359898775,0.6064097767438004,0.4514959391194442,0.9384682123658125,0.12251914253709384,89.68389907031205,1.0,0.32814718051506864,0.12251914253709384,0.8774808574629062,1.0,0.0,0.0,0.0
0.029541968611493274,0.43393524963137375,-43.33002602612074,0.8699059338903209,0.6049408131977551,0.6140907379757017,0.5319106968813024,0.091850337229201,122.30261572154973,0.0,0.43393524963137375,0.091850337229201,0.908149662770799,1.0,0.0,1.0,0.0
0.9995051897085165,0.8352292908460148,-6.392456749973043,0.8232263592464995,0.10304169343098268,0.22744825406479963,0.003121651356409627,0.30351012487811146,75.20503632850895,0.0,0.8352292908460148,0.30351012487811146,0.6964898751218885,0.0,0.0,0.0,1.0
0.472793345301583,0.6771274885739019,-7.529682297715375,0.7492171650908982,0.9385855957785052,0.053898290393788795,0.01217983541654144,0.6613381138362127,100.50933743111447,0.0,0.6771274885739019,0.6613381138362127,0.33866188616378734,0.0,1.0,0.0,0.0
0.25350101610577314,0.33088708769379427,-43.81223652645815,0.5114364063015873,0.4401484472241325,0.5124285513766563,0.6727136115004362,0.3871305089711483,95.18307619990195,0.0,0.33088708769379427,0.3871305089711483,0.6128694910288517,0.0,0.0,1.0,0.0
0.16620053680874547,0.3494741195326255,-15.491611485229676,0.7567049101114696,0.6669053866842103,0.2340281753068746,0.5880862458546977,0.570689661576848,127.79726773536157,1.0,0.3494741195326255,0.570689661576848,0.429310338423152,0.0,0.0,0.0,0.0
0.5499789863838642,0.49179063262366807,-26.07261803555351,0.7155059546211288,0.10962819440343974,0.7496257521490237,0.1358861501275942,0.0666279984103747,196.65115607100546,0.0,0.49179063262366807,0.0666279984103747,0.9333720015896253,1.0,0.0,1.0,0.0
0.9569917688704415,0.06043654494056405,-33.40479351150227,0.18624493829977473,0.4853448971344181,0.8301772429995874,0.9506117747428903,0.6342526534515374,109.54679340965438,0.0,0.06043654494056405,0.6342526534515374,0.36574734654846264,0.0,1.0,1.0,0.0
0.6033255656445984,0.31200130610845034,-5.41058155007638,0.870400463105837,0.558231750279661,0.32479891538036054,0.29338967558297835,0.03341799470505946,174.21491914354135,0.0,0.31200130610845034,0.03341799470505946,0.9665820052949405,1.0,0.0,0.0,0.0
0.45038321303900797,0.3251329284002644,-31.733378700134768,0.818737990454652,0.12461420770752119,0.8576559882418273,0.897508835108354,0.9467079150338882,115.6483189391679,0.0,0.3251329284002644,0.9467079150338882,0.05329208496611182,0.0,0.0,1.0,0.0
0.21714040403767187,0.3736408184666985,-40.025274226115805,0.17615391250286005,0.6072666701014879,0.4766241605086289,0.8657009923240037,0.03210958048205825,150.1415098577177,1.0,0.3736408184666985,0.03210958048205825,0.9678904195179417,1.0,0.0,0.0,0.0
0.7629488785115611,0.759486569188307,-6.835561974268494,0.7290337428294941,0.9278100616476963,0.33265659982089146,0.5032094167515431,0.014079663282890675,60.97406222246077,0.0,0.759486569188307,0.014079663282890675,0.9859203367171093,0.0,0.0,0.0,1.0
0.2401266204515199,0.10080719713908526,-44.38731792385478,0.1770432945283974,0.02852002483864824,0.9093041464060494,0.008223131388891525,0.7360821443370854,81.30070416873231,0.0,0.10080719713908526,0.7360821443370854,0.2639178556629146,0.0,0.0,1.0,0.0
0.9122296219996,0.8927959395898858,-20.76593121784456,0.6722341498006051,0.005339141969688543,0.984871566113602,0.8778326035758144,0.895106225730092,152.29423518712207,0.0,0.8927959395898858,0.895106225730092,0.10489377426990798,0.0,0.0,1.0,1.0
0.34478692865453653,0.8936486490904808,-42.508984310928454,0.5627115433422029,0.0997309723438824,0.9219556301327502,0.14077045777121333,0.22489680573040727,138.1387821379501,0.0,0.8936486490904808,0.22489680573040727,0.7751031942695927,0.0,0.0,1.0,0.0
0.7640930002129815,0.619351305936299,-46.07196523199063,0.0009430425274903342,0.7571505803074392,0.9852073259110937,0.8099131203060904,0.46020661815661534,186.5274165958749,0.0,0.619351305936299,0.46020661815661534,0.5397933818433847,0.0,0.0,1.0,0.0
0.40984767311835,0.5249340842434675,-31.372213956259007,0.44762387266552495,0.7751907692939057,0.526768907269492,0.31671712202521607,0.2581581676584783,65.28462437544067,0.0,0.5249340842434675,0.2581581676584783,0.7418418323415217,0.0,0.0,1.0,0.0
0.583195161883046,0.2299614154010342,-51.111964679017014,0.6538299638276777,0.6812092578215488,0.752154892257666,0.5035768963385915,0.8940546052038866,191.0879854757519,1.0,0.2299614154010342,0.8940546052038866,0.10594539479611342,0.0,1.0,1.0,0.0
0.8073709397924894,0.6355934820081872,-41.77674278452868,0.9829449216202212,0.27413616719193834,0.20265692199043106,0.44215411378658276,0.05684057071238846,196.9892250540507,0.0,0.6355934820081872,0.05684057071238846,0.9431594292876115,0.0,0.0,0.0,0.0
0.5884335564164248,0.5569520916641753,-20.652223206016807,0.49702364777720665,0.03206351709454158,0.6123112888403968,0.7161738769564306,0.41674906062405315,166.021380089967,0.0,0.5569520916641753,0.41674906062405315,0.5832509393759469,0.0,0.0,1.0,0.0
0.22700129933842061,0.22127659106618403,-50.31498073874556,0.37199475978916186,0.8470120353890835,0.8279120621490643,0.3828242079635038,0.5891187359802366,160.91428430648818,1.0,0.22127659106618403,0.5891187359802366,0.41088126401976344,0.0,0.0,1.0,0.0
0.24120677462802298,0.16814108589474708,-1.6742404072613368,0.6175573132096185,0.9814157218336639,0.3377559871322291,0.7030316999741315,0.22260363654123771,96.56802397834781,1.0,0.16814108589474708,0.22260363654123771,0.7773963634587623,1.0,0.0,0.0,0.0
0.511902121269624,0.3196181255080712,-49.94270616956493,0.262880701989326,0.03574839446586464,0.7044236214774866,0.4921166570858616,0.09424306640452562,84.03715903798877,0.0,0.3196181255080712,0.09424306640452562,0.9057569335954744,1.0,0.0,1.0,0.0
0.10253453811264401,0.6125928082758765,-54.34737818325037,0.7542823330352161,0.020510919320391174,0.2493757879958921,0.8906666758919072,0.718531318122246,70.21556660959628,0.0,0.6125928082758765,0.718531318122246,0.281468681877754,0.0,0.0,0.0,0.0
0.8211261044851798,0.4930351215402048,-9.193018369870245,0.6007397744503934,0.6818330320328587,0.9935015603957081,0.23233554592401817,0.6239455747613883,124.44499460803577,0.0,0.4930351215402048,0.6239455747613883,0.37605442523861166,0.0,1.0,1.0,0.0
0.039451952922691436,0.014470641502865034,-52.84628533092848,0.6490917405385481,0.5671630879133922,0.5534295611637274,0.031856762528260085,0.46930299636000705,189.447194497954,0.0,0.014470641502865034,0.46930299636000705,0.530697003639993,0.0,0.0,1.0,0.0
0.3975918693106466,0.6249224697884563,-13.210879462611388,0.7839252791418876,0.5192800823952713,0.8579519454023363,0.39137809336374696,0.8886932147847983,93.63180329537634,0.0,0.6249224697884563,0.8886932147847983,0.11130678521520165,0.0,1.0,1.0,0.0
0.28021640699057104,0.0531206241990011,-12.265089807463028,0.4170552362327056,0.22911661391139904,0.23179027761657967,0.9013999412292332,0.8339166004610369,137.49432395000565,0.0,0.0531206241990011,0.8339166004610369,0.16608339953896312,0.0,0.0,0.0,0.0
0.6161108004157211,0.474325570550291,-36.50000742727147,0.9154768812183315,0.12561270352030207,0.41844678971622795,0.34456190798787534,0.49815072025114837,124.06846243632451,0.0,0.474325570550291,0.49815072025114837,0.5018492797488516,0.0,0.0,0.0,0.0
0.5188895316510814,0.1399189772269941,-29.211509909203375,0.24241881388721087,0.18433134898819126,0.06483421878619122,0.7626525587561409,0.42744192085655996,147.7301156636462,0.0,0.1399189772269941,0.42744192085655996,0.57255807914344,0.0,0.0,0.0,0.0
0.7275933433047433,0.6793166653135535,-31.769956854619064,0.3878985289517298,0.3759599096406637,0.6400487969300563,0.4947943549418734,0.8491322479885106,182.4582778057397,0.0,0.6793166653135535,0.8491322479885106,0.1508677520114894,0.0,0.0,1.0,0.0
0.17056037800651846,0.13623365154572564,-22.17594443784003,0.3012257480622794,0.01857071876509886,0.8886426693629551,0.22690076724380825,0.9292806516858091,160.44082312295552,0.0,0.13623365154572564,0.9292806516858091,0.07071934831419091,0.0,0.0,1.0,0.0
0.7626534899114843,0.20146149579316042,-45.94833446299123,0.5212677538240658,0.17209985264986216,0.3054316926830323,0.32146247794780447,0.1596299332527641,88.7255966753225,0.0,0.20146149579316042,0.1596299332527641,0.8403700667472359,1.0,0.0,0.0,0.0
0.7885518420082566,0.16719585454726837,-58.29255648936465,0.6293549426289384,0.97598311939245,0.3312138146231214,0.1186557031962523,0.5703873253675308,186.88958955339046,1.0,0.16719585454726837,0.5703873253675308,0.4296126746324692,0.0,0.0,0.0,0.0
0.7840617798284788,0.622515868412716,-41.09661020354404,0.54188017327622,0.09124484130425536,0.67894542428067,0.7250960188976509,0.9650316229099188,96.45563022431003,0.0,0.622515868412716,0.9650316229099188,0.03496837709008116,0.0,0.0,1.0,0.0
0.018456419043022643,0.5456084644271506,-17.59256973619113,0.790407475882988,0.1937389330248106,0.26175286903702366,0.5125909252672963,0.33060080997000185,180.4716081222423,0.0,0.5456084644271506,0.33060080997000185,0.6693991900299981,0.0,0.0,0.0,0.0
0.47376015373872027,0.799578644102003,-25.162814371058772,0.773090141617112,0.33267298653032384,0.8314166219303112,0.2745723155510216,0.5460988080032908,89.96099584434239,0.0,0.799578644102003,0.5460988080032908,0.4539011919967092,0.0,0.0,1.0,0.0
0.47552652162619335,0.31817520950870315,-43.997794161767146,0.9669850180280375,0.16007410548673062,0.7873258374573953,0.9841649594832149,0.01990148374007783,157.8638379658933,0.0,0.31817520950870315,0.01990148374007783,0.9800985162599222,1.0,0.0,1.0,0.0
0.2529118055562871,0.040487824328304445,-35.82662526260215,0.935217810170875,0.011765094366997686,0.5878856919297817,0.5013964785953243,0.8733841643710475,71.7602400328876,0.0,0.040487824328304445,0.8733841643710475,0.1266158356289525,0.0,0.0,1.0,0.0
0.6815260298866503,0.6801096984332773,-19.855198988263005,0.942334494935037,0.8230875290068804,0.04197272624350601,0.47108285070451317,0.3979530562013335,103.42061095271228,0.0,0.6801096984332773,0.3979530562013335,0.6020469437986665,0.0,0.0,0.0,0.0
0.4513367251540973,0.38419418492597746,-34.05996600728008,0.9792618656086425,0.08863297474958076,0.9222308698387298,0.4802367134710267,0.6237422454995412,176.22561532647714,0.0,0.38419418492597746,0.6237422454995412,0.37625775450045884,0.0,0.0,1.0,0.0
0.36046302914925554,0.4304219080879669,-35.42889118327716,0.37473102253575985,0.9255293216468949,0.8289298911930121,0.1089999898629761,0.10812335247709604,119.90173207941876,0.0,0.4304219080879669,0.10812335247709604,0.891876647522904,1.0,0.0,1.0,0.0
0.09865737673280905,0.6190930952711197,-51.37850356429597,0.5223732639668011,0.007219947003717753,0.3165963484126467,0.6771907236726554,0.48403894022784844,196.95772803985832,0.0,0.6190930952711197,0.48403894022784844,0.5159610597721516,0.0,0.0,0.0,0.0
0.8741037960662108,0.3590707790431512,-57.27080751166353,0.8456263001150188,0.9112343103146714,0.8206273934190368,0.12794994091976486,0.9979151344122877,96.20179101738833,1.0,0.3590707790431512,0.9979151344122877,0.002084865587712259,0.0,1.0,1.0,0.0
0.7242049128083701,0.9080348763357216,-45.85877314015743,0.9082585546770661,0.30948157919486696,0.9764132223840561,0.2812600203804746,0.9534358247578352,67.49625112497449,0.0,0.9080348763357216,0.9534358247578352,0.04656417524216483,0.0,0.0,1.0,1.0
0.709272011669813,0.5321111338370037,-31.327375372636162,0.22349431425584,0.705595789776492,0.1908094914463071,0.5528417959847682,0.2532453630402508,193.78699316938986,0.0,0.5321111338370037,0.2532453630402508,0.7467546369597492,0.0,0.0,0.0,0.0
0.028631193835652824,0.19972828011123656,-45.46136361675313,0.4140678257678164,0.23273024187005353,0.49134909026878526,0.872465523258539,0.7120634214091708,141.19467727491553,0.0,0.19972828011123656,0.7120634214091708,0.2879365785908292,0.0,0.0,0.0,0.0
0.08900317798267965,0.6939921083892756,-50.01514294134361,0.786367385961698,0.2500567585101532,0.4170487283209009,0.3504702023179279,0.8588139146748568,77.71622421987715,0.0,0.6939921083892756,0.8588139146748568,0.1411860853251432,0.0,0.0,0.0,0.0
0.5656448823847886,0.14206160944306223,-17.7122498320688,0.9050781277944812,0.4346076538672534,0.4880922602649759,0.9274228364827622,0.5209913886493571,128.26378132693853,0.0,0.14206160944306223,0.5209913886493571,0.4790086113506429,0.0,0.0,0.0,0.0
0.5783291027043042,0.6892297363629519,-53.58699749477812,0.821110527741516,0.43550502745325925,0.07234850989748554,0.7861826691982131,0.3769499716862721,74.05144931330756,0.0,0.6892297363629519,0.3769499716862721,0.6230500283137279,0.0,0.0,0.0,0.0
0.6337790395432505,0.8801313534336417,-6.73478943516082,0.9576634748089732,0.867705459766688,0.002140919345475223,0.38024116641339023,0.818542579905503,111.27542083978639,0.0,0.8801313534336417,0.818542579905503,0.18145742009449695,0.0,1.0,0.0,1.0
0.6015485063797061,0.606316947374532,-38.09848175767061,0.9044739272812876,0.5032283453861176,0.4647842059375008,0.9975137456618959,0.49350036407261666,84.97575527000134,0.0,0.606316947374532,0.49350036407261666,0.5064996359273833,0.0,0.0,0.0,0.0
0.513069422863438,0.81401673551993,-13.388380386103115,0.788581765108471,0.7080237839979118,0.2542178290666882,0.8620840858402314,0.8934434653762651,87.18137752659686,0.0,0.81401673551993,0.8934434653762651,0.10655653462373493,0.0,1.0,0.0,0.0
0.13045563655139392,0.975604968589112,-7.9005621809779285,0.8932361472099467,0.8863763846243952,0.5416868240337284,0.6464017366657997,0.5453628521336417,67.16888888664607,0.0,0.975604968589112,0.5453628521336417,0.45463714786635834,0.0,0.0,1.0,0.0
0.7455030853527727,0.5053320333358803,-21.137455512586214,0.5026398049755353,0.49181132232245595,0.17178910947776682,0.27871371514114895,0.1588526919439558,87.39328138754794,0.0,0.5053320333358803,0.1588526919439558,0.8411473080560442,0.0,0.0,0.0,0.0
0.9729773804203049,0.15311344577219843,-43.84377454168754,0.590589657738585,0.6101785762366418,0.15397412974382907,0.7937174257852123,0.785202867912825,93.22447858854476,1.0,0.15311344577219843,0.785202867912825,0.214797132087175,0.0,1.0,0.0,0.0
0.28866630267546045,0.937987865459497,-10.459713241231313,0.6977970330625238,0.08223322151060053,0.4182640809025757,0.559301872076827,0.18741128798377693,122.75172149515143,0.0,0.937987865459497,0.18741128798377693,0.8125887120162231,0.0,0.0,0.0,0.0
0.60102587748869,0.3273766801153992,-13.143310862970772,0.8404495816388055,0.32360946943407076,0.8386571544924571,0.10357656610301502,0.8377290986226563,81.38506043346632,0.0,0.3273766801153992,0.8377290986226563,0.16227090137734368,0.0,0.0,1.0,0.0
0.08292715250972604,0.6417754044410112,-31.68375805468234,0.9078906004128328,0.3631891960908492,0.2871522634376287,0.5007349061441984,0.4559461857686613,108.21992647040636,0.0,0.6417754044410112,0.4559461857686613,0.5440538142313387,0.0,0.0,0.0,0.0
0.6937412986983286,0.7595618339139083,-8.8209618581918,0.9728566047103429,0.26665619213250447,0.7160934824899615,0.39425823549574524,0.6770819719511081,126.63743664889084,0.0,0.7595618339139083,0.6770819719511081,0.3229180280488919,0.0,0.0,1.0,1.0
0.9937731027679316,0.7289021357907499,-2.8505219739405305,0.8349695494811857,0.9029010111633711,0.8144191972146749,0.4591591303759114,0.2517884533468844,111.8448245630731,0.0,0.7289021357907499,0.2517884533468844,0.7482115466531156,0.0,0.0,1.0,1.0
0.020236232639950447,0.5239931674646672,-29.69653198377548,0.5252504648304882,0.9740312249720638,0.9114540034548393,0.161712778330108,0.3688825215558892,119.35386512485667,0.0,0.5239931674646672,0.3688825215558892,0.6311174784441108,0.0,0.0,1.0,0.0
0.36053291785164776,0.7984959636039131,-28.557739807944785,0.572099816971625,0.8530135589879255,0.8059281534153586,0.1322115228202997,0.7139145840836343,120.96105804628498,0.0,0.7984959636039131,0.7139145840836343,0.2860854159163657,0.0,1.0,1.0,0.0
0.29464890306250047,0.050018820902186345,-30.765026379272943,0.3554366807245314,0.2515130396764008,0.6946717295969576,0.769485387315587,0.2447895190294248,66.92264113510862,0.0,0.050018820902186345,0.2447895190294248,0.7552104809705752,1.0,0.0,1.0,0.0
0.848752700565235,0.009959741204303318,-3.7732503647116786,0.6276198739827059,0.3218466352013203,0.2464779095767362,0.009005664264475244,0.23547141701087715,79.28196221239975,0.0,0.009959741204303318,0.23547141701087715,0.7645285829891229,1.0,0.0,0.0,0.0
0.6121662207231456,0.1665455885938013,-28.282209747802842,0.5901164223444708,0.2980416983469145,0.035064949018718705,0.0372538806141961,0.026347332193917605,163.47745339911648,0.0,0.1665455885938013,0.026347332193917605,0.9736526678060824,1.0,0.0,0.0,0.0
0.31800970481429813,0.7963001859676636,-34.09603056942905,0.45299810082996383,0.5128826025095737,0.7130314563751039,0.27350286582970706,0.1215873495335269,137.8480269268046,0.0,0.7963001859676636,0.1215873495335269,0.8784126504664731,0.0,0.0,1.0,0.0
0.32697762324273927,0.4424913136680374,-21.183197499761675,0.4941257411412706,0.6202788171008429,0.5442000021136278,0.7397963719360992,0.70593661771162,134.7865848532067,0.0,0.4424913136680374,0.70593661771162,0.29406338228838,0.0,1.0,1.0,0.0
0.6789030208597069,0.8735596022726128,-34.063722732709884,0.41276307274879365,0.7642456208523801,0.582553837041994,0.07100678022258855,0.8921120156910813,64.30963431326961,0.0,0.8735596022726128,0.8921120156910813,0.10788798430891866,0.0,1.0,1.0,1.0
0.7483963562097431,0.7587941427043129,-2.813334883084174,0.054134408402320755,0.596856860784491,0.42784057062705294,0.330632954859542,0.09031856029907304,138.77157675398328,0.0,0.7587941427043129,0.09031856029907304,0.909681439700927,0.0,0.0,0.0,1.0
0.47904072567461364,0.10455445815102427,-23.250629574174994,0.7379531202529385,0.7672783010536482,0.9053731882624274,0.4094707418887772,0.953072768622137,181.16011671157605,1.0,0.10455445815102427,0.953072768622137,0.04692723137786303,0.0,1.0,1.0,0.0
0.29650157102393904,0.15928303734945848,-33.8766362323192,0.4018987079559666,0.5757193053312043,0.583386232327748,0.7499869843799752,0.5098899482056102,74.67516973170717,0.0,0.15928303734945848,0.5098899482056102,0.4901100517943898,0.0,0.0,1.0,0.0
0.8582913355531061,0.30976458318518707,-1.7221523816044808,0.11786010867977015,0.9582511722325032,0.09101180688251698,0.23103613794705946,0.04657994208654159,158.71584052945929,1.0,0.30976458318518707,0.04657994208654159,0.9534200579134584,1.0,0.0,0.0,0.0
0.8502987365717918,0.4340710818159804,-4.288675497454221,0.5902990717555996,0.6300071354465232,0.8454192017007699,0.2968002050518389,0.3542657213276258,186.8332686872502,0.0,0.4340710818159804,0.3542657213276258,0.6457342786723742,0.0,0.0,1.0,0.0
0.9009634960387638,0.9764827762008709,-5.889701013499732,0.1273720360333609,0.8237242861369873,0.40983847810959406,0.9908013559459379,0.47228096432880107,137.53705155031088,0.0,0.9764827762008709,0.47228096432880107,0.5277190356711989,0.0,0.0,0.0,1.0
0.5297749152567985,0.3217370298582778,-55.49867466642491,0.8956512304019185,0.8026758125262868,0.13952678055966927,0.7767682713500729,0.62584666605061,117.28013030846712,1.0,0.3217370298582778,0.62584666605061,0.37415333394939,0.0,1.0,0.0,0.0
0.2540211490955627,0.8597287835022325,-17.98870444235682,0.5477399094691369,0.6095685338984641,0.09106618208218098,0.4739197609111919,0.193700292785702,89.17371506123555,0.0,0.8597287835022325,0.193700292785702,0.806299707214298,0.0,0.0,0.0,0.0
0.6613039622868667,0.9112561518342881,-35.77460337129921,0.20774927301219037,0.6487469372366542,0.8711870463503177,0.7483188011224908,0.8687572305365872,135.1176539415119,0.0,0.9112561518342881,0.8687572305365872,0.13124276946341284,0.0,1.0,1.0,1.0
0.7518762443691909,0.14006455935893647,-39.10352307820851,0.38954916448152244,0.5112957462460346,0.9290763602568237,0.8742965602221743,0.13452549228918453,84.19055126354485,0.0,0.14006455935893647,0.13452549228918453,0.8654745077108155,1.0,0.0,1.0,0.0
0.35764054958891134,0.2907438658906739,-23.11374281062426,0.9027760477645449,0.9622915416725868,0.6536029525352265,0.8381592014010867,0.5252022002307971,89.16577256040556,1.0,0.2907438658906739,0.5252022002307971,0.4747977997692029,0.0,0.0,1.0,0.0
0.5246884120934774,0.5550826014376511,-15.452546147186602,0.2198829897073491,0.3683103820867317,0.3640274692145663,0.9594395957411649,0.44394496032671893,165.7131554217405,0.0,0.5550826014376511,0.44394496032671893,0.5560550396732811,0.0,0.0,0.0,0.0
0.750811381374439,0.2655441848032414,-25.687818637696076,0.8943028933186481,0.47519771945694944,0.9451175073425461,0.2144582293241616,0.07415910577403073,184.8035422402649,0.0,0.2655441848032414,0.07415910577403073,0.9258408942259693,1.0,0.0,1.0,0.0
0.8476811979622166,0.9925898759338447,-19.236390713254437,0.9366879266671495,0.8269490250841108,0.8444263331200869,0.5691415704542683,0.38236459791671085,190.83813015605946,0.0,0.9925898759338447,0.38236459791671085,0.6176354020832892,0.0,0.0,1.0,1.0
0.43211717561589447,0.5388193672496691,-33.233141572488734,0.5648183139601971,0.4705050789923272,0.04796755857947588,0.8820481860076986,0.4443938189157698,142.45211079102882,0.0,0.5388193672496691,0.4443938189157698,0.5556061810842302,0.0,0.0,0.0,0.0
0.13918780275798703,0.003387847982639136,-45.28259438138142,0.7045860321333502,0.0991945301128786,0.9088874403864678,0.21502256935618458,0.2045936142917758,85.41111462700937,0.0,0.003387847982639136,0.2045936142917758,0.7954063857082242,1.0,0.0,1.0,0.0
0.013981712971364746,0.7718054684782346,-7.4979281252844885,0.6141627026161989,0.1881999816798623,0.28527799694087974,0.4759266973649633,0.9543459516233008,94.629192054484,0.0,0.7718054684782346,0.9543459516233008,0.045654048376699174,0.0,0.0,0.0,0.0
0.731645903919888,0.4394482232929203,-42.12915909839869,0.45591593702211375,0.07120671754123253,0.7986873709303625,0.24330192798296713,0.7254121231929704,69.56877200274727,0.0,0.4394482232929203,0.7254121231929704,0.27458787680702956,0.0,0.0,1.0,0.0
0.9550985561656861,0.1930149854056986,-7.035475427575172,0.8094732096154345,0.967859924081416,0.4778906609457496,0.7273972938459515,0.37071065703778405,85.81155332275713,1.0,0.1930149854056986,0.37071065703778405,0.629289342962216,0.0,0.0,0.0,0.0
0.4430759329334488,0.16574901538845488,-1.0773226328169656,0.09624649114071637,0.5892117234526204,0.6264638552540559,0.5380795428740542,0.6621858857118336,76.26530850166473,0.0,0.16574901538845488,0.6621858857118336,0.33781411428816643,0.0,1.0,1.0,0.0
0.5550185242052911,0.28721257112736154,-3.5894362019366,0.7620716534397257,0.9725144821597427,0.037556069740189546,0.2851331751807087,0.195422586638349,61.56164222365627,1.0,0.28721257112736154,0.195422586638349,0.804577413361651,1.0,0.0,0.0,0.0
0.24232573024632142,0.6787759835204289,-46.13466467192589,0.5090034454826182,0.8878181149649986,0.6937579203490752,0.39462906990603197,0.3724689389121083,123.80301396118787,0.0,0.6787759835204289,0.3724689389121083,0.6275310610878917,0.0,0.0,1.0,0.0
0.17704144105990638,0.6340007674159881,-38.15083085372367,0.8523653492620437,0.7565526600578163,0.61051316409216,0.36420222264951607,0.2099318316734844,168.66126097478718,0.0,0.6340007674159881,0.2099318316734844,0.7900681683265156,0.0,0.0,1.0,0.0
0.48640909899108653,0.2247500381773575,-48.28952309759963,0.16540090450135903,0.777161196205595,0.2289871853003117,0.5266422635251975,0.45154636097305645,141.14552589195975,1.0,0.2247500381773575,0.45154636097305645,0.5484536390269436,0.0,0.0,0.0,0.0
0.8771549003711943,0.8677473900817306,-32.93543569050842,0.015366250734723308,0.4264438057143032,0.6061935374241404,0.5577647590980618,0.6513361058002055,81.57060254623168,0.0,0.8677473900817306,0.6513361058002055,0.3486638941997945,0.0,1.0,1.0,1.0
0.6465350987807326,0.18265161874377223,-14.968561158195058,0.33908761326268,0.7098954333814536,0.04786559890610709,0.4078600255909134,0.7050345222633327,91.76187228640919,1.0,0.18265161874377223,0.7050345222633327,0.29496547773666726,0.0,1.0,0.0,0.0
0.7952870447972226,0.630779733104932,-24.746293671012097,0.3535488542043371,0.4824514703811176,0.5973493009778531,0.47246211391489046,0.6983133239405601,120.71757063497434,0.0,0.630779733104932,0.6983133239405601,0.3016866760594399,0.0,1.0,1.0,0.0
0.20227318174203035,0.21393378280104725,-59.651773869423536,0.30095771555867246,0.7489176404785196,0.7941627088376095,0.20246754209575002,0.9590439968714077,130.33639108721775,1.0,0.21393378280104725,0.9590439968714077,0.04095600312859227,0.0,1.0,1.0,0.0
0.9169787490185026,0.7067652818616311,-16.65399461865521,0.08504362130607113,0.21999112689693068,0.008814833294472635,0.7161276404767375,0.34443828842851,170.13135225068856,0.0,0.7067652818616311,0.34443828842851,0.65556171157149,0.0,0.0,0.0,1.0
0.3389362199370263,0.8193337522988611,-52.15810477510122,0.1733731567575082,0.3408765395839365,0.4084873888822733,0.3487028108429784,0.7636470325232199,73.57319496774005,0.0,0.8193337522988611,0.7636470325232199,0.23635296747678014,0.0,0.0,0.0,0.0
0.35121701963848806,0.8372399995154594,-55.992175364269684,0.9423435076713574,0.9863168422720129,0.08856817382508009,0.29127252225573697,0.37240066603535615,168.69479161138165,0.0,0.8372399995154594,0.37240066603535615,0.6275993339646438,0.0,0.0,0.0,0.0
0.5959268121167338,0.6443657004925674,-14.54941063088964,0.11797899943702572,0.8332094569102624,0.705619804180144,0.5773417251963703,0.8897353347830567,158.042889543733,0.0,0.6443657004925674,0.8897353347830567,0.11026466521694334,0.0,1.0,1.0,0.0
0.2016999626310254,0.42974538107566673,-30.357427983856002,0.055217626750405646,0.9546375133600558,0.12857726079687848,0.6974612672267269,0.5062310360908802,63.58851498381916,0.0,0.42974538107566673,0.5062310360908802,0.49376896390911984,0.0,0.0,0.0,0.0
0.9247474758643617,0.8518368088189332,-28.54452432576987,0.22894233613944526,0.12162289068009424,0.3633924794321266,0.2554282810460905,0.5066912010062987,195.29730145728004,0.0,0.8518368088189332,0.5066912010062987,0.4933087989937013,0.0,0.0,0.0,1.0
0.5749534932296414,0.8899310558900979,-20.94726975025337,0.47524652658720046,0.8546075627333712,0.4713681101729975,0.868628170510361,0.2915767695757653,78.03383032681833,0.0,0.8899310558900979,0.2915767695757653,0.7084232304242347,0.0,0.0,0.0,0.0
0.8553144643629383,0.5874151637926668,-6.654456105062394,0.9378272069923832,0.053628390371449175,0.5009693018588683,0.37496454907452925,0.6258583970701171,171.10276760832528,0.0,0.5874151637926668,0.6258583970701171,0.37414160292988285,0.0,0.0,1.0,0.0
0.28059021597436895,0.5567983843731716,-17.476285205706027,0.13443108283573402,0.8140669059512669,0.6061095998529731,0.9495374371136518,0.3395289191306933,75.14043192720781,0.0,0.5567983843731716,0.3395289191306933,0.6604710808693067,0.0,0.0,1.0,0.0
0.5065012010369253,0.08581077170943885,-1.828408600559591,0.03868495825719154,0.753503901107308,0.525102398142244,0.3686206524982887,0.06584216450865465,147.1033693843051,1.0,0.08581077170943885,0.06584216450865465,0.9341578354913453,1.0,0.0,1.0,0.0
0.5852203293909553,0.28088327306759975,-5.386697915381276,0.3041100073428369,0.44972541059210613,0.5437624559186557,0.1002318781762861,0.9321617192136323,112.43506134314575,0.0,0.28088327306759975,0.9321617192136323,0.06783828078636767,0.0,1.0,1.0,0.0
0.08077921387434361,0.38729117367532995,-23.987847174445157,0.5136526718213296,0.694541974037274,0.05548394206791063,0.2845406102720561,0.8192305768401023,71.18511629079052,1.0,0.38729117367532995,0.8192305768401023,0.18076942315989775,0.0,1.0,0.0,0.0
0.8554859546959576,0.09189609207710625,-9.932747106498226,0.3607884010787267,0.6122090632572158,0.15288711564799817,0.06616872172518085,0.21593820402013508,77.89953450721737,1.0,0.09189609207710625,0.21593820402013508,0.7840617959798649,1.0,0.0,0.0,0.0
0.3124058976796318,0.5143832465110202,-24.67443218609943,0.7898681073797429,0.6562398932483586,0.608758325129553,0.41178202748577464,0.4738084349601387,118.03291611462535,0.0,0.5143832465110202,0.4738084349601387,0.5261915650398613,0.0,0.0,1.0,0.0
0.8421660300613831,0.23000045254839985,-59.656744107482126,0.6513198972262393,0.2024621836388314,0.8901151363098093,0.8590463297066561,0.07672737192820589,74.89437675797083,0.0,0.23000045254839985,0.07672737192820589,0.9232726280717941,1.0,0.0,1.0,0.0
0.4951715922466663,0.6092226627693547,-43.50549975106556,0.7167977166993706,0.5949160209188715,0.3248241097485547,0.025371488042315593,0.7501502812985177,90.06551321551157,0.0,0.6092226627693547,0.7501502812985177,0.24984971870148232,0.0,1.0,0.0,0.0
0.8344737434626284,0.4202902600542552,-25.375353442094074,0.8729487304090019,0.8636230009199534,0.37151957524357326,0.20888889271484312,0.7751460777285947,120.63122850429836,0.0,0.4202902600542552,0.7751460777285947,0.22485392227140533,0.0,1.0,0.0,0.0
0.1920419935590041,0.9044253423171502,-48.11374834553476,0.025807168191231078,0.020279973767419968,0.6223153564542643,0.6616750607175304,0.3110417050569839,104.80153849458887,0.0,0.9044253423171502,0.3110417050569839,0.6889582949430161,0.0,0.0,1.0,0.0
0.33949391505994275,0.6801585467588787,-56.51197253839028,0.9291163526913256,0.22252104417744645,0.9996732052420922,0.17152269378718699,0.7715464573123775,91.27775629014751,0.0,0.6801585467588787,0.7715464573123775,0.22845354268762252,0.0,0.0,1.0,0.0
0.08084680164325397,0.8749333243506489,-8.474924448546489,0.40357039244960136,0.7023961425404268,0.5570659326839171,0.8529561136737488,0.3150559693186544,133.3141359998579,0.0,0.8749333243506489,0.3150559693186544,0.6849440306813456,0.0,0.0,1.0,0.0
0.48537237120455046,0.35390582625685874,-6.512696126617662,0.16587792466253548,0.14950863952069615,0.5769095353227514,0.657494229984942,0.19461925432456517,114.70044191564737,0.0,0.35390582625685874,0.19461925432456517,0.8053807456754348,1.0,0.0,1.0,0.0
0.9465638429787437,0.246617422690674,-19.898357872956353,0.7401493936975908,0.44812869946515954,0.937525986759583,0.7366567352187905,0.45792457986089785,139.70692824865316,0.0,0.246617422690674,0.45792457986089785,0.5420754201391021,0.0,0.0,1.0,0.0
0.6926134434251007,0.5921901804292182,-7.278144970435449,0.35688866228040117,0.29988574005580493,0.2138388894952643,0.037782968064595135,0.043013964380055336,181.8077270352996,0.0,0.5921901804292182,0.043013964380055336,0.9569860356199447,0.0,0.0,0.0,0.0
0.6783931464059073,0.6605324154364861,-23.121430863906838,0.8492191446941049,0.48026692566562745,0.8704108285583003,0.35944502618223917,0.9267075043390905,157.81197721137363,0.0,0.6605324154364861,0.9267075043390905,0.07329249566090945,0.0,1.0,1.0,0.0
0.25717713602442727,0.5640849216886251,-28.018166310704665,0.13789882173033396,0.5912429057506141,0.31478562371695795,0.05234876680960243,0.9486561577065649,149.8086516690003,0.0,0.5640849216886251,0.9486561577065649,0.05134384229343514,0.0,1.0,0.0,0.0
0.876918931870847,0.6760560050132531,-38.58097847159323,0.5126880723288114,0.6757467603471771,0.9602523252014376,0.2536694591216965,0.8749770586241177,189.3708927411977,0.0,0.6760560050132531,0.8749770586241177,0.12502294137588232,0.0,1.0,1.0,0.0
0.6704155146589565,0.9312666274013378,-36.12728475135789,0.9530161760404428,0.7027828771659749,0.0420057674188119,0.9068728318190528,0.48447280903319256,124.4457778688966,0.0,0.9312666274013378,0.48447280903319256,0.5155271909668074,0.0,0.0,0.0,1.0
0.5664666059796343,0.14938454677122792,-31.85003708595608,0.8311272167177457,0.015482459137515336,0.2729171603243713,0.00245458644384422,0.41571130914984833,161.96417146912285,0.0,0.14938454677122792,0.41571130914984833,0.5842886908501517,0.0,0.0,0.0,0.0
0.7987718291146285,0.9451897611270066,-23.48972322175281,0.25462686665289547,0.924147949136699,0.7753157538803761,0.5744284830031445,0.695640215718936,189.40428970104008,0.0,0.9451897611270066,0.695640215718936,0.304359784281064,0.0,1.0,1.0,1.0
0.7123940284729217,0.368374507584734,-17.2183078626542,0.04027816273538787,0.38641556183058123,0.4063230318455793,0.16683823442083467,0.023085480551770177,78.67337312928399,0.0,0.368374507584734,0.023085480551770177,0.9769145194482298,1.0,0.0,0.0,0.0
0.6546214957970551,0.8022888163636875,-0.7077904363815506,0.3463635031084943,0.5993792222611017,0.9371449668151219,0.16704178133815262,0.7176455863427427,165.69702264088284,0.0,0.8022888163636875,0.7176455863427427,0.28235441365725733,0.0,1.0,1.0,1.0
0.08897553586933837,0.861249385183065,-11.213697173349367,0.033403006577434446,0.09108441488005148,0.04912689389185232,0.3347435317993622,0.5092889906799262,134.52868191364803,0.0,0.861249385183065,0.5092889906799262,0.49071100932007383,0.0,0.0,0.0,0.0
0.26766675976944265,0.9115968865602742,-37.90423260768521,0.0455501559653525,0.30022711154138637,0.5311094225441555,0.40822182258823203,0.27384251909925916,78.38525496700444,0.0,0.9115968865602742,0.27384251909925916,0.7261574809007408,0.0,0.0,1.0,0.0
0.8191645000962298,0.9961452421241919,-40.227471988567075,0.3816210441766039,0.618037524676957,0.7184414747355413,0.39202953480359126,0.9049295169818152,138.40055849204856,0.0,0.9961452421241919,0.9049295169818152,0.09507048301818477,0.0,1.0,1.0,1.0
0.450390076405931,0.6466727531599051,-2.8317691050496094,0.7945522944217055,0.04001313053512434,0.33230991073995964,0.4705446849512227,0.31451757220910526,158.0262585162639,0.0,0.6466727531599051,0.31451757220910526,0.6854824277908947,0.0,0.0,0.0,0.0
0.826269149862581,0.7313450951852716,-0.640002790303484,0.2725476478930291,0.8749894950244215,0.7666226651744862,0.3621787575581461,0.7341245436569687,74.57063389855458,0.0,0.7313450951852716,0.7341245436569687,0.26587545634303134,0.0,1.0,1.0,1.0
0.7893334823405523,0.5323306025871026,-42.46258963744481,0.6557773017841801,0.641619998714409,0.2094862227195997,0.030397414811526136,0.4336225869016739,139.73166170821895,0.0,0.5323306025871026,0.4336225869016739,0.5663774130983261,0.0,0.0,0.0,0.0
0.8766052783705984,0.9282167956475944,-28.271686910594017,0.7538034837685449,0.43930327232799693,0.746082156572893,0.20480152493916692,0.3710647348035314,148.7919198339061,0.0,0.9282167956475944,0.3710647348035314,0.6289352651964686,0.0,0.0,1.0,1.0
0.01815796560707883,0.722461310338954,-9.867869923909993,0.39914166109395144,0.4479424171771643,0.851282212216531,0.7756546353260334,0.288149489033375,105.35665491861545,0.0,0.722461310338954,0.288149489033375,0.711850510966625,0.0,0.0,1.0,0.0
0.6788782323905966,0.5631980924481612,-50.26622573421018,0.3099299092291664,0.8999832768786541,0.6881744367222634,0.9859743176855195,0.7670125299807694,191.87642050010263,0.0,0.5631980924481612,0.7670125299807694,0.2329874700192306,0.0,1.0,1.0,0.0
0.2161885738704754,0.7714848748169257,-58.786948791132154,0.6707600217115339,0.46928227812024137,0.34676007192006864,0.8624043522930891,0.8542676926575307,63.1222386858101,0.0,0.7714848748169257,0.8542676926575307,0.14573230734246934,0.0,1.0,0.0,0.0
0.609505122449431,0.3678322243209564,-35.06033990997305,0.832040739218776,0.3098397715276783,0.9430488106376201,0.17963382637214076,0.6627224233681778,154.09470938192706,0.0,0.3678322243209564,0.6627224233681778,0.33727757663182223,0.0,0.0,1.0,0.0
0.2521951614279182,0.324750608967202,-9.912090445203575,0.7618052549549524,0.32909588031475956,0.5339565469349339,0.06168029625309546,0.20874588239862923,128.01487824045586,0.0,0.324750608967202,0.20874588239862923,0.7912541176013708,1.0,0.0,1.0,0.0
0.0859737352792116,0.8433323548919375,-16.919627393541127,0.9436336706484948,0.6934669059640272,0.9404013722621856,0.554512555690965,0.6002186110619694,196.77594764767653,0.0,0.8433323548919375,0.6002186110619694,0.3997813889380306,0.0,1.0,1.0,0.0
0.6421291468642604,0.0307865688607466,-16.5718334021686,0.9054686921374157,0.7955802497943266,0.5838332726254226,0.6713035130935163,0.9901917892516717,72.69269239130736,1.0,0.0307865688607466,0.9901917892516717,0.009808210748328272,0.0,1.0,1.0,0.0
0.6672448286332395,0.2833976945705938,-21.5945762048298,0.6076235758839388,0.15345683210816208,0.20674664574023915,0.6216295780432135,0.12822994730377413,97.1253225182452,0.0,0.2833976945705938,0.12822994730377413,0.8717700526962259,1.0,0.0,0.0,0.0
0.8352455477380024,0.3270915060016386,-30.716390623820224,0.9411403351458403,0.2271490888369463,0.3896260173580104,0.6064577755435456,0.7553389295039722,186.2314741397787,0.0,0.3270915060016386,0.7553389295039722,0.2446610704960278,0.0,0.0,0.0,0.0
0.9154729875735151,0.776640074372623,-46.30014980440137,0.024809330042565803,0.3837739303556238,0.14154885098782333,0.7103876474382981,0.6611305868257168,66.15602982700368,0.0,0.776640074372623,0.6611305868257168,0.3388694131742832,0.0,0.0,0.0,1.0
0.8365937791309511,0.24874326629118226,-34.066375470537466,0.6679337354557424,0.4294187868522533,0.4412878027999434,0.06562799533574037,0.4014435492600038,167.07870505079768,0.0,0.24874326629118226,0.4014435492600038,0.5985564507399962,0.0,0.0,0.0,0.0
0.9151763371865977,0.41349713706337177,-34.58485038725527,0.7026271063236521,0.9427720011052766,0.2670609402393602,0.44014420653793684,0.7959732435523011,145.3570997123654,0.0,0.41349713706337177,0.7959732435523011,0.20402675644769885,0.0,1.0,0.0,0.0
0.11058634396395473,0.6277327355622657,-48.795222924160385,0.5102159340784042,0.5291032676604385,0.8762033622249848,0.46249427401243814,0.2794424222358942,92.33528875024442,0.0,0.6277327355622657,0.2794424222358942,0.7205575777641058,0.0,0.0,1.0,0.0
0.8742518766843361,0.1710108544182284,-34.44788634701138,0.187173114926947,0.7733040401143754,0.474372639974619,0.35114369055681205,0.3610996406264668,179.3099889412171,1.0,0.1710108544182284,0.3610996406264668,0.6389003593735332,0.0,0.0,0.0,0.0
0.5537739542944381,0.7178678511312636,-6.17768902495893,0.901741676040642,0.32850905433786315,0.9524512631463853,0.024875882014605444,0.37683556101616567,185.41184005123782,0.0,0.7178678511312636,0.37683556101616567,0.6231644389838343,0.0,0.0,1.0,0.0
0.2746368798169829,0.27308145032131836,-41.842662895086676,0.6123133848469222,0.4383327756143538,0.7267348363533426,0.8949106425646658,0.6741993749428606,88.62534082766057,0.0,0.27308145032131836,0.6741993749428606,0.32580062505713936,0.0,1.0,1.0,0.0
0.9326819023605022,0.2644928733474785,-51.00634228031051,0.0899672788609609,0.5633837406661656,0.1137624624806518,0.13877588411263075,0.30003048059549664,99.43142135582494,0.0,0.2644928733474785,0.30003048059549664,0.6999695194045034,0.0,0.0,0.0,0.0
0.6042395103321423,0.8167452794726815,-14.319020627826454,0.26248445471647674,0.24531049798597993,0.9657915301069676,0.008236241591960125,0.8797205330602158,87.96199267713669,0.0,0.8167452794726815,0.8797205330602158,0.1202794669397842,0.0,0.0,1.0,1.0
0.9472843230897678,0.3423072848275197,-33.57889356640486,0.707120613944381,0.5876690514732603,0.3179393297068228,0.5538309158678235,0.7307068843628862,65.9268924263489,0.0,0.3423072848275197,0.7307068843628862,0.2692931156371138,0.0,1.0,0.0,0.0
0.011199305255704117,0.4580669390728913,-52.08980293178915,0.6643442914647144,0.21405245622743418,0.43285110679567096,0.19767093687426895,0.5484835857491245,76.24748431383965,0.0,0.4580669390728913,0.5484835857491245,0.4515164142508755,0.0,0.0,0.0,0.0
0.02310685278748026,0.051131638106697186,-2.7444935090814084,0.14228621861093582,0.7084782531368352,0.06792620422282625,0.10816035223518217,0.5088762514093347,125.08193022160812,1.0,0.051131638106697186,0.5088762514093347,0.4911237485906653,0.0,0.0,0.0,0.0
0.9515803094398696,0.9448354530207373,-13.223481447452095,0.6021018301273497,0.454960317393011,0.35617853432842106,0.9470875469755554,0.6029088114246856,141.07015387603923,0.0,0.9448354530207373,0.6029088114246856,0.39709118857531445,0.0,1.0,0.0,1.0
0.23190112176891486,0.04669781788511307,-3.288685214427339,0.3137352588446539,0.4425890233244587,0.11463994358570684,0.836924329909292,0.027631832855930627,176.7587066938735,0.0,0.04669781788511307,0.027631832855930627,0.9723681671440694,1.0,0.0,0.0,0.0
0.1402850127879668,0.8865641126311521,-16.21364175983056,0.1646702625073051,0.5658179928594681,0.31265631435521946,0.17823309891158345,0.8591821994111084,116.49318731101212,0.0,0.8865641126311521,0.8591821994111084,0.1408178005888916,0.0,1.0,0.0,0.0
0.3985437143653825,0.16988667480662,-37.016059434853275,0.8716168463288502,0.3631287104896359,0.9516035624997881,0.9463088992083875,0.14489865930734602,84.82357549317028,0.0,0.16988667480662,0.14489865930734602,0.855101340692654,1.0,0.0,1.0,0.0
0.8626740703318891,0.3927609189247192,-59.73756106301944,0.273871819705371,0.59762899319556,0.799265965959968,0.13338861709325955,0.11054136441673534,189.09297150012642,0.0,0.3927609189247192,0.11054136441673534,0.8894586355832647,1.0,0.0,1.0,0.0
0.7511483678225827,0.5897796007780784,-13.848792600244316,0.42885436130663845,0.7584557473091266,0.37180299127453575,0.24409457249260236,0.7290134212929686,118.75412090201756,0.0,0.5897796007780784,0.7290134212929686,0.27098657870703136,0.0,1.0,0.0,0.0
0.9813771043261948,0.349485182308101,-4.696354768136047,0.9329625485670795,0.24185294706474614,0.7982211815880134,0.43307450514456514,0.9175247272303481,123.01739816893343,0.0,0.349485182308101,0.9175247272303481,0.08247527276965194,0.0,0.0,1.0,0.0
0.7443037173373661,0.46696740916379786,-46.33195465722863,0.1993501289446863,0.42543119425634557,0.7554946570142149,0.6050714851807668,0.6886292899005433,99.52568910247194,0.0,0.46696740916379786,0.6886292899005433,0.3113707100994567,0.0,1.0,1.0,0.0
0.4814353459576055,0.044395264969327,-10.948055042512763,0.9898921622398746,0.4068790626246709,0.01096365313154335,0.16979263955094737,0.6525268777504188,145.6911045485403,0.0,0.044395264969327,0.6525268777504188,0.34747312224958116,0.0,1.0,0.0,0.0
0.7878647195855439,0.25388401096106816,-14.182085067171954,0.6879840215236698,0.3228144977138433,0.545488148056962,0.14727380849832672,0.45256450343558263,183.36762753778973,0.0,0.25388401096106816,0.45256450343558263,0.5474354965644174,0.0,0.0,1.0,0.0
0.4211913798253908,0.839566706475422,-24.58479808441834,0.19187671310235677,0.5811062446978964,0.5059833291570635,0.398641335196384,0.11963043951607033,118.33921293861218,0.0,0.839566706475422,0.11963043951607033,0.8803695604839297,0.0,0.0,1.0,0.0
0.07276237623962711,0.09876905139875125,-35.04500802403704,0.3053814819684637,0.9255443258622235,0.37570580538027054,0.7578581220721001,0.5302475263662427,158.57199360992695,1.0,0.09876905139875125,0.5302475263662427,0.4697524736337573,0.0,0.0,0.0,0.0
0.2601159830153992,0.9419049728383291,-28.19469018513456,0.8313240712852497,0.3650456934761135,0.10021134905052453,0.6737116477208488,0.007759648337424485,126.54101671917115,0.0,0.9419049728383291,0.007759648337424485,0.9922403516625755,0.0,0.0,0.0,0.0
0.19280190266645925,0.6273755044353622,-1.2348076117288684,0.46440290632064596,0.8174982565256667,0.507784186951121,0.4958400311040241,0.9304234931787778,184.5952216245354,0.0,0.6273755044353622,0.9304234931787778,0.06957650682122218,0.0,1.0,1.0,0.0
0.7858004651879744,0.2962557533167841,-27.299495056563565,0.223897233305685,0.44391669804653977,0.4842130657597906,0.8316400401693309,0.8960283653249931,118.0468087355069,0.0,0.2962557533167841,0.8960283653249931,0.10397163467500692,0.0,1.0,0.0,0.0
0.017704445073237207,0.8617738397893546,-49.54327928991836,0.6218819638903935,0.024970900434131194,0.39950647526056426,0.9859603021153498,0.1006936011038031,119.31704127994992,0.0,0.8617738397893546,0.1006936011038031,0.8993063988961969,0.0,0.0,0.0,0.0
0.30714995018995217,0.9050881233882643,-7.839593525558691,0.23769876030622883,0.08118778705043117,0.6271383940611175,0.33636871188370976,0.6720843906060631,64.49676584949403,0.0,0.9050881233882643,0.6720843906060631,0.32791560939393694,0.0,0.0,1.0,0.0
0.13339923517748942,0.6863722327726434,-47.25776068185013,0.8575876757624016,0.05859088771013543,0.21548198278557462,0.9985602484850686,0.43307610258679263,158.4151928962501,0.0,0.6863722327726434,0.43307610258679263,0.5669238974132074,0.0,0.0,0.0,0.0
0.18266304885701368,0.6098687349855377,-16.43363589783489,0.31447663586651053,0.8288971119758778,0.6034175784722833,0.3891230096150302,0.5576423933431586,140.7465186410294,0.0,0.6098687349855377,0.5576423933431586,0.44235760665684143,0.0,0.0,1.0,0.0
0.16553529269386602,0.40273236986696614,-39.39416471883041,0.40090272257912607,0.7611105884852579,0.48253840746667265,0.9403161532392643,0.2936764133584362,118.19850095989005,0.0,0.40273236986696614,0.2936764133584362,0.7063235866415638,1.0,0.0,0.0,0.0
0.7869568104790414,0.5460245933207503,-27.17831121453314,0.053340163005183516,0.3985996627184558,0.2707337324217325,0.9993351228311154,0.30835507063231027,183.82951487114087,0.0,0.5460245933207503,0.30835507063231027,0.6916449293676897,0.0,0.0,0.0,0.0
0.6762337350404775,0.34091640919209043,-27.387937297552583,0.8405358799491938,0.8833682980309119,0.16039387500614521,0.3395731412081696,0.33522318021357167,65.88627145063225,1.0,0.34091640919209043,0.33522318021357167,0.6647768197864283,0.0,0.0,0.0,0.0
0.5982377598518965,0.854820052992188,-37.105536730468934,0.740035944984177,0.6277004136007399,0.3756487354930008,0.14105979949229708,0.7093238527759673,179.63912365177367,0.0,0.854820052992188,0.7093238527759673,0.2906761472240327,0.0,1.0,0.0,0.0
0.6858544924014919,0.017878484034818065,-47.026026336540525,0.06947998488353191,0.5703860995762268,0.7564776788404124,0.11057918706865943,0.8383378205933852,137.77125697536763,0.0,0.017878484034818065,0.8383378205933852,0.16166217940661476,0.0,1.0,1.0,0.0
0.6899690121417249,0.9714018486086462,-54.979140705138164,0.9012240229777893,0.1261026959874093,0.39295880663668226,0.8514386963311144,0.9062542367378682,130.89203429632033,0.0,0.9714018486086462,0.9062542367378682,0.0937457632621318,0.0,0.0,0.0,1.0
0.5941046382754251,0.7081473345985572,-10.034479892837147,0.12151116953766616,0.8100693082292276,0.48127615051161676,0.450623425108169,0.42389975199699825,131.28962193444596,0.0,0.7081473345985572,0.42389975199699825,0.5761002480030017,0.0,0.0,0.0,0.0
0.9450505533946035,0.5482037727921516,-2.809347704211646,0.1802901306156406,0.7241359788326331,0.8122395386087472,0.6791288313348619,0.6069222802265404,139.07378935206552,0.0,0.5482037727921516,0.6069222802265404,0.3930777197734596,0.0,1.0,1.0,0.0
0.860930482578696,0.8216465971645001,-52.662676729164026,0.8485876570308781,0.4140686194404425,0.2536968299958108,0.8697685680139259,0.43202479963374163,173.17105662475433,0.0,0.8216465971645001,0.43202479963374163,0.5679752003662584,0.0,0.0,0.0,1.0
0.2634036119558445,0.003929321422217802,-30.272448425823338,0.10022825664288426,0.7543759555249097,0.27607513606941037,0.4436456466034787,0.08703356509155424,100.13229478261538,1.0,0.003929321422217802,0.08703356509155424,0.9129664349084458,1.0,0.0,0.0,0.0
0.781490243258572,0.15158791190231946,-21.170426332382554,0.9174258528045012,0.6798367597577203,0.8110216892922268,0.1089716293039158,0.25073182600205446,185.23543931368275,1.0,0.15158791190231946,0.25073182600205446,0.7492681739979455,1.0,0.0,1.0,0.0
0.7151056136180892,0.6395538263773112,-20.173995832697997,0.4142005543046434,0.04455663161765322,0.784441542070729,0.6787132362153538,0.4728044641127247,185.96634615155602,0.0,0.6395538263773112,0.4728044641127247,0.5271955358872753,0.0,0.0,1.0,0.0
0.33615966498509886,0.2943217442312359,-7.632220495233433,0.7969876547589855,0.5149798106483447,0.13073473945784997,0.21507147146505246,0.6562279904088066,113.90577329765763,0.0,0.2943217442312359,0.6562279904088066,0.34377200959119336,0.0,1.0,0.0,0.0
0.8364731916659712,0.9499550093322041,-11.661784483504903,0.37754542299555716,0.7886864292314241,0.35144167347068345,0.1671000877656339,0.033393204865857395,114.00033978654281,0.0,0.9499550093322041,0.033393204865857395,0.9666067951341426,0.0,0.0,0.0,1.0
0.9035593036972819,0.2389865877556765,-47.60921010421296,0.9698207852410403,0.02500411285059212,0.7857821503937543,0.32136995574087035,0.037487956869659333,188.49235562934172,0.0,0.2389865877556765,0.037487956869659333,0.9625120431303407,1.0,0.0,1.0,0.0
0.1396423302095836,0.5517792837256954,-43.55674755422713,0.06519280218469103,0.04992248566337909,0.11555669883633879,0.07136701388938005,0.7605581155199229,127.97926831968009,0.0,0.5517792837256954,0.7605581155199229,0.23944188448007708,0.0,0.0,0.0,0.0
0.3428920913489797,0.41836891013200717,-4.263195865642601,0.9107518127381472,0.7156764801225769,0.8846823774216878,0.3196480275876248,0.38110932600828284,145.9197054595919,0.0,0.41836891013200717,0.38110932600828284,0.6188906739917172,0.0,0.0,1.0,0.0
0.6236259472972642,0.48169983801234095,-35.960529093722805,0.9861803116086951,0.8211236261177244,0.4349801978880452,0.7272924772395685,0.2695616932524595,74.02370567322619,0.0,0.48169983801234095,0.2695616932524595,0.7304383067475405,1.0,0.0,0.0,0.0
0.35243102555274064,0.4029728001233942,-59.00777252635975,0.814792001635896,0.3591934023891815,0.580418165780147,0.07396318727095597,0.17499682875058398,184.5571215458584,0.0,0.4029728001233942,0.17499682875058398,0.825003171249416,1.0,0.0,1.0,0.0
0.6086875278828008,0.9502840501704856,-0.07499793652098674,0.3718601153330944,0.2988030640832746,0.8583560551590967,0.9986114270374542,0.6296412342324573,171.31970115161312,0.0,0.9502840501704856,0.6296412342324573,0.3703587657675427,0.0,0.0,1.0,1.0
0.7817458588152745,0.35533970821954697,-25.543777184574765,0.8330569412642136,0.6881138762610555,0.02116381398203826,0.3367056688975335,0.14447569659460535,92.61610969092547,1.0,0.35533970821954697,0.14447569659460535,0.8555243034053946,1.0,0.0,0.0,0.0
0.9054894774913257,0.03689328891076815,-46.811957282284574,0.30956935223823145,0.6168840719663948,0.5341016900858655,0.2182694828533861,0.16424106722315446,93.15172484345663,1.0,0.03689328891076815,0.16424106722315446,0.8357589327768455,1.0,0.0,1.0,0.0
0.5025296267016556,0.27117778571120343,-3.143849903536669,0.46386522142884756,0.058796016544637064,0.7292664058366334,0.3288452882089896,0.6534889320582475,99.14321187325248,0.0,0.27117778571120343,0.6534889320582475,0.34651106794175246,0.0,0.0,1.0,0.0
0.5707437417333199,0.7721525048074647,-4.319475493526767,0.26112714443307705,0.33485695099898116,0.4642664202859397,0.9271748377359889,0.9013868568106571,72.58295921408933,0.0,0.7721525048074647,0.9013868568106571,0.09861314318934289,0.0,0.0,0.0,0.0
0.13192982575381085,0.49550917733063826,-53.60284363167459,0.34558087334869747,0.14838537821747766,0.6360403551318858,0.9494954317391617,0.9967337702943815,112.53375854956808,0.0,0.49550917733063826,0.9967337702943815,0.0032662297056185174,0.0,0.0,1.0,0.0
0.5990126371146123,0.8562676535240813,-52.95227563221696,0.689564411051965,0.40884366172506825,0.20614616028016408,0.402753618747442,0.07596028696491686,157.3570008025028,0.0,0.8562676535240813,0.07596028696491686,0.9240397130350831,0.0,0.0,0.0,0.0
0.2527426687484531,0.311405645044878,-52.73512210551223,0.8646591138898917,0.4934442792827386,0.5721468777864003,0.5694326830948546,0.41049311454134174,86.95418816133952,0.0,0.311405645044878,0.41049311454134174,0.5895068854586583,0.0,0.0,1.0,0.0
0.7451327484983999,0.12705626535767434,-53.767572583271374,0.7101450375965034,0.20883702045198382,0.30677275135283233,0.47522746700174023,0.4493513167295462,159.2010775090999,0.0,0.12705626535767434,0.4493513167295462,0.5506486832704538,0.0,0.0,0.0,0.0
0.623431793443361,0.6443961622818657,-17.156740160672562,0.29261272742346534,0.32233331180047364,0.4379977478955541,0.3074621730335261,0.9849378689708634,173.96726969900016,0.0,0.6443961622818657,0.9849378689708634,0.01506213102913656,0.0,0.0,0.0,0.0
0.16465468825602958,0.005594155881869511,-57.43300390516393,0.24406345104292526,0.11429128583685655,0.5333381148925721,0.8579952227273586,0.7367502209132274,90.18526883150666,0.0,0.005594155881869511,0.7367502209132274,0.2632497790867726,0.0,0.0,1.0,0.0
0.39929925602578586,0.5078942095312776,-11.387649029799867,0.8391216031061648,0.909718311907776,0.5092452505028752,0.694274746435863,0.11180037123393716,139.1404543935575,0.0,0.5078942095312776,0.11180037123393716,0.8881996287660628,0.0,0.0,1.0,0.0
0.24869180947113512,0.4317168850266111,-21.956969501596838,0.2569859378537811,0.05218505779676108,0.010233856408757513,0.022159535544521547,0.008349737513769662,75.44970791810256,0.0,0.4317168850266111,0.008349737513769662,0.9916502624862303,1.0,0.0,0.0,0.0
0.23948871457012988,0.22122151418229918,-0.7922043492061945,0.3060061052089432,0.1274207833593991,0.545562544167758,0.8579574553975083,0.6780603767876752,101.45149247896305,0.0,0.22122151418229918,0.6780603767876752,0.32193962321232483,0.0,0.0,1.0,0.0
0.561616159791455,0.7148559742004091,-16.313730457935463,0.6665384552976888,0.870810424775618,0.8701054583441044,0.5789365594070033,0.4298563691112123,149.81984137911397,0.0,0.7148559742004091,0.4298563691112123,0.5701436308887877,0.0,0.0,1.0,0.0
0.8182120013704631,0.005652104841184724,-0.4801794591089319,0.18289377232919923,0.4702489856599762,0.8720297348428667,0.22504039904419937,0.4767952239003832,78.56150522536508,0.0,0.005652104841184724,0.4767952239003832,0.5232047760996168,0.0,0.0,1.0,0.0
0.3950763253881926,0.17713545479300252,-38.182335073730584,0.373464216792722,0.9931707895983327,0.9948130293037722,0.11478627866061242,0.7259687793283472,67.24436715367416,1.0,0.17713545479300252,0.7259687793283472,0.27403122067165275,0.0,1.0,1.0,0.0
0.030192015337188627,0.10533389424496431,-2.070860579523959,0.9408635478946974,0.19392782028068045,0.16167233555371152,0.24053508651594702,0.5155469940751422,139.7586484849574,0.0,0.10533389424496431,0.5155469940751422,0.48445300592485785,0.0,0.0,0.0,0.0
0.22159343043944735,0.7566227880899452,-41.426809835840956,0.9221313255294104,0.6567227064567306,0.4363511943036117,0.7899120017028454,0.8179146260466648,100.66742478525211,0.0,0.7566227880899452,0.8179146260466648,0.18208537395333524,0.0,1.0,0.0,0.0
0.33971454383608435,0.9359551537286034,-50.11553769820368,0.0421504169629342,0.4540553226095492,0.8012099002436289,0.7716681063107458,0.9195306289128325,134.64809301166565,0.0,0.9359551537286034,0.9195306289128325,0.08046937108716745,0.0,1.0,1.0,0.0
0.10006467156653331,0.5886889743360161,-13.296263138807305,0.0933281202698264,0.17265740109758976,0.012290661155670901,0.5936525794468104,0.8867343919459044,153.89286424029393,0.0,0.5886889743360161,0.8867343919459044,0.11326560805409558,0.0,0.0,0.0,0.0
0.982040087590982,0.06303365249976156,-5.8199348909102255,0.8140682873866807,0.31424152049950493,0.9735265518372518,0.28793774817141504,0.8893047238282185,183.30480079038654,0.0,0.06303365249976156,0.8893047238282185,0.11069527617178154,0.0,0.0,1.0,0.0
0.7576576166029725,0.5634704738128519,-52.79983502298671,0.5319717344964983,0.35679625565493456,0.7922170331553517,0.7581292064968449,0.9106125073726052,62.0762227404391,0.0,0.5634704738128519,0.9106125073726052,0.08938749262739476,0.0,0.0,1.0,0.0
0.8091032168230461,0.9384620531246688,-12.641973053510995,0.1301944598703667,0.08127910484088774,0.02084523980770081,0.628745225828071,0.6296726518598873,198.1679199905497,0.0,0.9384620531246688,0.6296726518598873,0.3703273481401127,0.0,0.0,0.0,1.0
0.39804317410409573,0.33190628489749674,-22.534504368936453,0.825608672507594,0.9367739495230019,0.8031241661790386,0.42667398061580475,0.6349142353120641,179.88190574025637,1.0,0.33190628489749674,0.6349142353120641,0.36508576468793585,0.0,1.0,1.0,0.0
0.49060968831173946,0.2166866437053927,-49.81659361512762,0.0001577445780567288,0.7182379949812843,0.1110972088459905,0.24383909969594042,0.29787633152279336,138.45318041914757,1.0,0.2166866437053927,0.29787633152279336,0.7021236684772066,1.0,0.0,0.0,0.0
0.39795727729576924,0.6746739920231618,-56.661680440277834,0.12393919426443945,0.4992115035332667,0.3369647878468298,0.2958133627513597,0.06702807903752273,185.4006844647202,0.0,0.6746739920231618,0.06702807903752273,0.9329719209624773,0.0,0.0,0.0,0.0
0.6918185861250508,0.12161815681964938,-56.097242535771564,0.974872533431243,0.6811725504395049,0.4174560710937415,0.7017310407557849,0.7563317864801591,169.1947083344291,1.0,0.12161815681964938,0.7563317864801591,0.24366821351984091,0.0,1.0,0.0,0.0
0.47787730565305764,0.429882758124848,-59.33831494386598,0.926557115141838,0.6033078783889431,0.2031539371899681,0.9196034194214366,0.9149319017702964,198.48578301125343,0.0,0.429882758124848,0.9149319017702964,0.08506809822970363,0.0,1.0,0.0,0.0
0.8740565631389788,0.9977843878200647,-45.31882871260365,0.8422495851992341,0.8230283087957645,0.23094035922073375,0.09843754900099078,0.9794205136775996,101.44343721288544,0.0,0.9977843878200647,0.9794205136775996,0.020579486322400364,0.0,1.0,0.0,1.0
0.8708917904678061,0.0041271546746038945,-58.73851156682387,0.4658713086963684,0.23871468393506357,0.6898412834359643,0.5655643255679543,0.07748579745049144,82.76796148420038,0.0,0.0041271546746038945,0.07748579745049144,0.9225142025495086,1.0,0.0,1.0,0.0
0.3880492700584143,0.18560406395543316,-12.466659165364284,0.41607023555328004,0.09343186684249927,0.48434290227212484,0.09083818106141417,0.12893730541981718,93.54537648394874,0.0,0.18560406395543316,0.12893730541981718,0.8710626945801828,1.0,0.0,0.0,0.0
0.8595277052474898,0.9246125323329719,-10.424536240075852,0.33407721741784724,0.27244644110883165,0.5491556907902392,0.7218531605331123,0.9933727881601748,78.41989966304968,0.0,0.9246125323329719,0.9933727881601748,0.006627211839825176,0.0,0.0,1.0,1.0
0.049291999023804434,0.694355888995271,-10.066452989765665,0.8463487798664232,0.6784635490771607,0.9540158041191871,0.5110047635445869,0.9138147983362125,195.49369917881322,0.0,0.694355888995271,0.9138147983362125,0.08618520166378751,0.0,1.0,1.0,0.0
0.8471574570031077,0.3097585632586206,-48.22706092978228,0.5481200649818184,0.45301475038018846,0.877758342192733,0.10003167106715372,0.2577400613115186,165.2518522326192,0.0,0.3097585632586206,0.2577400613115186,0.7422599386884814,1.0,0.0,1.0,0.0
0.09498664497731213,0.3207644140217002,-36.770676356761015,0.62259379656269,0.15813264571936458,0.8606044903497095,0.44754223546627425,0.9170217118805565,125.50178790875043,0.0,0.3207644140217002,0.9170217118805565,0.08297828811944352,0.0,0.0,1.0,0.0
0.27504025894073336,0.14182882868767488,-59.77529431732291,0.5321574849848356,0.10715669692692342,0.3917277636311782,0.5892717612370867,0.2756858969027003,84.53140093125614,0.0,0.14182882868767488,0.2756858969027003,0.7243141030972997,1.0,0.0,0.0,0.0
0.7747216226093416,0.9467911722816206,-53.97357492828204,0.15559032438500786,0.9600126572527187,0.03778422181224628,0.9776323365504722,0.004644483084988771,182.3136117911864,0.0,0.9467911722816206,0.004644483084988771,0.9953555169150112,0.0,0.0,0.0,1.0
0.3073251809877495,0.9385888581772965,-40.98328268186487,0.654306321534056,0.08003256976593665,0.242329811453739,0.7736793464792507,0.5286858536788197,189.91566865018626,0.0,0.9385888581772965,0.5286858536788197,0.4713141463211803,0.0,0.0,0.0,0.0
0.4287514083413543,0.8698123658139231,-33.06267375130575,0.9792482787019853,0.9598343813988768,0.3291367055560803,0.8859236704168032,0.8476113742156492,89.49525562585879,0.0,0.8698123658139231,0.8476113742156492,0.15238862578435075,0.0,1.0,0.0,0.0
0.6242904007832697,0.07268231558981486,-9.797356764992301,0.17454588350349654,0.07081470138576451,0.4002190955388112,0.5769221385996435,0.854916958559771,196.39395357304312,0.0,0.07268231558981486,0.854916958559771,0.145083041440229,0.0,0.0,0.0,0.0
0.43949251256986366,0.06044692298527021,-15.05306525844776,0.5651732562239374,0.44789134484446314,0.30926887879218967,0.5023985278435357,0.33867960445703094,165.98166148463042,0.0,0.06044692298527021,0.33867960445703094,0.6613203955429691,0.0,0.0,0.0,0.0
0.5438936964926411,0.876847774154112,-27.387365121033476,0.23826241333993003,0.8510918822321445,0.5572190449300439,0.20684103814356125,0.6235078099562221,110.08034709193986,0.0,0.876847774154112,0.6235078099562221,0.3764921900437779,0.0,1.0,1.0,0.0
0.8444056122920658,0.4532997386465428,-16.413518513554997,0.09553620763623716,0.3960243463023462,0.9832414364723987,0.8084602894771483,0.15994080236692865,98.88696692681572,0.0,0.4532997386465428,0.15994080236692865,0.8400591976330714,1.0,0.0,1.0,0.0
0.3298158088563611,0.6503655604954457,-14.580314430620668,0.7495266088079098,0.5098740563064028,0.8108205378381512,0.43707808275747506,0.1238805652955619,139.02185783153385,0.0,0.6503655604954457,0.1238805652955619,0.8761194347044381,0.0,0.0,1.0,0.0
0.9523013846011067,0.7929936513925113,-25.277961138465457,0.6468056603490969,0.9305620270355727,0.4283427944349605,0.33139413894263736,0.977241565000449,180.88203869144667,0.0,0.7929936513925113,0.977241565000449,0.02275843499955099,0.0,1.0,0.0,1.0
0.3230435846186024,0.4637805973609228,-35.09531225953206,0.14909567867143392,0.9578193238132591,0.4043124312197588,0.875329082637908,0.18935622768066507,136.70191348921077,0.0,0.4637805973609228,0.18935622768066507,0.8106437723193349,1.0,0.0,0.0,0.0
0.02396138512426982,0.7642204838423086,-25.145166105223296,0.6255895834697527,0.05172088255465346,0.2110383302086154,0.07433087235358016,0.28891431580381177,147.84146107550114,0.0,0.7642204838423086,0.28891431580381177,0.7110856841961882,0.0,0.0,0.0,0.0
0.5661859843173752,0.6121498216133903,-27.04492371732634,0.27302879567585936,0.24450749734442523,0.13705968353658127,0.8490708749034921,0.6164793585412445,86.11154175056836,0.0,0.6121498216133903,0.6164793585412445,0.38352064145875553,0.0,0.0,0.0,0.0
0.17720937982123952,0.8730356015261367,-15.436148174200838,0.6593990799053714,0.4068641075392998,0.26197556427851754,0.9794507631128238,0.7972395750228002,102.24909123907871,0.0,0.8730356015261367,0.7972395750228002,0.20276042497719982,0.0,1.0,0.0,0.0
0.8475647962784947,0.7589319486146815,-42.1751670073201,0.4265528542416397,0.18595344539102665,0.11105244437810935,0.7227620328396968,0.2675118573538666,174.8083112044755,0.0,0.7589319486146815,0.2675118573538666,0.7324881426461334,0.0,0.0,0.0,1.0
0.9956087115144261,0.07661981392964867,-31.617892494977983,0.8020625593108031,0.7889508965412335,0.7599971583309685,0.34899493530191095,0.4538532556850523,143.29557002780584,1.0,0.07661981392964867,0.4538532556850523,0.5461467443149477,0.0,0.0,1.0,0.0
0.9739405835732572,0.3275472709384929,-4.611366736988536,0.2693569181804941,0.9890744654737046,0.6702636868275917,0.46351148035855094,0.6133904280636049,98.15436366562895,1.0,0.3275472709384929,0.6133904280636049,0.3866095719363951,0.0,1.0,1.0,0.0
0.2741738575114666,0.11355454384349384,-53.156982137676074,0.34767174146891133,0.7628554778963716,0.6079711675981625,0.10258456033102081,0.852236524975911,144.1914677786093,1.0,0.11355454384349384,0.852236524975911,0.14776347502408904,0.0,1.0,1.0,0.0
0.9608555767847797,0.6701854674112075,-49.489508177749144,0.47378336230782225,0.6484975975472042,0.028264701049977692,0.014910264154807895,0.1294030005985679,95.23302090636591,0.0,0.6701854674112075,0.1294030005985679,0.8705969994014321,0.0,0.0,0.0,0.0
0.42954912352067554,0.4874404737597884,-51.71834346372619,0.6733915791158308,0.5961380616965348,0.2944640988411602,0.013659883435292008,0.07764791535329074,114.83726857151751,0.0,0.4874404737597884,0.07764791535329074,0.9223520846467093,1.0,0.0,0.0,0.0
0.15397435116568392,0.37681960614797083,-22.309043729378693,0.5472374278792835,0.23117588313739423,0.3438224912587524,0.6140311984486506,0.8608550280434487,165.44988142344283,0.0,0.37681960614797083,0.8608550280434487,0.1391449719565513,0.0,0.0,0.0,0.0
0.5534000268334149,0.3622929983164862,-38.096923347491675,0.8794173102643961,0.0392435760405464,0.987982644420261,0.6643754108515623,0.6811376990723905,65.3196972226639,0.0,0.3622929983164862,0.6811376990723905,0.3188623009276095,0.0,0.0,1.0,0.0
0.6055292748912722,0.484778060090447,-53.65326558635598,0.2779220107693591,0.8903144562136512,0.5499884158659529,0.41341657517390873,0.07268215584081095,159.97701383632278,0.0,0.484778060090447,0.07268215584081095,0.927317844159189,1.0,0.0,1.0,0.0
0.7028508233960326,0.6140436069725635,-29.38424122676105,0.4337844022073727,0.5932710929879923,0.2333954517284067,0.9412590641776477,0.5887945291802296,103.56694220961272,0.0,0.6140436069725635,0.5887945291802296,0.41120547081977044,0.0,0.0,0.0,0.0
0.4496798508851573,0.8056847888768923,-50.303036356182155,0.2928356224602604,0.6795080227365554,0.3154892064822239,0.792501681861466,0.13045348717736083,166.7760638636452,0.0,0.8056847888768923,0.13045348717736083,0.8695465128226392,0.0,0.0,0.0,0.0
0.06835171485056624,0.012592612667494785,-6.106588870070276,0.5813392169322986,0.3518268970868115,0.2325946369638504,0.6168857832608161,0.5090021835367382,198.82368857419792,0.0,0.012592612667494785,0.5090021835367382,0.4909978164632618,0.0,0.0,0.0,0.0
0.9832159866537458,0.6350245661416096,-33.42776963364657,0.4911409691346621,0.6824790662368619,0.10157454423538137,0.3283520738107182,0.07527224100360386,70.27050633236874,0.0,0.6350245661416096,0.07527224100360386,0.9247277589963961,0.0,0.0,0.0,0.0
0.19583924189423374,0.4852532545932269,-12.91354073023264,0.48549589116587255,0.33547661056086975,0.08235299033675814,0.5502955231831296,0.27126858648317675,146.09078490840062,0.0,0.4852532545932269,0.27126858648317675,0.7287314135168232,1.0,0.0,0.0,0.0
0.9771877391324183,0.11131432147755016,-47.2724760766836,0.47309453809937474,0.9686138153459295,0.7718097762699956,0.8982291931628301,0.3337148484757929,198.88538632900324,1.0,0.11131432147755016,0.3337148484757929,0.6662851515242071,0.0,0.0,1.0,0.0
0.1028328160641574,0.05297290604610083,-8.66384237675831,0.9272648702069862,0.09058535754610175,0.1134274267458415,0.033174157755773814,0.1045075626427241,89.31877435203933,0.0,0.05297290604610083,0.1045075626427241,0.8954924373572759,1.0,0.0,0.0,0.0
0.970076618910001,0.6678602222396804,-13.286818468887475,0.7761394036915221,0.5350737497792146,0.7974889777130172,0.5958075323899696,0.3145460976033576,138.5554152275761,0.0,0.6678602222396804,0.3145460976033576,0.6854539023966424,0.0,0.0,1.0,0.0
0.5335085861345135,0.8234530537593207,-1.0963669571004573,0.41104256542093054,0.7633906784413597,0.09976300403813354,0.7768313694482886,0.3714169119932321,65.51462280455613,0.0,0.8234530537593207,0.3714169119932321,0.6285830880067679,0.0,0.0,0.0,0.0
0.3632461785621772,0.6106427509216448,-52.844989939112004,0.9240344924302546,0.07767241327283858,0.9300067198331662,0.7071375179356865,0.3297121754142036,114.70504867927305,0.0,0.6106427509216448,0.3297121754142036,0.6702878245857964,0.0,0.0,1.0,0.0
0.7408093647327442,0.6014711008812074,-19.701424712703286,0.38916461651348,0.487813481807599,0.9898674840378934,0.2139228704997177,0.4178561865221314,100.85524626035541,0.0,0.6014711008812074,0.4178561865221314,0.5821438134778686,0.0,0.0,1.0,0.0
0.7651115104398498,0.7640126256657207,-42.453272340156246,0.0813903166329829,0.011432676672204045,0.4274505332424855,0.4103375943357709,0.9883898786398629,125.77229059767515,0.0,0.7640126256657207,0.9883898786398629,0.01161012136013706,0.0,0.0,0.0,1.0
0.25641836957542063,0.8912294410314674,-30.53592302078529,0.5991756352105778,0.09566871042821268,0.38291640732977406,0.9442236744737867,0.5895053841754254,108.23025971994463,0.0,0.8912294410314674,0.5895053841754254,0.4104946158245746,0.0,0.0,0.0,0.0
0.6256671806315931,0.9104110895781161,-43.5605639716446,0.5051167184706744,0.9586906539117553,0.17239614329845265,0.7196639255967116,0.6144810082029823,155.1545183596889,0.0,0.9104110895781161,0.6144810082029823,0.38551899179701765,0.0,1.0,0.0,1.0
0.35121963066756967,0.31387937348376493,-18.94741976469777,0.21554328510454535,0.4196547448590051,0.188174646052918,0.008304841123329743,0.9700573600380694,120.43841701189866,0.0,0.31387937348376493,0.9700573600380694,0.029942639961930584,0.0,1.0,0.0,0.0
0.9693496144198253,0.1403235197678261,-24.757993232550838,0.2009740327912396,0.7900741269632747,0.7837029887609752,0.1126071490393118,0.9120644528763892,87.24815060845145,1.0,0.1403235197678261,0.9120644528763892,0.08793554712361085,0.0,1.0,1.0,0.0
0.6129773415893603,0.985633620087704,-7.056207914018174,0.956563928561169,0.34259877121811944,0.10557564221946336,0.1883468732894501,0.5004948950766138,171.0521549582651,0.0,0.985633620087704,0.5004948950766138,0.4995051049233862,0.0,0.0,0.0,1.0
0.15015364418387522,0.6597315322607571,-40.58534375762929,0.3412020723921535,0.6619177301579263,0.4669994195332202,0.8120332930259939,0.15591850966282705,170.59275776738536,0.0,0.6597315322607571,0.15591850966282705,0.844081490337173,0.0,0.0,0.0,0.0
0.06423524805742087,0.194053880245605,-20.631017129810076,0.8549256565110712,0.25267962773934904,0.32719160582891293,0.53712074828674,0.21157280648930232,173.5618766222508,0.0,0.194053880245605,0.21157280648930232,0.7884271935106977,1.0,0.0,0.0,0.0
0.7736366450057608,0.1452917119657816,-32.170216091002075,0.7748277666546214,0.3373295311034148,0.6331068227177317,0.05021312145757273,0.608688760529318,81.37141720008498,0.0,0.1452917119657816,0.608688760529318,0.391311239470682,0.0,0.0,1.0,0.0
0.8305833251144513,0.35544946358047846,-43.106768236308255,0.840888976711485,0.050144023071810206,0.3966087993343448,0.3700035405750314,0.28480037424955085,187.64560648020677,0.0,0.35544946358047846,0.28480037424955085,0.7151996257504492,1.0,0.0,0.0,0.0
0.7509283935167222,0.06392316419193877,-17.118753033902756,0.527299133128794,0.9008678944015792,0.31294561734835846,0.5741619996095829,0.500755274740986,128.5385268718648,1.0,0.06392316419193877,0.500755274740986,0.499244725259014,0.0,0.0,0.0,0.0
0.45610539951721263,0.20562947553228128,-14.657404650456435,0.4513360327392887,0.9585162750026057,0.2608084271927763,0.6827438396270411,0.9407170796391084,152.88416522225296,1.0,0.20562947553228128,0.9407170796391084,0.059282920360891556,0.0,1.0,0.0,0.0
0.8712729076173946,0.8274809597570061,-38.39293707065977,0.6001239399394965,0.1562613398113556,0.5355258826955995,0.2304219718143372,0.7437368149524456,133.92817906489745,0.0,0.8274809597570061,0.7437368149524456,0.2562631850475544,0.0,0.0,1.0,1.0
0.4112273626316605,0.26879709616697756,-0.0780910895227862,0.07171052088493268,0.04356068057242002,0.21725740049386455,0.9710724586278197,0.9792381683199844,151.68988286809903,0.0,0.26879709616697756,0.9792381683199844,0.020761831680015552,0.0,0.0,0.0,0.0
0.8801066672064047,0.2139617308407954,-1.677474349402587,0.14278485013956466,0.10112518818165828,0.1122115392472729,0.5731279232725647,0.7809744007180524,111.33340490244863,0.0,0.2139617308407954,0.7809744007180524,0.21902559928194765,0.0,0.0,0.0,0.0
0.9778959877861265,0.43442013811832947,-50.97308695360702,0.4659667481861367,0.6790371654224399,0.8322257805043787,0.4587682899565929,0.5936068260491675,97.42825970223947,0.0,0.43442013811832947,0.5936068260491675,0.4063931739508325,0.0,0.0,1.0,0.0
0.645916526405514,0.9859719439503437,-57.05678564473237,0.8865306707051678,0.5622825027675228,0.25209865956229993,0.9548897100092579,0.4833543030588989,106.43663523427398,0.0,0.9859719439503437,0.4833543030588989,0.5166456969411011,0.0,0.0,0.0,1.0
0.18149762827084115,0.24445221025666208,-10.029057504513446,0.6144100093171658,0.9132456194883161,0.23196845215778583,0.12113857384890148,0.006087530975590005,131.1006852662391,1.0,0.24445221025666208,0.006087530975590005,0.99391246902441,1.0,0.0,0.0,0.0
0.9983069303819881,0.694965268818639,-41.49632448209124,0.8768585830261717,0.7817222659879597,0.015415166076539255,0.8168604805410224,0.300526757238496,80.95428504170415,0.0,0.694965268818639,0.300526757238496,0.699473242761504,0.0,0.0,0.0,0.0
0.22633083973707457,0.468579804375139,-34.50792437591934,0.28888729937422675,0.1722183222070327,0.7622307896421693,0.9901097837349171,0.7777915804196904,101.43117547401576,0.0,0.468579804375139,0.7777915804196904,0.22220841958030957,0.0,0.0,1.0,0.0
0.24480896141213337,0.21766587606593824,-51.798295530657825,0.5513305496923012,0.6054003719533442,0.7055026606631373,0.680213370933668,0.29233331128338247,106.24354075555851,1.0,0.21766587606593824,0.29233331128338247,0.7076666887166175,1.0,0.0,1.0,0.0
0.6815145354423379,0.34944764078362833,-47.24260862284122,0.37433615369673956,0.27208415757797766,0.0883127212185778,0.8301389022766535,0.8531113891570363,90.76504202336312,0.0,0.34944764078362833,0.8531113891570363,0.14688861084296367,0.0,0.0,0.0,0.0
0.06477219952520175,0.7388274373511795,-47.30828244819518,0.39343548943686024,0.06413525223738326,0.22626958475843517,0.7929022783296358,0.8043964469152018,88.99187548427946,0.0,0.7388274373511795,0.8043964469152018,0.19560355308479815,0.0,0.0,0.0,0.0
0.33591384510668953,0.13423841909374357,-55.549642182904655,0.9921717144484095,0.6555939512448392,0.5420965091983188,0.7654985004052995,0.8400771596877241,172.94006752626186,1.0,0.13423841909374357,0.8400771596877241,0.15992284031227588,0.0,1.0,1.0,0.0
0.016539449289876607,0.18680789819049848,-20.705681872930136,0.3757593478039629,0.982482651061107,0.665404792638254,0.9565489087292065,0.20144648164579382,180.9539839361032,1.0,0.18680789819049848,0.20144648164579382,0.7985535183542062,1.0,0.0,1.0,0.0
0.32135230581522534,0.9895648082378068,-50.538679675611164,0.5163398188383266,0.792844533837122,0.4326424806040359,0.4680840601876467,0.986355795505741,119.54314104216147,0.0,0.9895648082378068,0.986355795505741,0.01364420449425896,0.0,1.0,0.0,0.0
0.6040721005990636,0.0545396606751507,-9.467395187384398,0.6481680489795435,0.40402010286281353,0.01616953995451975,0.5916688205935039,0.012657828484162192,60.16850594726251,0.0,0.0545396606751507,0.012657828484162192,0.9873421715158378,1.0,0.0,0.0,0.0
0.6160985621493547,0.18901706733455426,-48.48674701691428,0.6532715658327437,0.05369718793937428,0.31340556147455634,0.14943190214201907,0.5801763697965339,152.6471216618354,0.0,0.18901706733455426,0.5801763697965339,0.41982363020346614,0.0,0.0,0.0,0.0
0.7211358535990435,0.25523121691856543,-54.64501490180496,0.07868365694189783,0.4261515484507238,0.945844409062715,0.2177290342470246,0.25674160134154933,74.12443229482025,0.0,0.25523121691856543,0.25674160134154933,0.7432583986584507,1.0,0.0,1.0,0.0
0.6055702738939303,0.6798728739471749,-21.424127510354403,0.8611302430447813,0.48642583502607173,0.13445704076706444,0.28940513070441265,0.6624299734213518,145.8370763238184,0.0,0.6798728739471749,0.6624299734213518,0.3375700265786482,0.0,1.0,0.0,0.0
0.5310031297429625,0.6829644186886872,-21.756548977602037,0.8813248894649517,0.5860163774782966,0.7786013587005565,0.24870715596646786,0.678182584589068,186.3071765735746,0.0,0.6829644186886872,0.678182584589068,0.321817415410932,0.0,1.0,1.0,0.0
0.38573232789983325,0.7791041873386466,-16.51264192827388,0.05952619687182248,0.5815083096240723,0.13018934920080238,0.9673191722305912,0.8114075027006562,75.36133217459681,0.0,0.7791041873386466,0.8114075027006562,0.1885924972993438,0.0,1.0,0.0,0.0
0.12175199764767841,0.594473854912619,-39.306649549609006,0.03490585907310928,0.5416415078330531,0.3878450996858469,0.10107649237174265,0.8019203922559827,188.11074713903284,0.0,0.594473854912619,0.8019203922559827,0.19807960774401734,0.0,1.0,0.0,0.0
0.75659393401413,0.8224223100162773,-47.010565964032956,0.263572950918601,0.20852754029918774,0.765063431365564,0.9479170789344971,0.7168372067339026,183.40534708313783,0.0,0.8224223100162773,0.7168372067339026,0.2831627932660974,0.0,0.0,1.0,1.0
0.6386990948831726,0.38765990055879906,-34.45430310418169,0.07532143216740483,0.03145719524602608,0.6954756041890774,0.4384288920111806,0.5522150680546295,138.07257466713827,0.0,0.38765990055879906,0.5522150680546295,0.4477849319453705,0.0,0.0,1.0,0.0
0.2773758133333014,0.4758925108294907,-31.754386699937864,0.388427221227857,0.8206753834010705,0.4511640036875959,0.6036445245059878,0.8955201203808261,181.27270720024916,0.0,0.4758925108294907,0.8955201203808261,0.10447987961917393,0.0,1.0,0.0,0.0
0.8904222037791651,0.27000499646501397,-57.90105070151623,0.2610667998953292,0.27870734562070865,0.909360326724968,0.6492427328379706,0.08170395960222876,78.95300344155416,0.0,0.27000499646501397,0.08170395960222876,0.9182960403977712,1.0,0.0,1.0,0.0
0.1556761255419754,0.6304217481689232,-15.875158469579816,0.8596439105653961,0.9406365508062431,0.20170455738644177,0.30977248472404906,0.24032288074483066,110.22661944525927,0.0,0.6304217481689232,0.24032288074483066,0.7596771192551693,0.0,0.0,0.0,0.0
0.9146651074237494,0.5751125669393615,-15.708486160530057,0.490119236126782,0.02885791333612453,0.06419548599781433,0.5379230312678858,0.7187890348200257,90.14627385402241,0.0,0.5751125669393615,0.7187890348200257,0.28121096517997435,0.0,0.0,0.0,0.0
0.721909573992304,0.8106657734835124,-35.286151298273325,0.7464192328441049,0.4040299503284599,0.67835062945502,0.763997049319543,0.9919266183081108,108.35553268890345,0.0,0.8106657734835124,0.9919266183081108,0.008073381691889203,0.0,1.0,1.0,1.0
0.41104078057461146,0.16562005941017133,-47.75561649589159,0.6933950025983777,0.9170455901544761,0.39460495166124054,0.17984444683554124,0.28509949938299406,123.70723867313941,1.0,0.16562005941017133,0.28509949938299406,0.7149005006170059,1.0,0.0,0.0,0.0
0.2906503293653684,0.23357908312186626,-15.840930674575226,0.007844921240623193,0.5392305273364831,0.7937668070297539,0.2662282863174682,0.6032915106120174,153.6460147866065,0.0,0.23357908312186626,0.6032915106120174,0.39670848938798264,0.0,1.0,1.0,0.0
0.65502469640509,0.4458496341987177,-39.20532072745325,0.8359240730278135,0.7584459569998643,0.3212551734139125,0.10301919444220609,0.07180754544546919,73.19863690585105,0.0,0.4458496341987177,0.07180754544546919,0.9281924545545308,1.0,0.0,0.0,0.0
0.5828693611920428,0.05166217582898969,-39.7843875021577,0.7531997019142294,0.2943481665153781,0.7633080771801298,0.7454670382070553,0.24582713263321632,162.03510521298438,0.0,0.05166217582898969,0.24582713263321632,0.7541728673667837,1.0,0.0,1.0,0.0
0.7477766382721007,0.39745392566702686,-47.37477097550891,0.5212708068918691,0.9213975880001963,0.639616732432062,0.1729224976272612,0.6827569247335199,119.80842381945683,1.0,0.39745392566702686,0.6827569247335199,0.3172430752664801,0.0,1.0,1.0,0.0
0.591528797355373,0.7340640350231079,-29.10315890913331,0.8139839745733086,0.7221555793166278,0.6150733400185107,0.1507928158323515,0.8359491109115683,191.02678194477426,0.0,0.7340640350231079,0.8359491109115683,0.16405088908843168,0.0,1.0,1.0,0.0
0.13696512380929482,0.48824112943343057,-44.46667548176973,0.7545233074255646,0.7216296360047,0.1408851205703987,0.8770272712616372,0.18097306397800228,171.61626359073506,0.0,0.48824112943343057,0.18097306397800228,0.8190269360219977,1.0,0.0,0.0,0.0
0.4569803596280049,0.32827229355815124,-50.50564423954719,0.1676142561466294,0.6618905547009003,0.5504303879471205,0.1220854216512327,0.11269786043832519,70.1234804681908,1.0,0.32827229355815124,0.11269786043832519,0.8873021395616748,1.0,0.0,1.0,0.0
0.7437673473735441,0.7118820852292892,-56.49414054872549,0.560270075596973,0.0846761552426899,0.9037457706089417,0.9071174191801324,0.6982329898131301,189.666449001523,0.0,0.7118820852292892,0.6982329898131301,0.3017670101868699,0.0,0.0,1.0,1.0
0.8114530304136905,0.8285385759270494,-25.81752896580401,0.3060591982161759,0.21779911511642158,0.3272000220389292,0.6284954300890621,0.17265653583239893,96.20963312922503,0.0,0.8285385759270494,0.17265653583239893,0.8273434641676011,0.0,0.0,0.0,1.0
0.46806086279546444,0.23305009852461556,-24.6813798170363,0.9231760284563298,0.7480893657031265,0.666426614148913,0.5827214759837788,0.4879479092570649,86.11894034885236,1.0,0.23305009852461556,0.4879479092570649,0.5120520907429351,0.0,0.0,1.0,0.0
0.8947104554268656,0.24853600201283632,-54.521467345310356,0.7500151792286952,0.1756155343311664,0.371895999541176,0.028284928290979727,0.13706794254044807,84.24850830638769,0.0,0.24853600201283632,0.13706794254044807,0.8629320574595519,1.0,0.0,0.0,0.0
0.05441012775017795,0.6566569566228452,-9.779532251812967,0.37331540636594096,0.8745764767182007,0.2133465745601265,0.3253904235612395,0.1507369930311684,146.8782873586598,0.0,0.6566569566228452,0.1507369930311684,0.8492630069688316,0.0,0.0,0.0,0.0
0.41986959087030684,0.6132833468418987,-14.299505676348986,0.5457030160329485,0.6276303549017879,0.9352503143943329,0.2990643096088431,0.35916393863395313,160.47847063930715,0.0,0.6132833468418987,0.35916393863395313,0.6408360613660469,0.0,0.0,1.0,0.0
0.6113055170553867,0.17853290453971482,-37.43116139937059,0.46783801312471496,0.41938983796838936,0.1782748083220408,0.9244300917842623,0.7623187616939758,127.38981649509931,0.0,0.17853290453971482,0.7623187616939758,0.23768123830602417,0.0,1.0,0.0,0.0
0.6800610283068366,0.8972826721355218,-51.82955145830573,0.2503730507069777,0.542701247256645,0.7990103713523586,0.03625489544152738,0.9840181501963605,123.6869244035356,0.0,0.8972826721355218,0.9840181501963605,0.01598184980363948,0.0,1.0,1.0,1.0
0.359231140621723,0.29272443783977187,-49.538597540947706,0.7915739089300279,0.9554141647460965,0.4136447548453982,0.9524206947534563,0.8237976154350342,127.34715784668455,1.0,0.29272443783977187,0.8237976154350342,0.17620238456496584,0.0,1.0,0.0,0.0
0.6740261791261327,0.43498417917046295,-26.476595507246856,0.05804633701850381,0.6962634753005331,0.05282464448413671,0.8170849469196495,0.8249469294605575,93.19082025787004,0.0,0.43498417917046295,0.8249469294605575,0.17505307053944252,0.0,1.0,0.0,0.0
0.32366278103580026,0.4813103785582933,-24.20022558405111,0.2873536617419967,0.592486404631925,0.29778707322929887,0.05549072107106068,0.0025275498319089484,74.16114810858001,0.0,0.4813103785582933,0.0025275498319089484,0.997472450168091,1.0,0.0,0.0,0.0
0.7922507001640182,0.9614313123833371,-34.382028043126844,0.5126839534499428,0.14684816907342613,0.551031352680157,0.14465490200697684,0.6112143311988301,190.65621346131954,0.0,0.9614313123833371,0.6112143311988301,0.38878566880116994,0.0,0.0,1.0,1.0
0.1956985393030396,0.764563718057102,-58.58985463090056,0.375497241321621,0.11074850783050905,0.35247544159569943,0.1735369196388835,0.3733049901228874,118.45319285505425,0.0,0.764563718057102,0.3733049901228874,0.6266950098771126,0.0,0.0,0.0,0.0
0.3005911227809184,0.6566219494731291,-4.868876924465418,0.40059537410527235,0.19234315647502143,0.27072275819598335,0.854000823496369,0.5716397232701479,123.70154452297402,0.0,0.6566219494731291,0.5716397232701479,0.4283602767298521,0.0,0.0,0.0,0.0
0.1496367215089267,0.44972730832378194,-43.2904797985568,0.9431631278533492,0.8840701094157313,0.08390254182819801,0.5166534892612429,0.22505834551467208,117.50879253340068,0.0,0.44972730832378194,0.22505834551467208,0.7749416544853279,1.0,0.0,0.0,0.0
0.8768479982514564,0.5275145198885448,-39.947082397754414,0.20788835410499706,0.8003248594064892,0.6245180153643471,0.4680654604262312,0.21748435386297804,106.79449238199838,0.0,0.5275145198885448,0.21748435386297804,0.782515646137022,0.0,0.0,1.0,0.0
0.9598434267385185,0.5200899376058343,-35.95804312540483,0.5214220423483239,0.7789885058996087,0.3401089365028688,0.17870612093260885,0.5849361183390478,153.1285744873494,0.0,0.5200899376058343,0.5849361183390478,0.4150638816609522,0.0,0.0,0.0,0.0
0.7127180029585496,0.8819875907661296,-37.72955275865321,0.0753548962288918,0.9583485836309422,0.4350119274374752,0.6232575096731313,0.6663053231282923,136.5119192181685,0.0,0.8819875907661296,0.6663053231282923,0.33369467687170773,0.0,1.0,0.0,1.0
0.2052575297362701,0.7551430501161415,-11.7748815417551,0.5529755860174398,0.48856116058484156,0.11393818312798532,0.08395166149978384,0.3395648455635287,103.51846177243505,0.0,0.7551430501161415,0.3395648455635287,0.6604351544364713,0.0,0.0,0.0,0.0
0.9536564509632712,0.7836227424434298,-20.404542284456404,0.5176480890176051,0.16736753072665134,0.9784566721842839,0.37504069824021,0.1069256024472448,129.13184540020444,0.0,0.7836227424434298,0.1069256024472448,0.8930743975527552,0.0,0.0,1.0,1.0
0.8739980116130832,0.8872910017773294,-59.342045036613165,0.8862957447513997,0.2714842174998585,0.038972363968423074,0.8477902703628744,0.8638667559882083,143.472351177929,0.0,0.8872910017773294,0.8638667559882083,0.13613324401179172,0.0,0.0,0.0,1.0
0.5744337572963584,0.8131202726214194,-12.821426837383214,0.8901054734427041,0.5527474475967035,0.9676470927328087,0.9961468309333384,0.11654460999863259,178.9361263375771,0.0,0.8131202726214194,0.11654460999863259,0.8834553900013674,0.0,0.0,1.0,0.0
0.499822257748589,0.3875663382998321,-23.215661407037103,0.055965557262007026,0.5064611187670799,0.8708905700266667,0.2134615161389688,0.4263898947694251,191.52732428008255,0.0,0.3875663382998321,0.4263898947694251,0.5736101052305749,0.0,0.0,1.0,0.0
0.4285638378056973,0.3583676323323983,-33.56780111259731,0.5194527665175563,0.6319913441314688,0.8006928009167311,0.45210220576431426,0.8174809350901403,134.72089258929128,1.0,0.3583676323323983,0.8174809350901403,0.1825190649098597,0.0,1.0,1.0,0.0
0.33848051036797766,0.6579508281194142,-16.93666471539052,0.5580489756294875,0.05661497313472341,0.1698828751608249,0.2852977208902282,0.2826256059514931,154.27891203456187,0.0,0.6579508281194142,0.2826256059514931,0.7173743940485069,0.0,0.0,0.0,0.0
0.018348661673632582,0.7556817770495199,-44.07945151158401,0.3100218462161024,0.5279098279439243,0.21592560093895752,0.8844713135755276,0.08536877932656528,122.21353072214907,0.0,0.7556817770495199,0.08536877932656528,0.9146312206734347,0.0,0.0,0.0,0.0
0.84942226945489,0.6158438944212358,-42.46022904944199,0.4207602077764607,0.7066943803425146,0.9732607433638993,0.8931387183794335,0.3424328083823768,199.74770310030004,0.0,0.6158438944212358,0.3424328083823768,0.6575671916176232,0.0,0.0,1.0,0.0
0.003504663531058272,0.02762975580841509,-10.569569089728368,0.19946268683305202,0.06076926839624086,0.23714807323650222,0.4261001539808602,0.7305662704334048,147.40697371716877,0.0,0.02762975580841509,0.7305662704334048,0.26943372956659517,0.0,0.0,0.0,0.0
0.23762121756042043,0.5032704481005844,-4.427153676085872,0.8150077769837577,0.3231897848317934,0.9822645613556963,0.708620400435131,0.06244935566678178,64.92249986040942,0.0,0.5032704481005844,0.06244935566678178,0.9375506443332182,0.0,0.0,1.0,0.0
0.16840794901002998,0.7278558680501468,-48.97566444945433,0.5114867692088335,0.09326012018083174,0.9208861578301951,0.34396061358356755,0.9081320565606308,192.2825898674762,0.0,0.7278558680501468,0.9081320565606308,0.09186794343936922,0.0,0.0,1.0,0.0
0.006128647313680791,0.46413518719873204,-58.52063665758643,0.9086927663029059,0.5184075447345758,0.07494401269849682,0.11027672827656687,0.38350902449273905,191.6327870022045,0.0,0.46413518719873204,0.38350902449273905,0.616490975507261,0.0,0.0,0.0,0.0
0.6929091515680809,0.8676188661891324,-38.01260121960122,0.04321369954999832,0.9743176372044141,0.017172990662369547,0.947651653081089,0.3686774238491447,61.41265670306341,0.0,0.8676188661891324,0.3686774238491447,0.6313225761508553,0.0,0.0,0.0,1.0
0.6891572317245083,0.9805403040313542,-2.062456629744446,0.16093701120241843,0.18124780606615498,0.5655389146196601,0.6373048264283244,0.7394179136658656,85.34705046610065,0.0,0.9805403040313542,0.7394179136658656,0.2605820863341344,0.0,0.0,1.0,1.0
0.9590070867644345,0.6387392562892379,-9.177184867766712,0.5400657152841718,0.4142768475898826,0.977182906594996,0.5821213708198361,0.8668735827991789,193.4609354912806,0.0,0.6387392562892379,0.8668735827991789,0.13312641720082108,0.0,1.0,1.0,0.0
0.6753546270086592,0.548938678518675,-59.78934894536096,0.04001964073900599,0.20085121605111633,0.18600843185599525,0.25475879519984534,0.3049346376976608,110.40916909710197,0.0,0.548938678518675,0.3049346376976608,0.6950653623023392,0.0,0.0,0.0,0.0
0.42053769006887654,0.09886633845601467,-57.458284082833075,0.6739444490730234,0.5373348248430777,0.44414420222011963,0.6344399411683523,0.8276794072035405,119.87700727626864,0.0,0.09886633845601467,0.8276794072035405,0.1723205927964595,0.0,1.0,0.0,0.0
0.6411194650519794,0.9535722238351587,-9.622530248306354,0.42600081050240945,0.644716837814743,0.17707092191593976,0.5605221848950899,0.9813282911384428,132.56411612835313,0.0,0.9535722238351587,0.9813282911384428,0.018671708861557224,0.0,1.0,0.0,1.0
0.9276382991901473,0.4073349205032607,-0.06931036892213172,0.5792200352275578,0.042268994235934554,0.5867547966913881,0.27457269567959663,0.03248132203589471,174.91946265725286,0.0,0.4073349205032607,0.03248132203589471,0.9675186779641053,1.0,0.0,1.0,0.0
0.2757296369807559,0.7965485540464985,-42.706945022647986,0.19432635387377428,0.9739355741044274,0.36164532775501956,0.6013762114431604,0.6099814928144716,138.46628750429025,0.0,0.7965485540464985,0.6099814928144716,0.39001850718552844,0.0,1.0,0.0,0.0
0.9146957435212146,0.6744410713668685,-35.77601975370419,0.862380384524274,0.1810628991159644,0.5442367576104175,0.9505503719437564,0.6253976298804127,174.37558306648268,0.0,0.6744410713668685,0.6253976298804127,0.3746023701195873,0.0,0.0,1.0,0.0
0.6535607255451928,0.8393708635378904,-3.330727209285385,0.2729217275327368,0.16966108125671886,0.4839907503325399,0.7018624268242158,0.2271912531822161,60.57420306022339,0.0,0.8393708635378904,0.2271912531822161,0.7728087468177839,0.0,0.0,0.0,1.0
0.34293511583670533,0.9688593354677885,-18.3019523636492,0.40132544394122394,0.19257609734684034,0.356089673754747,0.16983943330124796,0.10630582131295141,186.94393216015754,0.0,0.9688593354677885,0.10630582131295141,0.8936941786870486,0.0,0.0,0.0,0.0
0.9976503383754736,0.1641144395957903,-56.728646467303214,0.32973110714621234,0.4616591807614153,0.20482124707585447,0.30142491179855846,0.2008707356916577,168.39647958054317,0.0,0.1641144395957903,0.2008707356916577,0.7991292643083423,1.0,0.0,0.0,0.0
0.7125779432472608,0.6349515157609817,-36.76692857524772,0.909040941314236,0.96953254153502,0.173639312625412,0.22301264141187804,0.5256310280003696,72.77507969951434,0.0,0.6349515157609817,0.5256310280003696,0.47436897199963035,0.0,0.0,0.0,0.0
0.4364483988231128,0.5817912647777101,-28.675585731760012,0.33090858307802606,0.5424458060772068,0.9588009542588478,0.20601740429137605,0.6548313583940036,66.07553718184727,0.0,0.5817912647777101,0.6548313583940036,0.34516864160599636,0.0,1.0,1.0,0.0
0.06641640448143493,0.551828224223585,-53.70364918032303,0.022346788426857334,0.1715129976480222,0.5648491709995744,0.7033409545189324,0.20247856414138,153.55632120914441,0.0,0.551828224223585,0.20247856414138,0.79752143585862,0.0,0.0,1.0,0.0
0.18247633109922934,0.6134574266312571,-35.28241920625207,0.6537995093336167,0.9950527524792473,0.937816965232562,0.004281757836103628,0.8854387643623057,69.30871132446731,0.0,0.6134574266312571,0.8854387643623057,0.11456123563769427,0.0,1.0,1.0,0.0
0.9530465861598449,0.2818256790996847,-37.077910175323744,0.09163820517572785,0.1122727583289096,0.7267405652293196,0.9443322357482916,0.6107484949543095,160.21900217375355,0.0,0.2818256790996847,0.6107484949543095,0.3892515050456905,0.0,0.0,1.0,0.0
0.7619697445971535,0.2628142745529417,-57.286222144787104,0.0018727439191685846,0.35064928295401865,0.2414642281992161,0.062317725049185646,0.17952829249366675,77.4298457575127,0.0,0.2628142745529417,0.17952829249366675,0.8204717075063332,1.0,0.0,0.0,0.0
0.9148783806173704,0.14026721345916893,-27.74109216073925,0.5931059551121646,0.5434894577086338,0.09905643421598798,0.3187983617505512,0.05127033246315327,115.39378797348425,0.0,0.14026721345916893,0.05127033246315327,0.9487296675368467,1.0,0.0,0.0,0.0
0.188598931271592,0.5616325332843798,-18.431496369053967,0.5321198602047065,0.43423669661139574,0.3873334208566924,0.8416917680970037,0.21936806506527007,162.79056753404166,0.0,0.5616325332843798,0.21936806506527007,0.7806319349347299,0.0,0.0,0.0,0.0
0.757482324740119,0.4192000072707345,-42.16196404646164,0.47054148604597523,0.0932139258926985,0.04593003222908998,0.11160319945189179,0.18714503146222616,130.58475484732602,0.0,0.4192000072707345,0.18714503146222616,0.8128549685377738,1.0,0.0,0.0,0.0
0.8491366361611221,0.23564233199968698,-3.8902793551933144,0.9549079089350034,0.9589046048452052,0.8375627346763238,0.3638250407977206,0.07268391100262306,139.63462244730928,1.0,0.23564233199968698,0.07268391100262306,0.9273160889973769,1.0,0.0,1.0,0.0
0.5586814439372337,0.8499757671095955,-0.24053694323369257,0.5081573065601476,0.34520403103978425,0.185901711556267,0.004799824817370735,0.5091136924888792,137.77261333836339,0.0,0.8499757671095955,0.5091136924888792,0.49088630751112083,0.0,0.0,0.0,0.0
0.8249384798173974,0.5045769678928006,-5.011899080036606,0.6280834765714355,0.8403362382210832,0.1483017348077471,0.8553361303023147,0.6751438544438484,83.83262454136627,0.0,0.5045769678928006,0.6751438544438484,0.3248561455561516,0.0,1.0,0.0,0.0
0.18976355814601087,0.9265006190442213,-58.067078372977626,0.4625349432957061,0.31347528993410156,0.665077439998428,0.839629387568992,0.36037812155656956,119.7662922251972,0.0,0.9265006190442213,0.36037812155656956,0.6396218784434304,0.0,0.0,1.0,0.0
0.9819177845014142,0.7839165096792028,-6.167752144092518,0.43876222065162973,0.23407620398411522,0.4118634653864517,0.7160919178315135,0.10943040483597932,97.86567478631125,0.0,0.7839165096792028,0.10943040483597932,0.8905695951640207,0.0,0.0,0.0,1.0
0.046635900461590385,0.43234773833813156,-10.353255841223202,0.0246636882980108,0.675323526807166,0.9324958745137396,0.23692786151118228,0.6936348407276481,196.51426615402804,0.0,0.43234773833813156,0.6936348407276481,0.30636515927235186,0.0,1.0,1.0,0.0
0.9622780601524632,0.23492919302914328,-53.980136807275876,0.14828253789591594,0.7020356684821422,0.7257588754532756,0.674236561628199,0.3360783877422381,83.7687715661371,1.0,0.23492919302914328,0.3360783877422381,0.6639216122577619,0.0,0.0,1.0,0.0
0.5807610919522531,0.4836804457578665,-16.26995117266179,0.44136007868562144,0.3386396946864684,0.2934785773590144,0.21147032004974653,0.2657463761866614,73.27626143817419,0.0,0.4836804457578665,0.2657463761866614,0.7342536238133386,1.0,0.0,0.0,0.0
0.34685701092888954,0.0365698123629582,-48.81516917002039,0.7467704446194291,0.32546898867662266,0.6682370169773438,0.7168841755972774,0.5811853427321135,194.2176837911558,0.0,0.0365698123629582,0.5811853427321135,0.41881465726788647,0.0,0.0,1.0,0.0
0.021439866623113257,0.7386526505881421,-2.4728013635755204,0.8622717293529393,0.16789269180501332,0.3268203062517321,0.1724518398764654,0.6013083638147041,159.70631747712892,0.0,0.7386526505881421,0.6013083638147041,0.3986916361852959,0.0,0.0,0.0,0.0
0.3170737693630582,0.5395065739842955,-18.544765795728303,0.42133981661104836,0.8540155304554593,0.7715499352878171,0.06466554385057066,0.621125299090829,92.94557713436495,0.0,0.5395065739842955,0.621125299090829,0.37887470090917097,0.0,1.0,1.0,0.0
0.5575182646672753,0.9568884426329662,-7.256279726864989,0.4045164031151317,0.2915138583443534,0.234405744408259,0.5325148697565201,0.11424845325805633,136.89850113795478,0.0,0.9568884426329662,0.11424845325805633,0.8857515467419437,0.0,0.0,0.0,0.0
0.0013336394907920157,0.32384963074584483,-46.803941170165125,0.971218789960782,0.727242319569979,0.3496533804622377,0.09284508653062051,0.516800594690624,89.88270338564593,1.0,0.32384963074584483,0.516800594690624,0.483199405309376,0.0,0.0,0.0,0.0
0.5364295458983578,0.8353623541788925,-23.052446873916878,0.6337884195450022,0.5410302890628115,0.9272656326314092,0.9319026844206033,0.5127232010735522,102.80632820009062,0.0,0.8353623541788925,0.5127232010735522,0.4872767989264478,0.0,0.0,1.0,0.0
0.4595870058794439,0.18655791219561568,-21.81934108091464,0.5000923357822332,0.10330047781327989,0.19764778111961534,0.4796319561995268,0.8875889907188583,139.29470088835365,0.0,0.18655791219561568,0.8875889907188583,0.11241100928114167,0.0,0.0,0.0,0.0
0.6815350002084708,0.3390285497439097,-25.715316417345946,0.4473798226380674,0.6591299126231607,0.05057556607901037,0.49330021623895914,0.29599262514396696,105.66590857890729,1.0,0.3390285497439097,0.29599262514396696,0.704007374856033,1.0,0.0,0.0,0.0
0.9609174315580614,0.18269481271138277,-41.32528484528419,0.5098925757308718,0.8630269481496237,0.41667008320637045,0.743865280888171,0.8563740982148024,103.40228981505885,1.0,0.18269481271138277,0.8563740982148024,0.14362590178519763,0.0,1.0,0.0,0.0
0.39275018353870994,0.35655622368835627,-10.028651482924737,0.04434686195360116,0.30842108882868,0.6794085575951299,0.5654434995653427,0.4362893592936943,135.5927518109938,0.0,0.35655622368835627,0.4362893592936943,0.5637106407063057,0.0,0.0,1.0,0.0
0.19758458582831828,0.4307166216080104,-29.897820949419057,0.9011891219546017,0.26083516280397634,0.8678285021649326,0.6442414008259819,0.020340831067600984,161.4483871659151,0.0,0.4307166216080104,0.020340831067600984,0.979659168932399,1.0,0.0,1.0,0.0
0.03555187754905509,0.9973811268138131,-7.641798738528131,0.29734374754004567,0.2574112301967054,0.3814410821056089,0.35616696531444303,0.37233781838538105,104.55871645672727,0.0,0.9973811268138131,0.37233781838538105,0.627662181614619,0.0,0.0,0.0,0.0
0.6211334068483314,0.16426366372062395,-9.241122453239207,0.8124024840313153,0.47648320785527043,0.8527299652785476,0.2471450700302933,0.017565455703966948,146.68910950417524,0.0,0.16426366372062395,0.017565455703966948,0.982434544296033,1.0,0.0,1.0,0.0
0.4579094069647154,0.5671645462958707,-6.039635458895816,0.9699255735659434,0.634453139755603,0.7640555898524384,0.08380843348716427,0.16071558489150561,162.6486726934167,0.0,0.5671645462958707,0.16071558489150561,0.8392844151084944,0.0,0.0,1.0,0.0
0.43136545638800194,0.4459652704044057,-41.4835391018738,0.6073563834777438,0.1851650454162026,0.6269162793138956,0.17379885713523968,0.0638260347097136,106.25007641786854,0.0,0.4459652704044057,0.0638260347097136,0.9361739652902864,1.0,0.0,1.0,0.0
0.23114034200984768,0.8889916385563323,-56.70279276788241,0.17661369257412285,0.5487196055830494,0.4810671908474736,0.04585201837470154,0.007252428015144474,198.32951187456098,0.0,0.8889916385563323,0.007252428015144474,0.9927475719848555,0.0,0.0,0.0,0.0
0.6588347003588382,0.3654061309015568,-31.774065140205522,0.26655012045428694,0.34487378369320976,0.649044467268214,0.8828117988673707,0.18413002308118487,177.65061075394462,0.0,0.3654061309015568,0.18413002308118487,0.8158699769188151,1.0,0.0,1.0,0.0
0.12155662951826907,0.2149922235883912,-57.76948271702124,0.14081186209299945,0.9173031454640506,0.4594387466183786,0.07766586177835355,0.9597268380389613,183.058923086211,1.0,0.2149922235883912,0.9597268380389613,0.040273161961038695,0.0,1.0,0.0,0.0
0.7546825208681412,0.9334727919475578,-46.79223474985415,0.8363692930100863,0.6899911963543062,0.8697592495676884,0.7969115657426298,0.346495063176825,168.41579518241576,0.0,0.9334727919475578,0.346495063176825,0.653504936823175,0.0,0.0,1.0,1.0
0.2624563029848903,0.32859216302805483,-53.52565696662143,0.9350766159804688,0.29100336340028155,0.5206224651714518,0.39133283646619266,0.9599281205835015,106.90688393138754,0.0,0.32859216302805483,0.9599281205835015,0.04007187941649848,0.0,0.0,1.0,0.0
0.778545821422689,0.85541615463118,-33.86361015114204,0.37817181445293124,0.747745820932628,0.9128959803062341,0.7549317330722383,0.2271263655918656,184.36308464127876,0.0,0.85541615463118,0.2271263655918656,0.7728736344081344,0.0,0.0,1.0,1.0
0.3875816674368331,0.5762294117779343,-10.113862842437335,0.1883947674004922,0.7845101356775531,0.5961627979106775,0.8933416418276082,0.17197040184354295,118.89551318572998,0.0,0.5762294117779343,0.17197040184354295,0.828029598156457,0.0,0.0,1.0,0.0
0.8328430928668374,0.019231703456760174,-53.26791799406143,0.9905652127567347,0.28039417859035054,0.9755431937239534,0.1825315510086739,0.3610944430073356,165.4017222304999,0.0,0.019231703456760174,0.3610944430073356,0.6389055569926644,0.0,0.0,1.0,0.0
0.6577784072381785,0.5811223999290556,-28.206049451699545,0.8434404436647402,0.23494856283339272,0.4424709269935184,0.15545229215645728,0.5959415957307044,95.07621939798483,0.0,0.5811223999290556,0.5959415957307044,0.4040584042692956,0.0,0.0,0.0,0.0
0.3338420643433858,0.47125071662352813,-58.39376485781233,0.09193793592083765,0.6859292207082196,0.42896998071750725,0.8647902219998954,0.6946720036441995,61.134131830625144,0.0,0.47125071662352813,0.6946720036441995,0.30532799635580055,0.0,1.0,0.0,0.0
0.6167123307671348,0.09372486605971642,-13.144009212570346,0.991507688278502,0.5311987942415115,0.6827795001941304,0.23731416089475155,0.43759774375379357,179.8533465130937,0.0,0.09372486605971642,0.43759774375379357,0.5624022562462064,0.0,0.0,1.0,0.0
0.16742294774625122,0.2655356056137621,-33.273979482838186,0.712248891844014,0.3758839547956738,0.9277322797830039,0.09445705126871917,0.3708041975448475,159.25357727997908,0.0,0.2655356056137621,0.3708041975448475,0.6291958024551525,0.0,0.0,1.0,0.0
0.22598676566149245,0.656413134229673,-50.146982506359244,0.05598028486168638,0.12101571674864886,0.9299847831341347,0.5517508829395513,0.796345775479649,106.57163012670716,0.0,0.656413134229673,0.796345775479649,0.20365422452035098,0.0,0.0,1.0,0.0
0.5926586478854466,0.4949521337049916,-3.25572243586236,0.7475746360541103,0.730542631496579,0.04635326943427953,0.5496696690036911,0.46699145390181485,189.89791732486722,0.0,0.4949521337049916,0.46699145390181485,0.5330085460981852,0.0,0.0,0.0,0.0
0.25734198818953224,0.2698334532910943,-35.319225067109976,0.24336971340637603,0.1291839178087495,0.8574148466508008,0.5582765244039158,0.8613627189565668,176.35886715651742,0.0,0.2698334532910943,0.8613627189565668,0.1386372810434332,0.0,0.0,1.0,0.0
0.2820423547896711,0.547737444324274,-55.00693783559577,0.9152518840307584,0.4042627150651531,0.39367618388902137,0.3027553706179532,0.4606637447107038,95.24631411636273,0.0,0.547737444324274,0.4606637447107038,0.5393362552892962,0.0,0.0,0.0,0.0
0.37485227279680455,0.7999470485848819,-9.94466978488969,0.30418247762851613,0.4690144305527879,0.8738197762800523,0.052673331829697134,0.8891449619957854,90.68580839132643,0.0,0.7999470485848819,0.8891449619957854,0.11085503800421459,0.0,1.0,1.0,0.0
0.6785392442143758,0.5825516963846002,-26.823555108644875,0.8593602247528214,0.10157214364466127,0.34702802532563604,0.5382527463447656,0.8112888539460398,90.302031677634,0.0,0.5825516963846002,0.8112888539460398,0.18871114605396022,0.0,0.0,0.0,0.0
0.8029298413742763,0.39963848249393574,-48.665168613978274,0.7589864404434826,0.09089890147454782,0.5147673740754429,0.06387578386188841,0.35641785515778757,144.15075186089496,0.0,0.39963848249393574,0.35641785515778757,0.6435821448422124,0.0,0.0,1.0,0.0
0.5561155414872131,0.4046554179046665,-34.25712036167306,0.22676955335076654,0.4558825884241029,0.9532548557208342,0.8504529177837904,0.1452328690763438,64.16931022492894,0.0,0.4046554179046665,0.1452328690763438,0.8547671309236562,1.0,0.0,1.0,0.0
0.9335243127166306,0.5267497498807476,-27.72973061104154,0.7807179957065223,0.31468897387132655,0.48190756883600216,0.9686629131467376,0.6721486869324071,81.52430447941003,0.0,0.5267497498807476,0.6721486869324071,0.32785131306759285,0.0,0.0,0.0,0.0
0.1332267479843533,0.2042647583330054,-13.997299534756948,0.29537700384061605,0.021388846675079787,0.9441743635056619,0.16971341639491067,0.009558186148068581,93.19842433366522,0.0,0.2042647583330054,0.009558186148068581,0.9904418138519314,1.0,0.0,1.0,0.0
0.2350287871181337,0.42200525084572305,-4.77661010999779,0.8791849177790979,0.4568945549824279,0.4108999049918065,0.5550090864748513,0.24345401197176575,67.3058988752908,0.0,0.42200525084572305,0.24345401197176575,0.7565459880282343,1.0,0.0,0.0,0.0
0.9392241361712067,0.18669898487717274,-48.095956245257014,0.4724603288539476,0.4916133448403307,0.018434209700741944,0.1479547387739707,0.37815481856074173,155.72229709147547,0.0,0.18669898487717274,0.37815481856074173,0.6218451814392583,0.0,0.0,0.0,0.0
0.22841845683193585,0.42301444624176265,-26.55929611701199,0.888592494623292,0.3260705023271233,0.13355826586348352,0.4892722258976082,0.7467216016840621,75.38036598738267,0.0,0.42301444624176265,0.7467216016840621,0.2532783983159379,0.0,0.0,0.0,0.0
0.4246834916969604,0.017785141262483428,-57.98644910116493,0.4829533632166656,0.29819729815092944,0.8451072990054121,0.6021543061264543,0.45393296174299036,117.11095194760148,0.0,0.017785141262483428,0.45393296174299036,0.5460670382570096,0.0,0.0,1.0,0.0
0.49724548018956327,0.04043883121266134,-6.432398614760402,0.9983031557339583,0.18148712485869867,0.12038296477461974,0.14357746344859523,0.6610270582343671,152.60171738310845,0.0,0.04043883121266134,0.6610270582343671,0.33897294176563286,0.0,0.0,0.0,0.0
0.8479241622784109,0.7518263884262533,-33.01861959783962,0.6128553615653188,0.6882846703680079,0.5127364702852252,0.47565098445163667,0.6450974456426533,138.04643685659153,0.0,0.7518263884262533,0.6450974456426533,0.35490255435734674,0.0,1.0,1.0,1.0
0.6439423053359103,0.6128547739633639,-16.848206369180723,0.6428035087828761,0.5197424864372673,0.6817968112843865,0.44948196518542805,0.24167122597260104,60.19855081874817,0.0,0.6128547739633639,0.24167122597260104,0.758328774027399,0.0,0.0,1.0,0.0
0.5599641471458432,0.590655226608641,-1.67706211345714,0.36147833409427554,0.39413324282831175,0.20179958134219023,0.07053429523732191,0.7728044928617406,94.9553490075055,0.0,0.590655226608641,0.7728044928617406,0.22719550713825942,0.0,0.0,0.0,0.0
0.6089048610300379,0.6877730355454815,-31.72579876250114,0.8763521130271916,0.44379484097972877,0.2849086230417651,0.8960155229616223,0.8615642842499565,82.96559259069782,0.0,0.6877730355454815,0.8615642842499565,0.13843571575004354,0.0,1.0,0.0,0.0
0.02596101835392095,0.08998555634962069,-42.80715608677097,0.9722598017417107,0.558516153160825,0.3732617320292688,0.8887160946127464,0.45313633147849963,104.13340797614296,0.0,0.08998555634962069,0.45313633147849963,0.5468636685215004,0.0,0.0,0.0,0.0
0.9412195287456574,0.849517666192678,-9.379897474833541,0.5122847430502131,0.789438398815455,0.17935335926455187,0.5732229575562436,0.9838459228475457,100.73418027251464,0.0,0.849517666192678,0.9838459228475457,0.016154077152454316,0.0,1.0,0.0,1.0
0.7943523292476752,0.49047840720806724,-57.61165900667476,0.7630193978156674,0.1685691443921128,0.6314735671327502,0.0856641940469729,0.9468673974959648,100.84134420525052,0.0,0.49047840720806724,0.9468673974959648,0.053132602504035176,0.0,0.0,1.0,0.0
0.2264646916773949,0.1291364040663343,-3.2398683996571336,0.7119037424413052,0.7416608887180887,0.4994045613802446,0.4747277852704834,0.11002124299147664,138.37775338175885,1.0,0.1291364040663343,0.11002124299147664,0.8899787570085234,1.0,0.0,0.0,0.0
0.24691649510879043,0.9771453328004058,-12.205143599091159,0.4129920601928876,0.15134125869153303,0.785331691138784,0.12205376708131599,0.1893337534970705,89.61287248419184,0.0,0.9771453328004058,0.1893337534970705,0.8106662465029295,0.0,0.0,1.0,0.0
0.5568906382730944,0.7870566539903663,-41.14110727651847,0.08466981427528941,0.4645384635244192,0.7481102411599355,0.2216638430873883,0.21992454803937422,192.61178382853953,0.0,0.7870566539903663,0.21992454803937422,0.7800754519606258,0.0,0.0,1.0,0.0
0.9541537271191779,0.9904657320615764,-11.540423905513194,0.18818416916794556,0.21198152079926136,0.340225241522392,0.31813253133349084,0.9565277490780091,170.4703576034371,0.0,0.9904657320615764,0.9565277490780091,0.04347225092199092,0.0,0.0,0.0,1.0
0.7240087921615539,0.18596322405813182,-5.428466438260223,0.8278703795061738,0.1636418413279237,0.8711703319609725,0.2722475363704713,0.08086974583210604,151.9551229119894,0.0,0.18596322405813182,0.08086974583210604,0.919130254167894,1.0,0.0,1.0,0.0
0.6538046593843306,0.09493200956561809,-40.868891463805056,0.9928144622555386,0.6784266670087369,0.7300751666033292,0.21291728560430567,0.07878207100391432,98.76623656373127,1.0,0.09493200956561809,0.07878207100391432,0.9212179289960857,1.0,0.0,1.0,0.0
0.24889838519319196,0.2345441007480531,-48.43474068677763,0.5747556906554043,0.32810347584182176,0.8203450150475304,0.183947417847384,0.4646270708685445,61.9120970996512,0.0,0.2345441007480531,0.4646270708685445,0.5353729291314555,0.0,0.0,1.0,0.0
0.48168232245519205,0.05583822087647439,-1.336589287641381,0.7905921286504128,0.4901114766364554,0.08658735817935026,0.5924454407904143,0.7587637507018775,86.70041542066434,0.0,0.05583822087647439,0.7587637507018775,0.24123624929812248,0.0,1.0,0.0,0.0
0.5682083407874908,0.814210898382868,-13.905133341221017,0.8029920178671529,0.8793234248697198,0.9376821021594702,0.40552115520353593,0.5687691025228773,170.69233364638552,0.0,0.814210898382868,0.5687691025228773,0.43123089747712273,0.0,0.0,1.0,0.0
0.6971398139457832,0.9955202282643788,-59.17934093372135,0.3551332153157907,0.28102792627020245,0.2623158501655346,0.22252978249888578,0.7091238408152291,71.86632625854506,0.0,0.9955202282643788,0.7091238408152291,0.29087615918477094,0.0,0.0,0.0,1.0
0.7416088339433383,0.6934258420162734,-44.951752049946215,0.25283378316516125,0.6288605853445022,0.7621711054836778,0.8764856130873655,0.8521395638544758,195.08361918293943,0.0,0.6934258420162734,0.8521395638544758,0.14786043614552424,0.0,1.0,1.0,0.0
0.5813848953365112,0.9086555613403596,-11.489203604375355,0.8946676243140136,0.011626601285366633,0.965902991865811,0.4735301628464783,0.7981829895748429,77.80857670728932,0.0,0.9086555613403596,0.7981829895748429,0.2018170104251571,0.0,0.0,1.0,0.0
0.3959410958139741,0.2714606630209909,-42.50047376994378,0.12325561995088175,0.805763832543007,0.00924231458107816,0.3125054569852025,0.17441054321641503,142.46545168516766,1.0,0.2714606630209909,0.17441054321641503,0.825589456783585,1.0,0.0,0.0,0.0
0.25425240261454385,0.25899845452809966,-30.699711360280876,0.6526890393409257,0.12130470456516362,0.17551145246549615,0.2471747445945176,0.9737482141179605,115.60134999200885,0.0,0.25899845452809966,0.9737482141179605,0.02625178588203947,0.0,0.0,0.0,0.0
0.5989900906310265,0.24154281271597788,-30.572428490550724,0.07411917438595805,0.03474214592232694,0.4687335268214602,0.39865928751841206,0.13688031969182768,156.26420004890272,0.0,0.24154281271597788,0.13688031969182768,0.8631196803081723,1.0,0.0,0.0,0.0
0.9929034908992644,0.39564682119671246,-22.52648184495633,0.9629759423644857,0.8315349724468752,0.46355222330268575,0.7374894844599194,0.12813504025052402,131.6945397649319,1.0,0.39564682119671246,0.12813504025052402,0.871864959749476,1.0,0.0,0.0,0.0
0.27906027717993653,0.1611636878961611,-34.42314562472791,0.13101455443361443,0.6989851081744856,0.4562400440533355,0.5311446325646638,0.146375938668157,79.56803255308922,1.0,0.1611636878961611,0.146375938668157,0.853624061331843,1.0,0.0,0.0,0.0
0.5834154352601241,0.9850097478294463,-54.224965005736465,0.28573142856578126,0.8694591165378875,0.07227201225523694,0.8758857213669513,0.5242859833747512,117.15734834969962,0.0,0.9850097478294463,0.5242859833747512,0.4757140166252488,0.0,0.0,0.0,0.0
0.30968056435145586,0.2971171581278419,-41.65184505303127,0.8848030809601958,0.7237952301747855,0.6697230078311506,0.7987491489520008,0.257114663004145,146.52599369144582,1.0,0.2971171581278419,0.257114663004145,0.742885336995855,1.0,0.0,1.0,0.0
0.46006623895795096,0.7824416352001934,-41.44463337160287,0.6431786168698957,0.8822124118173135,0.4021504761949287,0.06662208736746145,0.5160508223417928,108.43614829298363,0.0,0.7824416352001934,0.5160508223417928,0.4839491776582072,0.0,0.0,0.0,0.0
0.672225380547175,0.9510329247486061,-30.86350092018918,0.46619023015553385,0.6545848001914603,0.10349750359356769,0.25350618892501464,0.9189793255003985,153.79196587092727,0.0,0.9510329247486061,0.9189793255003985,0.08102067449960149,0.0,1.0,0.0,1.0
0.013444043983416254,0.20462547255901986,-19.02976403826606,0.7643992025625742,0.8398595726740419,0.2921768033820449,0.9310285962775626,0.5529468935778924,157.515463134305,1.0,0.20462547255901986,0.5529468935778924,0.4470531064221076,0.0,0.0,0.0,0.0
0.596738862779908,0.12274005467462046,-2.213120436907211,0.12287557989415265,0.2548819564111836,0.8136278802229802,0.6185969615011014,0.838149165376357,132.20306637236627,0.0,0.12274005467462046,0.838149165376357,0.16185083462364303,0.0,0.0,1.0,0.0
0.37699323536663487,0.9218454995477849,-57.824860949112306,0.8561302203530459,0.23081778518778162,0.8487363277539678,0.1391966134168856,0.5802189636905405,184.33510866160609,0.0,0.9218454995477849,0.5802189636905405,0.4197810363094595,0.0,0.0,1.0,0.0
0.4735396468988905,0.7465666738033929,-11.719702928666493,0.7364942087167792,0.9253297368745983,0.44683423051992865,0.17312543916515577,0.047811063702479784,94.50438174925071,0.0,0.7465666738033929,0.047811063702479784,0.9521889362975202,0.0,0.0,0.0,0.0
0.1431975038802421,0.5579487414344805,-48.903279767296084,0.03893370728937118,0.03598982886866786,0.8315694983648616,0.5914499314430248,0.35808530189337817,185.19192598363458,0.0,0.5579487414344805,0.35808530189337817,0.6419146981066218,0.0,0.0,1.0,0.0
0.0701966114077136,0.9803220727278259,-23.02249258473234,0.18346425396884847,0.6790690989769685,0.7633812597835626,0.4293427833707745,0.8616326062455474,81.10253702150584,0.0,0.9803220727278259,0.8616326062455474,0.13836739375445262,0.0,1.0,1.0,0.0
0.27883758357760835,0.09349236158398977,-47.34732956355887,0.23872881191114503,0.9176331909217101,0.0781096887511562,0.42741512018770944,0.532398687226913,185.81702753230252,1.0,0.09349236158398977,0.532398687226913,0.46760131277308703,0.0,0.0,0.0,0.0
0.9976962186612135,0.7533881149198358,-1.7525405658582258,0.7871011325358738,0.9632026409714166,0.7072707259444552,0.07976342545107107,0.4019201869926765,150.52361973234585,0.0,0.7533881149198358,0.4019201869926765,0.5980798130073235,0.0,0.0,1.0,1.0
0.350718509454251,0.2733839181137786,-25.35604397201454,0.9335018767024349,0.03498187351615356,0.7692312035414377,0.7227272780446271,0.9639534253882871,190.2995711265561,0.0,0.2733839181137786,0.9639534253882871,0.0360465746117129,0.0,0.0,1.0,0.0
0.7622325620441929,0.5204087646825987,-47.74394680598881,0.5452357183255744,0.7653519939196538,0.8956692126378931,0.7897120092105491,0.19526693519105398,143.95608399192832,0.0,0.5204087646825987,0.19526693519105398,0.804733064808946,0.0,0.0,1.0,0.0
0.332173459531357,0.009205667390642991,-47.986743852680036,0.11322064993344927,0.8427191235394685,0.258506252147812,0.2846979688875555,0.9599365717988843,113.0721412268393,1.0,0.009205667390642991,0.9599365717988843,0.04006342820111575,0.0,1.0,0.0,0.0
0.009585640144394558,0.28384614834613653,-52.84202516389125,0.10280856173585395,0.07748729013574951,0.5932594701753773,0.18934772362985863,0.36124279404101045,180.68248025820236,0.0,0.28384614834613653,0.36124279404101045,0.6387572059589895,0.0,0.0,1.0,0.0
0.42433813979627566,0.9156913500516376,-30.123716796263626,0.39883661483975574,0.7503889270907016,0.0731750987680021,0.08947838298241739,0.6519737139229607,128.17169985349477,0.0,0.9156913500516376,0.6519737139229607,0.34802628607703934,0.0,1.0,0.0,0.0
0.7904152503192102,0.9162708373435314,-36.69798733970715,0.5964100265846463,0.5006966277953099,0.9816106556424329,0.8310844073565952,0.9117377082773536,95.60761226086458,0.0,0.9162708373435314,0.9117377082773536,0.08826229172264644,0.0,1.0,1.0,1.0
0.7725264231625943,0.2654732249976489,-47.47544799429661,0.9442661596555508,0.019304416717866646,0.9653887036634297,0.1492618969888062,0.8194380817932682,98.62915742953443,0.0,0.2654732249976489,0.8194380817932682,0.18056191820673184,0.0,0.0,1.0,0.0
0.3507023274307274,0.21675771132198496,-24.869157451135223,0.3480955475078741,0.6573930394946632,0.015647317942065975,0.06437488351503962,0.09966115273124865,118.65911594343234,1.0,0.21675771132198496,0.09966115273124865,0.9003388472687514,1.0,0.0,0.0,0.0
0.8147961726599761,0.8881779103783827,-45.311355596345955,0.574369724239014,0.7683649926926005,0.2888294299196087,0.4090077367362732,0.5239742026857139,78.88247849712667,0.0,0.8881779103783827,0.5239742026857139,0.47602579731428607,0.0,0.0,0.0,1.0
0.025982293725780314,0.15280580931828325,-22.388782724787994,0.07361826153368167,0.1896963648501283,0.3378538856953037,0.07787006430636634,0.19169927116163443,187.57777045769154,0.0,0.15280580931828325,0.19169927116163443,0.8083007288383656,1.0,0.0,0.0,0.0
0.01929913222698476,0.6534319241743621,-36.9354641450889,0.6726487394323711,0.5886917203634046,0.22349875435464428,0.8472094875733885,0.4919403826093567,175.15504264788603,0.0,0.6534319241743621,0.4919403826093567,0.5080596173906433,0.0,0.0,0.0,0.0
0.4060125361882192,0.984685553915239,-13.77063848992222,0.9659502051125735,0.5143264789098588,0.4736911322907005,0.7554538093252579,0.8802912630134302,194.98041142117813,0.0,0.984685553915239,0.8802912630134302,0.11970873698656981,0.0,1.0,0.0,0.0
0.3245519060324997,0.7987045738426389,-47.3612641418678,0.5455743467454452,0.17984814840919916,0.34739736175033886,0.9313583672064593,0.14609069977308609,148.5361253189275,0.0,0.7987045738426389,0.14609069977308609,0.8539093002269139,0.0,0.0,0.0,0.0
0.5929542729274033,0.12073835270898647,-40.44125737387127,0.5629815045152657,0.18717860898849026,0.8006236564128154,0.9721565095347499,0.21475939996247206,86.16767507068063,0.0,0.12073835270898647,0.21475939996247206,0.7852406000375279,1.0,0.0,1.0,0.0
0.45493507179744463,0.7477652771400322,-43.10396338588492,0.019879908697280402,0.541220628032894,0.9566005677673076,0.39127685540694557,0.4201345541831004,195.64624039596532,0.0,0.7477652771400322,0.4201345541831004,0.5798654458168996,0.0,0.0,1.0,0.0
0.6946076116267283,0.7191719228421252,-26.23787967773594,0.9746092108632416,0.6888664844255561,0.8950327516051695,0.6993788657332212,0.735115824840396,100.65752909991451,0.0,0.7191719228421252,0.735115824840396,0.26488417515960405,0.0,1.0,1.0,1.0
0.303478698013819,0.7829846495760292,-42.19762264980602,0.5627700708015316,0.24935231090670196,0.8169833808090694,0.11050135122769,0.8294466397616644,144.38217207106425,0.0,0.7829846495760292,0.8294466397616644,0.17055336023833556,0.0,0.0,1.0,0.0
0.18690953482707728,0.5420353855061182,-43.05006978915957,0.3234673347304966,0.35152804159688034,0.06331924697232094,0.9859616844014174,0.031534628131224096,152.74956224579898,0.0,0.5420353855061182,0.031534628131224096,0.9684653718687759,0.0,0.0,0.0,0.0
0.37122764775743056,0.6460102909466989,-38.62510481474497,0.6737506462588587,0.7292355094683608,0.6905526403996448,0.11396198135815228,0.6568932346546846,99.19825692357362,0.0,0.6460102909466989,0.6568932346546846,0.34310676534531537,0.0,1.0,1.0,0.0
0.028801370569333518,0.41483067188895395,-33.98741383177194,0.4671741333524465,0.7048241653907162,0.3088438091424591,0.3152805131039226,0.060552256241260594,156.15497023892144,0.0,0.41483067188895395,0.060552256241260594,0.9394477437587394,1.0,0.0,0.0,0.0
0.567826091399584,0.34942511269378806,-17.688661264958718,0.5373577492268772,0.46924494587053966,0.5113245436611265,0.6363481252670565,0.6600026045745995,100.4540946797004,0.0,0.34942511269378806,0.6600026045745995,0.33999739542540053,0.0,1.0,1.0,0.0
0.14074336339115323,0.15663418119051875,-21.6365468458199,0.872873285767126,0.4094962783455518,0.16952016032946238,0.7566024982938546,0.8324894744194485,183.28154203693532,0.0,0.15663418119051875,0.8324894744194485,0.16751052558055146,0.0,1.0,0.0,0.0
0.6068314289137332,0.8607285593880847,-59.07510249309554,0.10723580176952352,0.09257606705209875,0.712604684254733,0.06958178354357902,0.49636437246630705,126.17896580908048,0.0,0.8607285593880847,0.49636437246630705,0.503635627533693,0.0,0.0,1.0,1.0
0.31070352355824093,0.8704051699420998,-49.77400788720024,0.35246278439923984,0.7741715000229291,0.030422314393284244,0.6729504002463687,0.8163977263615706,190.51749743734342,0.0,0.8704051699420998,0.8163977263615706,0.1836022736384294,0.0,1.0,0.0,0.0
0.8762966404914849,0.31938411683368517,-24.81815152062285,0.07729349315046585,0.2578700035480086,0.09422237874750738,0.31518729015396385,0.875187213458729,108.60335755440096,0.0,0.31938411683368517,0.875187213458729,0.12481278654127104,0.0,0.0,0.0,0.0
0.5618981030014264,0.4333808481149408,-32.46500854207588,0.9695720518365583,0.29615446826385794,0.6273244695231713,0.42006266957944705,0.06114618104768621,128.50631642739302,0.0,0.4333808481149408,0.06114618104768621,0.9388538189523138,1.0,0.0,1.0,0.0
0.8133433290451083,0.09875296868168837,-55.82448915622146,0.15363152039326666,0.7644001113893061,0.723995384144738,0.5650177689061106,0.4682264040926324,184.3656140583671,1.0,0.09875296868168837,0.4682264040926324,0.5317735959073676,0.0,0.0,1.0,0.0
0.7666978238334825,0.8119422513018052,-11.204261918960746,0.642717154745558,0.45801462431594586,0.8646777525856504,0.9260074176032507,0.023806043258343013,67.21768225727519,0.0,0.8119422513018052,0.023806043258343013,0.976193956741657,0.0,0.0,1.0,1.0
0.9587432969084373,0.27716061384419477,-7.59783362103488,0.3887951189614026,0.1191000576093556,0.08044320020933426,0.15650789908045648,0.24989319486736472,128.39256955031567,0.0,0.27716061384419477,0.24989319486736472,0.7501068051326353,1.0,0.0,0.0,0.0
0.7014979005657835,0.9863985764852999,-33.50959540264974,0.5181849423431099,0.5218157013832556,0.5394343554879361,0.5177406571044623,0.008774755061917827,60.2414750953777,0.0,0.9863985764852999,0.008774755061917827,0.9912252449380822,0.0,0.0,1.0,1.0
0.09766631812612292,0.10155660342917883,-17.706185462712234,0.20491603251599977,0.8947141047556129,0.9286063295770195,0.9758933378958987,0.9390813048870201,98.06436506859345,1.0,0.10155660342917883,0.9390813048870201,0.06091869511297987,0.0,1.0,1.0,0.0
0.5097768447035125,0.175454970196941,-11.62742068965401,0.8884317051440961,0.8512888392975149,0.4333669486968349,0.758673884686781,0.09757916957626944,65.6342678866951,1.0,0.175454970196941,0.09757916957626944,0.9024208304237306,1.0,0.0,0.0,0.0
0.7532364143087609,0.4253552743286837,-0.2670441156258505,0.0972542158555324,0.8556276815352337,0.4799830655289917,0.827150195503877,0.8171272821701449,188.23888019069082,0.0,0.4253552743286837,0.8171272821701449,0.18287271782985515,0.0,1.0,0.0,0.0
0.2978500112861028,0.9497993534620031,-50.89998237854278,0.08196877759349053,0.43161551737234916,0.8283229686418426,0.4734211306334456,0.8292866775305141,162.15615281120273,0.0,0.9497993534620031,0.8292866775305141,0.1707133224694859,0.0,1.0,1.0,0.0
0.20942838613893355,0.9488816248994638,-56.3531298822358,0.8982797075437949,0.304443448990374,0.5001480831643993,0.4223518727007345,0.17183455691691618,110.14056129623704,0.0,0.9488816248994638,0.17183455691691618,0.8281654430830838,0.0,0.0,1.0,0.0
0.19293443629279527,0.20388647546052385,-48.77658983841718,0.48901738034659425,0.7979313675113155,0.568970033761241,0.8932065885508419,0.6365444885767242,156.5076161885646,1.0,0.20388647546052385,0.6365444885767242,0.3634555114232758,0.0,1.0,1.0,0.0
0.6676072297270031,0.44945919318374117,-18.639670667995034,0.06970774646896116,0.8598514719156631,0.7778121434439174,0.2452299582316788,0.7680324542540824,61.76996419600259,0.0,0.44945919318374117,0.7680324542540824,0.2319675457459176,0.0,1.0,1.0,0.0
0.21724657248088042,0.06513723867089594,-13.186385002926322,0.7558741511783872,0.8136360238018306,0.004481693325528835,0.501232726678408,0.7048361975173365,81.75615802346216,1.0,0.06513723867089594,0.7048361975173365,0.2951638024826635,0.0,1.0,0.0,0.0
0.6497907275126247,0.08411009930968572,-49.120448633741205,0.475796814994601,0.653565152681102,0.1458691269538961,0.1852233308309379,0.204446367065663,93.418112657857,1.0,0.08411009930968572,0.204446367065663,0.795553632934337,1.0,0.0,0.0,0.0
0.22655384852629123,0.39514910849763674,-20.772620949796625,0.43803178313446967,0.7759739087498881,0.7192685059486148,0.12652691404907568,0.04884162332074393,182.91181895994487,1.0,0.39514910849763674,0.04884162332074393,0.9511583766792561,1.0,0.0,1.0,0.0
0.07983106656287342,0.14833918071971308,-58.67200346651292,0.6283363652986538,0.5823705631583486,0.9869036664352556,0.886932396317172,0.4108431774809097,112.0220177277549,0.0,0.14833918071971308,0.4108431774809097,0.5891568225190903,0.0,0.0,1.0,0.0
0.2968520342799851,0.15240692003788137,-51.714980603879454,0.13228370800960543,0.11411475718677855,0.24051204240553692,0.3066686303131164,0.9615789710389159,140.986255140264,0.0,0.15240692003788137,0.9615789710389159,0.038421028961084125,0.0,0.0,0.0,0.0
0.987595774513281,0.37246694782567324,-32.54240204463353,0.32457865916527917,0.18288765089655268,0.14316470777757917,0.9450791978078319,0.9868106817987558,66.28732951122242,0.0,0.37246694782567324,0.9868106817987558,0.013189318201244249,0.0,0.0,0.0,0.0
0.15034587473176653,0.4235240923010226,-48.81999141933556,0.3638803936268833,0.12909634985963336,0.45651175672179023,0.2716946161692593,0.3519050557586608,73.20377120478466,0.0,0.4235240923010226,0.3519050557586608,0.6480949442413392,0.0,0.0,0.0,0.0
0.4281280507101417,0.9832576109615698,-40.27001718712858,0.876429274842435,0.8431991416236851,0.9520584182972106,0.7901095122670945,0.659596827058815,179.92182219184406,0.0,0.9832576109615698,0.659596827058815,0.34040317294118505,0.0,1.0,1.0,0.0
0.07564468065734964,0.4628306571988078,-0.6446256830964714,0.7696001512947322,0.9620753780372231,0.7796343561334791,0.8748819674421442,0.706529632303191,166.47028061841357,0.0,0.4628306571988078,0.706529632303191,0.293470367696809,0.0,1.0,1.0,0.0
0.5231780098395007,0.9242377008141329,-10.497665362598298,0.8438849656656322,0.6730091009630523,0.304579947087249,0.03562979539013933,0.9356551294095445,142.05684883276956,0.0,0.9242377008141329,0.9356551294095445,0.06434487059045546,0.0,1.0,0.0,0.0
0.29814297114814026,0.1491351078475378,-10.228610069954719,0.8365201944475789,0.8145079681305315,0.6450826919667862,0.3660153875918759,0.304070284780257,61.19766781654383,1.0,0.1491351078475378,0.304070284780257,0.695929715219743,0.0,0.0,1.0,0.0
0.8336075586882403,0.08743269749364246,-22.154700117553944,0.5040749468400884,0.5266893589263512,0.9267128453077733,0.03161501127124211,0.7733922246287723,67.287335771423,0.0,0.08743269749364246,0.7733922246287723,0.22660777537122767,0.0,1.0,1.0,0.0
0.0381536059353772,0.42981769814138193,-56.215489539421995,0.789143951292912,0.5295630936483372,0.029038782659774443,0.04050068648191951,0.6126685297394794,172.8556544721767,0.0,0.42981769814138193,0.6126685297394794,0.3873314702605206,0.0,1.0,0.0,0.0
0.43779953127477356,0.5545806715356244,-12.010232757005909,0.6105061740418192,0.22476023765881947,0.6130520258694786,0.6282794590652135,0.7341069808811267,146.92238625795216,0.0,0.5545806715356244,0.7341069808811267,0.2658930191188733,0.0,0.0,1.0,0.0
0.969242130458038,0.19728830871706848,-2.934559225975427,0.5383394903500163,0.671956140494912,0.09946159745218985,0.380575941378107,0.7693791464631726,158.96754211385866,1.0,0.19728830871706848,0.7693791464631726,0.23062085353682737,0.0,1.0,0.0,0.0
0.040139388165410184,0.5465942634972446,-54.703308421895436,0.9958564291781623,0.8972965885332946,0.021080660428536957,0.8586495789026308,0.9194296005584076,109.49675115888371,0.0,0.5465942634972446,0.9194296005584076,0.08057039944159239,0.0,1.0,0.0,0.0
0.7195016550477659,0.4421037462077789,-20.68605092541935,0.34031740429819146,0.32255923663326835,0.42443388885757904,0.14556775865250116,0.8311389644353826,108.81770535062913,0.0,0.4421037462077789,0.8311389644353826,0.1688610355646174,0.0,0.0,0.0,0.0
0.40014955390584517,0.8940546127021446,-30.202571156209718,0.5442539093508629,0.9564981247770985,0.8867263831449892,0.1694667088884395,0.47321502991810505,195.98147183999637,0.0,0.8940546127021446,0.47321502991810505,0.526784970081895,0.0,0.0,1.0,0.0
0.3723662982286027,0.37157310851620007,-48.29818609265074,0.11432311411912521,0.7403047907559818,0.7700304687015165,0.9690129635029999,0.773418210905363,94.06934916470382,1.0,0.37157310851620007,0.773418210905363,0.226581789094637,0.0,1.0,1.0,0.0
0.04011657828851545,0.9854373843696602,-39.572958267383655,0.31197154243242076,0.9059552097493825,0.5850998985449861,0.21487117384913457,0.8890962427162395,199.07051970766406,0.0,0.9854373843696602,0.8890962427162395,0.11090375728376045,0.0,1.0,1.0,0.0
0.08667856115083072,0.8622516283024872,-36.56905813893636,0.5240724465067044,0.9148159757649807,0.9733791957751172,0.2621639104087994,0.21285077095991378,71.27231820281166,0.0,0.8622516283024872,0.21285077095991378,0.7871492290400862,0.0,0.0,1.0,0.0
0.561797852662138,0.013604395450668272,-35.28610214340381,0.07338401665200855,0.405225782929334,0.039932189265609264,0.8352172606087689,0.20973899393856588,105.96321945010769,0.0,0.013604395450668272,0.20973899393856588,0.7902610060614341,1.0,0.0,0.0,0.0
0.8700479966063919,0.7462660613322051,-46.85769830147649,0.07189941865749605,0.7156737768553395,0.39070255068810933,0.7660799991182212,0.4452947723752104,108.4403378161187,0.0,0.7462660613322051,0.4452947723752104,0.5547052276247896,0.0,0.0,0.0,1.0
0.4512054082123965,0.7485589856706767,-5.86678280757755,0.049767196588575535,0.5241115412269551,0.0328354290838776,0.4684095450243587,0.8852828290969004,110.62263729884336,0.0,0.7485589856706767,0.8852828290969004,0.11471717090309963,0.0,1.0,0.0,0.0
0.9324504210806432,0.6306084716506094,-3.9506793724196214,0.7571666254125197,0.10343516664876229,0.23115136756267707,0.3941704545835062,0.17010688201207602,129.28762466873246,0.0,0.6306084716506094,0.17010688201207602,0.829893117987924,0.0,0.0,0.0,0.0
0.4713681557014906,0.9562591980273812,-33.976327026241336,0.7856268042879978,0.9419105448514798,0.8769888309739855,0.20866762451159182,0.49602989425354427,108.6835695214296,0.0,0.9562591980273812,0.49602989425354427,0.5039701057464557,0.0,0.0,1.0,0.0
0.3998586951372155,0.3608068262457512,-10.418447389499754,0.45213905512244745,0.5236943322446882,0.9824473570470746,0.05997927219151644,0.4879576397907488,168.36863897245627,0.0,0.3608068262457512,0.4879576397907488,0.5120423602092512,0.0,0.0,1.0,0.0
0.15116195818822653,0.6115315946147739,-45.632113227931995,0.8674041132245676,0.3270996654000793,0.32906281690090955,0.5981938785178935,0.18356290811990872,99.88440944642855,0.0,0.6115315946147739,0.18356290811990872,0.8164370918800913,0.0,0.0,0.0,0.0
0.4166318501194115,0.35363786314011036,-28.507366919665056,0.5996401440689663,0.5666674537501646,0.6541683119919323,0.30774951660782024,0.12642622715502805,166.5130558003508,0.0,0.35363786314011036,0.12642622715502805,0.873573772844972,1.0,0.0,1.0,0.0
0.850780382630682,0.25700623222243224,-35.574482630518816,0.4985692169635553,0.5333268427529364,0.6594901710876518,0.041603233355321345,0.721477082734017,68.67594097711743,0.0,0.25700623222243224,0.721477082734017,0.278522917265983,0.0,1.0,1.0,0.0
0.46828856767286786,0.8276711355691941,-32.927081203296225,0.14908974876824777,0.9850338450059597,0.8892854620742633,0.771313633225014,0.4115116028992104,85.73840176450169,0.0,0.8276711355691941,0.4115116028992104,0.5884883971007896,0.0,0.0,1.0,0.0
0.9414111814185012,0.532351126517139,-8.858672376750896,0.34209500575942575,0.3352883170794706,0.9855404806740391,0.5218330484948498,0.1406954238607463,90.75445491925905,0.0,0.532351126517139,0.1406954238607463,0.8593045761392537,0.0,0.0,1.0,0.0
0.4819442793927208,0.04247091048841134,-32.24796087730197,0.4189408420801276,0.779336265319487,0.35494196448924176,0.9825487615395994,0.18076991930090314,142.7381358955389,1.0,0.04247091048841134,0.18076991930090314,0.8192300806990969,1.0,0.0,0.0,0.0
0.08969929700825463,0.733863983993982,-0.31477871628170817,0.8191386377516322,0.5557035407203013,0.48474135739969204,0.8350299612668469,0.9359740847107243,198.488913611733,0.0,0.733863983993982,0.9359740847107243,0.0640259152892757,0.0,1.0,0.0,0.0
0.3965392275644841,0.9909174747945123,-50.64442486957011,0.2535497759319092,0.0890161247338962,0.27173851648448166,0.7679375516180111,0.8529243581784497,169.04497031436006,0.0,0.9909174747945123,0.8529243581784497,0.1470756418215503,0.0,0.0,0.0,0.0
0.6310657781676963,0.5139665125226456,-17.47774264718121,0.3908335492672218,0.8413083514997018,0.6771900939767854,0.6978046984944085,0.5359359931290713,183.93205778956417,0.0,0.5139665125226456,0.5359359931290713,0.46406400687092875,0.0,0.0,1.0,0.0
0.25201473367905247,0.3811476533610507,-13.341445819338652,0.4927488961293377,0.8892140134241908,0.3463993197628523,0.36933016881964476,0.8887357893866253,125.01184482548575,1.0,0.3811476533610507,0.8887357893866253,0.11126421061337466,0.0,1.0,0.0,0.0
0.5161245842024867,0.3327637153356794,-43.39980346925508,0.655948710838392,0.11984066154120387,0.8792726411829093,0.7792031367651079,0.19074826370580278,157.16279241543916,0.0,0.3327637153356794,0.19074826370580278,0.8092517362941972,1.0,0.0,1.0,0.0
0.6026329212856348,0.1845350507366441,-43.607789636986055,0.4089865037338344,0.6992427352454739,0.638723408817006,0.5322348476766979,0.7684105431140342,166.11128354486323,1.0,0.1845350507366441,0.7684105431140342,0.23158945688596577,0.0,1.0,1.0,0.0
0.6178591540622559,0.7869900833848252,-39.944197513247445,0.8812495283226056,0.6149100858019407,0.8223635138124306,0.546279104790284,0.21843824498868036,135.9374180149632,0.0,0.7869900833848252,0.21843824498868036,0.7815617550113196,0.0,0.0,1.0,1.0
0.3711116637765881,0.6974990360370945,-31.452372495915853,0.8361128049276877,0.6780725123219167,0.684544433031324,0.21715533349106497,0.9842497664912904,177.83452929800842,0.0,0.6974990360370945,0.9842497664912904,0.015750233508709632,0.0,1.0,1.0,0.0
0.7890048845606946,0.33021522516002744,-27.86210082916609,0.13710318807432864,0.538475976662706,0.14588924648328727,0.5530378439896012,0.6487218801549056,114.62743541498634,0.0,0.33021522516002744,0.6487218801549056,0.3512781198450944,0.0,1.0,0.0,0.0
0.49854487833129324,0.8756533876745859,-53.48621131783144,0.7917328929996529,0.1707545509961964,0.03670798280462839,0.18557460274504778,0.7650431899704897,116.7176502671604,0.0,0.8756533876745859,0.7650431899704897,0.2349568100295103,0.0,0.0,0.0,0.0
0.8725205168461819,0.5247075411822658,-58.664978884420144,0.7167136096019268,0.1102329087212327,0.7893796334619244,0.16810254980518002,0.34544638580551346,166.57800014755043,0.0,0.5247075411822658,0.34544638580551346,0.6545536141944865,0.0,0.0,1.0,0.0
0.9542313574764216,0.37143395064673235,-10.235986788063855,0.19079226547583872,0.8071797702024911,0.657494059256251,0.19274350721236844,0.3025039603514116,78.44792440358503,1.0,0.37143395064673235,0.3025039603514116,0.6974960396485884,0.0,0.0,1.0,0.0
0.3829670110643133,0.2036486411232774,-21.360122782171587,0.9945051042205587,0.01200916308426414,0.5409198132872987,0.5736665975490097,0.9142087896808119,130.84074686737125,0.0,0.2036486411232774,0.9142087896808119,0.08579121031918813,0.0,0.0,1.0,0.0
0.5437014196449175,0.4716528013283886,-43.865741726311114,0.056029133248913676,0.4086576822098361,0.05259147124067853,0.5504924694659178,0.30729364324229314,134.70433621355988,0.0,0.4716528013283886,0.30729364324229314,0.6927063567577069,0.0,0.0,0.0,0.0
0.13429696439518668,0.9326299657393596,-6.328725387003907,0.1899965092022845,0.3434442832940099,0.6134927718519796,0.09568620730590627,0.3545678211161508,95.15572015466086,0.0,0.9326299657393596,0.3545678211161508,0.6454321788838492,0.0,0.0,1.0,0.0
0.9155167287166966,0.8525106362892052,-25.210035523988175,0.5203463368715742,0.9307257945453972,0.9324277829788153,0.9693301253516604,0.12537888410818765,82.47809350684383,0.0,0.8525106362892052,0.12537888410818765,0.8746211158918124,0.0,0.0,1.0,1.0
0.6767366986798866,0.5414344766098449,-58.892045706405845,0.06197503598951937,0.8880803822588051,0.8688707955393863,0.35727092199604515,0.8910506169305347,143.11451041570626,0.0,0.5414344766098449,0.8910506169305347,0.10894938306946533,0.0,1.0,1.0,0.0
0.8059056470189019,0.4274310711602143,-53.196100359305476,0.43372706264601624,0.4572997979968979,0.550944193840603,0.105582712904428,0.9914018630496114,94.17915491296688,0.0,0.4274310711602143,0.9914018630496114,0.00859813695038858,0.0,1.0,1.0,0.0
0.19855240353709291,0.5268029188559366,-27.76750923630668,0.43982073783324427,0.7718921463252545,0.5166544007286027,0.6096954551449841,0.7237463854077856,63.503514218941326,0.0,0.5268029188559366,0.7237463854077856,0.2762536145922144,0.0,1.0,1.0,0.0
0.5706441825450448,0.8841944712283692,-58.956675424473964,0.4051821038009611,0.92622745020583,0.3531544022825378,0.45872882420024086,0.9815413930443128,87.90534025308034,0.0,0.8841944712283692,0.9815413930443128,0.01845860695568724,0.0,1.0,0.0,0.0
0.06525518912500594,0.8594225908613043,-7.892079527257891,0.4720778346800132,0.5142071744772863,0.835806369617836,0.7385594981157951,0.26514900221701065,62.365069710012584,0.0,0.8594225908613043,0.26514900221701065,0.7348509977829893,0.0,0.0,1.0,0.0
0.47970016253354575,0.8589123260956414,-6.249919398590272,0.9562261970761539,0.8795632376127812,0.5800435552980984,0.4446055992361009,0.774849846534099,163.5750288111835,0.0,0.8589123260956414,0.774849846534099,0.22515015346590095,0.0,1.0,1.0,0.0
0.5381434300814544,0.08732737255846912,-4.4351191927848745,0.45560253750166213,0.3633337819162643,0.6295673951687717,0.6738379611669769,0.21068791703030143,177.17143827339385,0.0,0.08732737255846912,0.21068791703030143,0.7893120829696986,1.0,0.0,1.0,0.0
0.28993709366237785,0.1866839259143167,-35.61600882873016,0.7305600808974653,0.9654581784398034,0.8092812643714332,0.9403483776701917,0.14060580407652679,69.96475184091474,1.0,0.1866839259143167,0.14060580407652679,0.8593941959234732,1.0,0.0,1.0,0.0
0.5577047619066712,0.29029748304403435,-10.316701621843627,0.6719878714023261,0.9707281639857944,0.2547923557313042,0.4857841143552324,0.5012404774253533,93.48475128003267,1.0,0.29029748304403435,0.5012404774253533,0.49875952257464673,0.0,0.0,0.0,0.0
0.5900933994880078,0.4432859860792395,-33.19670664060759,0.3627366479724836,0.01692935242553506,0.522095236914789,0.3352478357003311,0.0013198689843296751,103.11211907267048,0.0,0.4432859860792395,0.0013198689843296751,0.9986801310156703,1.0,0.0,1.0,0.0
0.278628333089757,0.3934481532236358,-52.088880621396186,0.5076838246350844,0.69244035251813,0.6301855690545725,0.8037549475691906,0.45200828798708115,132.67284224756196,1.0,0.3934481532236358,0.45200828798708115,0.5479917120129189,0.0,0.0,1.0,0.0
0.8104019408589833,0.42770117081923853,-17.904039006024185,0.43460236871799185,0.41773619451156263,0.7602056245291603,0.17483691546621116,0.3385859719415736,91.38411874456625,0.0,0.42770117081923853,0.3385859719415736,0.6614140280584264,0.0,0.0,1.0,0.0
0.35910994296759713,0.23037482236602402,-25.23566213480072,0.7981708026178452,0.7866130612179019,0.36450096454879244,0.9887604058942617,0.5938543647058008,115.91604224896128,1.0,0.23037482236602402,0.5938543647058008,0.4061456352941992,0.0,0.0,0.0,0.0
0.8355392792414255,0.7298740126426408,-15.043479790553732,0.1961393497338716,0.4683243073685551,0.8618281308246027,0.5040380076287573,0.6834527434210503,142.31072262479705,0.0,0.7298740126426408,0.6834527434210503,0.31654725657894967,0.0,1.0,1.0,1.0
0.8423567877183821,0.2845608397616026,-25.47148332681811,0.12323466800980398,0.6902107766994678,0.7319678383527121,0.04283732118899841,0.6757909636279851,118.05662158321009,1.0,0.2845608397616026,0.6757909636279851,0.3242090363720149,0.0,1.0,1.0,0.0
0.12409687610968234,0.4199075476984676,-48.3460242182651,0.41555953212331653,0.3843390279585277,0.7383916369360575,0.7742155581663588,0.6070286543845467,63.17615790554265,0.0,0.4199075476984676,0.6070286543845467,0.3929713456154533,0.0,0.0,1.0,0.0
0.931022279070994,0.6862332800964477,-57.94827300472867,0.8188328992141178,0.20026615471799614,0.5792211895711068,0.46663436995018714,0.41983878235507666,184.55992081741567,0.0,0.6862332800964477,0.41983878235507666,0.5801612176449233,0.0,0.0,1.0,0.0
0.4373612915626147,0.07534411757315074,-3.2016763671028485,0.9205352312396275,0.6844326895815988,0.467892528132025,0.09285947294352126,0.7907481185774762,70.56690801936405,1.0,0.07534411757315074,0.7907481185774762,0.20925188142252382,0.0,1.0,0.0,0.0
0.06860098489514566,0.5373838424393681,-50.39230558892159,0.007730267340348984,0.42311343099578624,0.13721723161006594,0.16051541528069124,0.07691063873533466,88.71312552130539,0.0,0.5373838424393681,0.07691063873533466,0.9230893612646653,0.0,0.0,0.0,0.0
0.7154841797743894,0.8089273072177914,-32.84798135824197,0.5065538158814177,0.0326550345942026,0.06931626137131686,0.2575677256495169,0.5438984207131475,163.537160822899,0.0,0.8089273072177914,0.5438984207131475,0.45610157928685247,0.0,0.0,0.0,1.0
0.605003061338033,0.39212785498678826,-52.90055561981171,0.7807732348871894,0.3637860515990571,0.7360540144827896,0.5129788419143418,0.7386620535618252,187.02053860336008,0.0,0.39212785498678826,0.7386620535618252,0.26133794643817476,0.0,0.0,1.0,0.0
0.921029516053802,0.5351067800006034,-29.309498114061675,0.26567846550283725,0.9357998315292914,0.4579191671996209,0.12759123928737715,0.4327049146265499,77.78745503332055,0.0,0.5351067800006034,0.4327049146265499,0.5672950853734501,0.0,0.0,0.0,0.0
0.5025316842570751,0.5612755148562122,-39.73465431038488,0.07165061423148467,0.9435035356332391,0.7733531134834296,0.838881080505121,0.3668683942862294,166.51634420272308,0.0,0.5612755148562122,0.3668683942862294,0.6331316057137706,0.0,0.0,1.0,0.0
0.48537289516919424,0.20108348840604595,-52.5345973855672,0.34505086932205686,0.13755211147513968,0.9982689762040686,0.049188990232022056,0.44114359936907654,123.29309313465379,0.0,0.20108348840604595,0.44114359936907654,0.5588564006309235,0.0,0.0,1.0,0.0
0.30063192858167553,0.5713515657069453,-51.00137855090732,0.7839123805872337,0.3324477182476383,0.5913425897986417,0.7156392360669593,0.8890421176901612,177.01024110330803,0.0,0.5713515657069453,0.8890421176901612,0.11095788230983883,0.0,0.0,1.0,0.0
0.6083090281035596,0.3883931803838869,-29.807719795502162,0.7687347933788026,0.877545542559473,0.10378192817667187,0.3848562624930535,0.7761165984135006,120.43124676315455,1.0,0.3883931803838869,0.7761165984135006,0.22388340158649944,0.0,1.0,0.0,0.0
0.33222776406628385,0.4113226968232696,-23.829315192818953,0.9998051441338015,0.4929924291045318,0.20849447495426054,0.16284657527909474,0.04234974747641429,138.234412888565,0.0,0.4113226968232696,0.04234974747641429,0.9576502525235857,1.0,0.0,0.0,0.0
0.5445720914888342,0.20523392678030916,-18.280235612845978,0.7411070416296808,0.25909820538211126,0.3440997640297365,0.9904716723472566,0.3742644678507342,166.51223404585426,0.0,0.20523392678030916,0.3742644678507342,0.6257355321492658,0.0,0.0,0.0,0.0
0.45272542662994,0.7933448278609759,-13.858605673041126,0.6677560251985356,0.8547783462955792,0.9392184948776852,0.5799833204520839,0.23746890722274572,115.8080546301705,0.0,0.7933448278609759,0.23746890722274572,0.7625310927772543,0.0,0.0,1.0,0.0
0.7583057135132932,0.6508834851238695,-49.33209968608507,0.051239541146424705,0.6829615935420649,0.25107902402934534,0.49967024372905344,0.7467467725125942,138.77334929188663,0.0,0.6508834851238695,0.7467467725125942,0.25325322748740575,0.0,1.0,0.0,0.0
0.08330258311179639,0.1855802367835554,-46.84030895814485,0.2578642536448449,0.5654033919505043,0.5039657798253935,0.20316003836420893,0.06755484345568707,84.00050862646053,0.0,0.1855802367835554,0.06755484345568707,0.9324451565443129,1.0,0.0,1.0,0.0
0.9843813126186033,0.46854694979147227,-7.959269717873255,0.8487524666688433,0.5115195574628737,0.7066877084605435,0.19275201041271228,0.6883967049269083,98.13384109686054,0.0,0.46854694979147227,0.6883967049269083,0.3116032950730917,0.0,1.0,1.0,0.0
0.8320620967541508,0.08372413310890992,-13.611679626883351,0.09993690656861953,0.881189236894309,0.3042045181350037,0.6543933648305748,0.48750227862027984,111.28244033672746,1.0,0.08372413310890992,0.48750227862027984,0.5124977213797202,0.0,0.0,0.0,0.0
0.6454418331834965,0.947522980551238,-57.52381515752269,0.9188528558831043,0.6090816550210135,0.8073143007690523,0.3838749534342776,0.4718429748376137,181.63910525216295,0.0,0.947522980551238,0.4718429748376137,0.5281570251623863,0.0,0.0,1.0,1.0
0.4148479698098231,0.534659566749085,-58.788304614940024,0.1585980058380423,0.6416865079747998,0.7169769010638771,0.5826009367844994,0.14331003627561067,122.35676000089688,0.0,0.534659566749085,0.14331003627561067,0.8566899637243893,0.0,0.0,1.0,0.0
0.3550947663631898,0.4956613440350883,-7.780257926754345,0.7758614386586519,0.08398950138915895,0.8903091977745643,0.4717671511498236,0.7438621448859984,79.6054923770093,0.0,0.4956613440350883,0.7438621448859984,0.25613785511400156,0.0,0.0,1.0,0.0
0.6707195257070481,0.23632601760945793,-33.697146171544105,0.01686287008210441,0.15161063793047602,0.09208049312361977,0.23974417293825845,0.10001809002432227,156.86740372673867,0.0,0.23632601760945793,0.10001809002432227,0.8999819099756777,1.0,0.0,0.0,0.0
0.02903990220921937,0.617740500624998,-51.557530150465546,0.9451614571778969,0.9330940731098543,0.22550310252096262,0.6144212982230295,0.028005319472458434,190.45039602716437,0.0,0.617740500624998,0.028005319472458434,0.9719946805275416,0.0,0.0,0.0,0.0
0.5229873081917097,0.04322315141777899,-39.45000041951175,0.0768494618612342,0.3929444393733599,0.6699263421613231,0.4698899080414396,0.38372217471945447,76.68198637566508,0.0,0.04322315141777899,0.38372217471945447,0.6162778252805455,0.0,0.0,1.0,0.0
0.24493904569365632,0.10014328773835113,-11.550076100600357,0.13523982798472256,0.5953733665488935,0.3427404135888459,0.2259783846551835,0.6394684394921037,123.98032331277169,0.0,0.10014328773835113,0.6394684394921037,0.36053156050789625,0.0,1.0,0.0,0.0
0.40014546728455913,0.5928520048922216,-30.52394229059996,0.3034842085515608,0.5590612877652517,0.6694985765506946,0.026693158586854282,0.46587172890767536,68.07565984169612,0.0,0.5928520048922216,0.46587172890767536,0.5341282710923246,0.0,0.0,1.0,0.0
0.18640541406811106,0.5605087340779731,-8.028665084065153,0.8828056791884848,0.06994401013863127,0.4191050862867066,0.5830064830045513,0.1470699045503434,167.16051034426803,0.0,0.5605087340779731,0.1470699045503434,0.8529300954496566,0.0,0.0,0.0,0.0
0.7442352584372388,0.9033410137067946,-59.49083927499342,0.21668424398900266,0.8271867142453218,0.6705800508269354,0.8943898536984908,0.05717965453026652,143.57495520030199,0.0,0.9033410137067946,0.05717965453026652,0.9428203454697335,0.0,0.0,1.0,1.0
0.5690465748936742,0.03567441636053237,-29.18867538525099,0.6095203113099242,0.19129317420210723,0.27332958312466293,0.640347346297737,0.46830094759995833,180.12191205956577,0.0,0.03567441636053237,0.46830094759995833,0.5316990524000417,0.0,0.0,0.0,0.0
0.34238176600918835,0.26665965838820116,-0.9080435793094352,0.9111357701300834,0.028992744998979858,0.7707286153065659,0.11033477382520296,0.02748519482937095,98.31737223528884,0.0,0.26665965838820116,0.02748519482937095,0.972514805170629,1.0,0.0,1.0,0.0
0.2693458790611043,0.8193187623469647,-17.35996524342989,0.9816094273320143,0.7115129003118185,0.4182555532560479,0.6989276609452169,0.9994590671864021,159.41986355875395,0.0,0.8193187623469647,0.9994590671864021,0.0005409328135979052,0.0,1.0,0.0,0.0
0.7616813559803183,0.9383650151902594,-53.180924321299,0.7047842934477269,0.850805957967449,0.954378600220893,0.21096928971169937,0.5039290077242442,155.27767867022746,0.0,0.9383650151902594,0.5039290077242442,0.4960709922757558,0.0,0.0,1.0,1.0
0.24746772950133744,0.600472863250274,-44.54527305012004,0.3334570205316473,0.44151869651086506,0.529190098746567,0.4493658716251506,0.4931955197879292,101.80242588036097,0.0,0.600472863250274,0.4931955197879292,0.5068044802120708,0.0,0.0,1.0,0.0
0.1589650940226306,0.04734997732683943,-48.24127665049994,0.581943641505783,0.7861154478031324,0.16924759744289453,0.10855535777264846,0.7492903605492502,102.72216627522056,1.0,0.04734997732683943,0.7492903605492502,0.25070963945074975,0.0,1.0,0.0,0.0
0.9514994392273525,0.714317970610373,-40.394637165418146,0.2895427477937049,0.523698386271309,0.07914466827820943,0.11767651264529899,0.1758578813161925,168.46130306263842,0.0,0.714317970610373,0.1758578813161925,0.8241421186838075,0.0,0.0,0.0,1.0
0.5138573592691225,0.010567122774442939,-19.589008351673463,0.4236901786604971,0.5108523649637979,0.21411624341293556,0.5517822283941036,0.9791532397514886,70.2822567408066,0.0,0.010567122774442939,0.9791532397514886,0.020846760248511398,0.0,1.0,0.0,0.0
0.28391739966443064,0.24299759286082978,-45.08704135492923,0.3787063575653773,0.8181097847441675,0.9128586899643873,0.20221508745897332,0.5429499379481127,149.16585610316724,1.0,0.24299759286082978,0.5429499379481127,0.45705006205188725,0.0,0.0,1.0,0.0
0.5218274743638449,0.43407639419691957,-48.48146964844573,0.48821935919923853,0.4012148277113289,0.7955633625022697,0.7636043591629952,0.1339986812056707,72.39266735882946,0.0,0.43407639419691957,0.1339986812056707,0.8660013187943293,1.0,0.0,1.0,0.0
0.908153943227503,0.5355083889644977,-8.53194376304456,0.05815112056640115,0.5265156165216303,0.5394265145762364,0.8607020325421499,0.0976099982297075,93.66237891462731,0.0,0.5355083889644977,0.0976099982297075,0.9023900017702925,0.0,0.0,1.0,0.0
0.4065383138870131,0.8658414754199422,-3.6670010957659827,0.9927246195936279,0.9591934864585215,0.005941755844354413,0.04770834145387204,0.14760681915758866,108.84069354783824,0.0,0.8658414754199422,0.14760681915758866,0.8523931808424113,0.0,0.0,0.0,0.0
0.8299180309869587,0.8926561953354805,-48.78993562232502,0.6196641516197087,0.9173619850652766,0.4637317359313208,0.10354357195278396,0.45781365008462493,112.61128632032802,0.0,0.8926561953354805,0.45781365008462493,0.5421863499153751,0.0,0.0,0.0,1.0
0.577657996066007,0.43865868440710365,-58.95924438877692,0.9939977334136711,0.5435402377305709,0.47363075548460953,0.954617371504054,0.1558603675870771,86.49326435633475,0.0,0.43865868440710365,0.1558603675870771,0.8441396324129229,1.0,0.0,0.0,0.0
0.8080147490627835,0.26083108002500877,-12.046373622508384,0.27153348290850254,0.033187630225001485,0.517014723886716,0.19668643412686138,0.7578462929324711,149.76794865250073,0.0,0.26083108002500877,0.7578462929324711,0.24215370706752892,0.0,0.0,1.0,0.0
0.9236026679779178,0.7829883572657359,-49.15344270955639,0.8001582366647964,0.6417370448140233,0.6689516417606249,0.8322628859701487,0.5738240691889402,125.2404920094218,0.0,0.7829883572657359,0.5738240691889402,0.42617593081105976,0.0,0.0,1.0,1.0
0.636641035358728,0.2979574289583591,-49.044172134774044,0.6165878380712464,0.23384836908547768,0.07991510934660673,0.000554184585253914,0.6083194014000671,110.70082968723315,0.0,0.2979574289583591,0.6083194014000671,0.39168059859993287,0.0,0.0,0.0,0.0
0.752310970673456,0.37517639831310245,-30.8397931057064,0.4070849728153849,0.6505747911093461,0.3561391620149682,0.9637676499423089,0.9361469865985301,178.72390637201937,1.0,0.37517639831310245,0.9361469865985301,0.06385301340146987,0.0,1.0,0.0,0.0
0.9203002705727481,0.449139688459391,-27.81417619263047,0.7420925925582444,0.6961459249385411,0.8906785956054708,0.7163310272566953,0.9978847082284605,108.79081197642275,0.0,0.449139688459391,0.9978847082284605,0.0021152917715394626,0.0,1.0,1.0,0.0
0.8329977422394179,0.6976348228326642,-18.516813287098884,0.3258355948449989,0.7856017924230225,0.9003760223475992,0.21854846152056295,0.6254968371167041,114.89887607438853,0.0,0.6976348228326642,0.6254968371167041,0.3745031628832959,0.0,1.0,1.0,0.0
0.9895481192948771,0.4788328158316816,-46.30078957218344,0.38185762522183253,0.6538383898166262,0.07608937134957627,0.6036019202212376,0.931224759178898,179.05079027209905,0.0,0.4788328158316816,0.931224759178898,0.06877524082110198,0.0,1.0,0.0,0.0
0.06767353665798337,0.9933898787390681,-18.07638457776725,0.1622808243140237,0.012416089169423494,0.17128263629215135,0.8381759206857385,0.02163932494516374,92.64062250653211,0.0,0.9933898787390681,0.02163932494516374,0.9783606750548363,0.0,0.0,0.0,0.0
0.7573055953348754,0.5861105358981351,-13.035857378388492,0.7461505038267879,0.05060138712180473,0.8925114190941515,0.2270318342822687,0.5533924402297637,150.20034191388902,0.0,0.5861105358981351,0.5533924402297637,0.44660755977023625,0.0,0.0,1.0,0.0
0.1686282108850954,0.9762312567009744,-30.71064263476146,0.057642695597393434,0.9372620447778404,0.5862678431932681,0.6991931979813764,0.5251757899342241,176.86331366877545,0.0,0.9762312567009744,0.5251757899342241,0.4748242100657759,0.0,0.0,1.0,0.0
0.033133462193210894,0.26837836527714776,-31.82109861583847,0.07660361631371004,0.7059066693266582,0.39366341405564076,0.27266799026814403,0.0033788468084122725,160.7762436449935,1.0,0.26837836527714776,0.0033788468084122725,0.9966211531915877,1.0,0.0,0.0,0.0
0.8338093088728618,0.39504053568149844,-26.14692137799807,0.22768662592959843,0.6221976462801331,0.012137458315200522,0.48864389709875844,0.6442054818406923,188.54684825216276,1.0,0.39504053568149844,0.6442054818406923,0.35579451815930774,0.0,1.0,0.0,0.0
0.38133581712228426,0.7651902029810298,-24.138778203389954,0.9270121129250806,0.3983776756594306,0.319095339872988,0.8871419986941438,0.04924440140828912,79.09395501071475,0.0,0.7651902029810298,0.04924440140828912,0.9507555985917109,0.0,0.0,0.0,0.0
0.08240443458404445,0.8431099565764026,-59.36355459778083,0.8616571554970481,0.4512677953712668,0.0040252788539707485,0.40164517721204185,0.18680084104503558,147.41606824610284,0.0,0.8431099565764026,0.18680084104503558,0.8131991589549644,0.0,0.0,0.0,0.0
0.6793587899216466,0.48752757040499983,-57.5688284736198,0.6561288043672019,0.8420387836055212,0.7203242773264015,0.8299579189553186,0.20050952355088747,184.44431155190756,0.0,0.48752757040499983,0.20050952355088747,0.7994904764491125,1.0,0.0,1.0,0.0
0.3221934506479628,0.013404814251991026,-9.396501220255757,0.9418212689647267,0.6555581974173488,0.23143663046342466,0.2517444642825304,0.4665928734356195,185.69635114419873,1.0,0.013404814251991026,0.4665928734356195,0.5334071265643805,0.0,0.0,0.0,0.0
0.14959765614755838,0.825973669583487,-42.52183147769098,0.8085861694290979,0.9202711976015386,0.4274938719943202,0.36505065410553084,0.8022213189713018,134.12760353311518,0.0,0.825973669583487,0.8022213189713018,0.19777868102869822,0.0,1.0,0.0,0.0
0.6844490484631971,0.6228292369611795,-50.82666926131222,0.8447903602895617,0.1957751114131362,0.9322821440707808,0.25057129142214785,0.7338809732737419,99.85175508910288,0.0,0.6228292369611795,0.7338809732737419,0.2661190267262581,0.0,0.0,1.0,0.0
0.3177854085868639,0.3100018527823053,-15.126464758435006,0.5568151179693931,0.8829524558474972,0.30737271920404485,0.6919925220567443,0.7529485996631107,81.20749582419414,1.0,0.3100018527823053,0.7529485996631107,0.24705140033688933,0.0,1.0,0.0,0.0
0.40058935731981116,0.4828174943504111,-38.65875660633754,0.3221125959691381,0.6864198939976419,0.21586639765948856,0.7093907452511288,0.9350441963907306,139.12765296488516,0.0,0.4828174943504111,0.9350441963907306,0.06495580360926945,0.0,1.0,0.0,0.0
0.6114342367394741,0.06893270212408908,-8.131385782930302,0.2854477871998655,0.6150511655285649,0.9791121697448023,0.5955026005728078,0.7247094874643776,122.34474655132527,1.0,0.06893270212408908,0.7247094874643776,0.2752905125356224,0.0,1.0,1.0,0.0
0.06036584351505736,0.7975993494897885,-57.90006952416086,0.7006578288878541,0.022921573149636942,0.8623052365766706,0.15763603583298058,0.5142714954425511,143.60109862764062,0.0,0.7975993494897885,0.5142714954425511,0.48572850455744887,0.0,0.0,1.0,0.0
0.4575454073734121,0.3407634893488872,-31.9311422291417,0.3114157538811587,0.4381223470808632,0.35891299099803065,0.5662048235071453,0.23792416224498347,198.41191768796176,0.0,0.3407634893488872,0.23792416224498347,0.7620758377550165,1.0,0.0,0.0,0.0
0.5008699533821656,0.19416207741450964,-31.375995025963654,0.8664151295248242,0.021806793124395596,0.6795541191072888,0.547967796793928,0.16955799437013552,174.44670150268888,0.0,0.19416207741450964,0.16955799437013552,0.8304420056298645,1.0,0.0,1.0,0.0
0.36888462237400566,0.29380202881550743,-10.312488488585942,0.6385250461916646,0.8982590836748244,0.6298837036711994,0.7408176579321153,0.8364458962596129,67.66354902739117,1.0,0.29380202881550743,0.8364458962596129,0.16355410374038715,0.0,1.0,1.0,0.0
0.7760489588693803,0.6137064818495768,-55.829532209088406,0.5085779218687151,0.08245807798395388,0.7359472017232224,0.546501713897883,0.9535735374122973,85.63895202004778,0.0,0.6137064818495768,0.9535735374122973,0.046426462587702666,0.0,0.0,1.0,0.0
0.6060334525203784,0.21158213457049135,-23.156100916356102,0.7226497023608565,0.7223043293295386,0.8150739906826099,0.8535502279583167,0.07727172626717704,108.05740199013657,1.0,0.21158213457049135,0.07727172626717704,0.922728273732823,1.0,0.0,1.0,0.0
0.6871225203598057,0.49858628739121214,-48.559443194712514,0.552709570166698,0.4074356527661438,0.3900382776543051,0.8097537174356638,0.40759833383218125,63.703630767259384,0.0,0.49858628739121214,0.40759833383218125,0.5924016661678188,0.0,0.0,0.0,0.0
0.058063338891091276,0.8562440416916203,-2.3639513992487196,0.6884093364557076,0.3643682941000802,0.9386003157947275,0.6628030863757358,0.8443335491993377,167.2193225651813,0.0,0.8562440416916203,0.8443335491993377,0.15566645080066233,0.0,0.0,1.0,0.0
0.3791393157725924,0.4787022008507855,-48.83207073791403,0.29201410044073406,0.7781256612865217,0.8939783918831082,0.7244604232514118,0.4651736966566383,72.11129765156466,0.0,0.4787022008507855,0.4651736966566383,0.5348263033433617,0.0,0.0,1.0,0.0
0.056947948698448214,0.3743255646128538,-32.170696873940216,0.6091206222132969,0.00648952138699721,0.9897228904663063,0.3639388834040429,0.8480946638011214,134.8953387931566,0.0,0.3743255646128538,0.8480946638011214,0.15190533619887858,0.0,0.0,1.0,0.0
0.1304394545333465,0.7975655525345219,-17.410375504807433,0.527436084929228,0.51455309133378,0.08747960575092806,0.6558489485738741,0.9112451557542998,73.05428869099018,0.0,0.7975655525345219,0.9112451557542998,0.08875484424570024,0.0,1.0,0.0,0.0
0.2635114506489049,0.9023079734420988,-42.9393654108124,0.6539436721799263,0.5348181649431442,0.5963276050038621,0.4157889015772531,0.2999914705537111,66.79468310215366,0.0,0.9023079734420988,0.2999914705537111,0.7000085294462889,0.0,0.0,1.0,0.0
0.7442809392941642,0.7460934621942268,-19.756455595276606,0.6436337881196206,0.24371713216752622,0.02234493376629121,0.8087153968854397,0.4911385356958269,102.95733829836657,0.0,0.7460934621942268,0.4911385356958269,0.5088614643041731,0.0,0.0,0.0,1.0
0.10193190678057007,0.0627215909013884,-39.06799669228936,0.8047370647669405,0.9187237493338305,0.8967513646130647,0.9200008347496549,0.9077253431293427,133.8114652240554,1.0,0.0627215909013884,0.9077253431293427,0.09227465687065728,0.0,1.0,1.0,0.0
0.21941563855690382,0.7980465828368204,-47.177221508845264,0.2672072767565691,0.23325432182254846,0.5149824036958058,0.3218275081690799,0.15415604962534146,123.44427766514353,0.0,0.7980465828368204,0.15415604962534146,0.8458439503746585,0.0,0.0,1.0,0.0
0.873907238785167,0.5705528549499722,-7.299863646744775,0.1958721850791374,0.166973873672554,0.5755771256984202,0.46332890154627304,0.6601726416469569,171.2477507437494,0.0,0.5705528549499722,0.6601726416469569,0.3398273583530431,0.0,0.0,1.0,0.0
0.7513072956521765,0.9422611736585611,-36.1046154505793,0.20638674224818077,0.5509126399478858,0.1107431201911856,0.28885112333163143,0.20788805526314447,115.51892035159133,0.0,0.9422611736585611,0.20788805526314447,0.7921119447368555,0.0,0.0,0.0,1.0
0.11121657500221538,0.03184174454809785,-20.59235972219809,0.6102489782898048,0.7083589360386612,0.660386440271344,0.1142946811423835,0.2910788813756463,78.13372538604933,1.0,0.03184174454809785,0.2910788813756463,0.7089211186243537,1.0,0.0,1.0,0.0
0.8429724020485632,0.7469036553555233,-47.90837982490545,0.3413092404898934,0.9666149922642142,0.5941593578796515,0.8011555973011573,0.26459103476872914,89.40740882510273,0.0,0.7469036553555233,0.26459103476872914,0.7354089652312709,0.0,0.0,1.0,1.0
0.7839169288465484,0.6858724552314401,-19.14132424729418,0.5526345818291939,0.5635783427765488,0.7356975053062538,0.2700024811211953,0.35276846585695576,182.0291478728077,0.0,0.6858724552314401,0.35276846585695576,0.6472315341430442,0.0,0.0,1.0,0.0
0.30886520101215775,0.546309571379299,-17.84163215959895,0.9999248268331765,0.43529133149533195,0.4280928766249438,0.8425883794336675,0.8055031112598633,162.3506234428368,0.0,0.546309571379299,0.8055031112598633,0.1944968887401367,0.0,1.0,0.0,0.0
0.4632296374090289,0.3239391201607158,-23.47617104490908,0.8762232931316409,0.8837774582085866,0.10849834507043843,0.42835028381315066,0.46472195619874945,196.86615145332544,1.0,0.3239391201607158,0.46472195619874945,0.5352780438012505,0.0,0.0,0.0,0.0
0.6779980152425845,0.40724641726207056,-58.43652684086442,0.5653851600991959,0.09607597563835613,0.8344499573477631,0.7525186605703621,0.46050915990817876,120.08950913583797,0.0,0.40724641726207056,0.46050915990817876,0.5394908400918212,0.0,0.0,1.0,0.0
0.8973389655687687,0.2884583504181284,-45.058802273593756,0.9391974328257621,0.8092458367534826,0.8206255930671946,0.19519381427592553,0.1432959914309344,63.64413697439888,1.0,0.2884583504181284,0.1432959914309344,0.8567040085690656,1.0,0.0,1.0,0.0
0.23704150891868003,0.7741904917143247,-45.59769487415102,0.7291032835948762,0.2519082653674215,0.3952924979506717,0.9831622899114084,0.24481173128413558,112.69188782175746,0.0,0.7741904917143247,0.24481173128413558,0.7551882687158644,0.0,0.0,0.0,0.0
0.30108718046521366,0.10962498633000228,-30.606351472150504,0.3786906633330023,0.6948870858072801,0.8175945469515462,0.5442497144956385,0.03219642208733686,146.649129872861,1.0,0.10962498633000228,0.03219642208733686,0.9678035779126631,1.0,0.0,1.0,0.0
0.055390730020939194,0.6163563235990249,-18.89820304384869,0.19776762761751843,0.819346148721771,0.9110851315740486,0.8130869641138196,0.30510919021208216,142.1300217423888,0.0,0.6163563235990249,0.30510919021208216,0.6948908097879178,0.0,0.0,1.0,0.0
0.9148151491912277,0.3206647262228499,-10.798330664074498,0.009475131261696523,0.00364670278467627,0.7597116603389674,0.7614475821271212,0.7889771878522938,190.20375730434273,0.0,0.3206647262228499,0.7889771878522938,0.21102281214770624,0.0,0.0,1.0,0.0
0.11790631182028422,0.23198498498368836,-5.776504777571546,0.17723619777235344,0.682229267576584,0.5304630000408154,0.08319367685150725,0.28526366194153285,132.8521103017355,1.0,0.23198498498368836,0.28526366194153285,0.7147363380584671,1.0,0.0,1.0,0.0
0.8523501166838341,0.7075384896146737,-22.687010312704018,0.4960328899414148,0.2986839838141343,0.11924491131926118,0.40907603456609554,0.028518493911292575,89.54782449735909,0.0,0.7075384896146737,0.028518493911292575,0.9714815060887074,0.0,0.0,0.0,1.0
0.43248337587265984,0.41860518567191507,-57.34227414018046,0.5890601535252913,0.5496842558532362,0.07810430402091284,0.9431630524604393,0.09938277895086012,179.67678117322706,0.0,0.41860518567191507,0.09938277895086012,0.9006172210491399,1.0,0.0,0.0,0.0
0.00030973191500593966,0.8822810950453831,-58.81681606774124,0.757812031892116,0.36169081130025293,0.7382168001363199,0.4017452054249785,0.07090792233184173,167.45093735535096,0.0,0.8822810950453831,0.07090792233184173,0.9290920776681583,0.0,0.0,1.0,0.0
0.07125268532136497,0.922120435961218,-56.94155785250032,0.47932527777151546,0.7230344308507957,0.39324646479203773,0.2172334745924347,0.759090961396027,169.8012586704217,0.0,0.922120435961218,0.759090961396027,0.24090903860397295,0.0,1.0,0.0,0.0
0.9226949839543672,0.3761651104310777,-29.62489593016039,0.36312844284607204,0.2570818218513682,0.7510329615376086,0.33965184501695544,0.42814944199235205,116.5143120673639,0.0,0.3761651104310777,0.42814944199235205,0.571850558007648,0.0,0.0,1.0,0.0
0.7126612256467458,0.9177956261106798,-19.994636321557365,0.4715825960942326,0.7792051147388834,0.6409713241221375,0.060610357117813485,0.09566358641884165,65.30837217030867,0.0,0.9177956261106798,0.09566358641884165,0.9043364135811583,0.0,0.0,1.0,1.0
0.45681632620631984,0.8258534343389649,-41.215009838918874,0.3841601830924817,0.9094771083678906,0.8369034453166548,0.66504811238256,0.2668037820922513,76.38580757638209,0.0,0.8258534343389649,0.2668037820922513,0.7331962179077487,0.0,0.0,1.0,0.0
0.016058822680113716,0.10701067260442088,-42.44421338256343,0.5517900635794957,0.06400008275238689,0.136227778318449,0.18108070230794104,0.6319820929833062,146.21057185721742,0.0,0.10701067260442088,0.6319820929833062,0.3680179070166938,0.0,0.0,0.0,0.0
0.5507657263721529,0.2505014246959396,-37.73281852687608,0.09668971633774304,0.22646060375805488,0.8977052264725804,0.9796917464358285,0.6476595856402947,188.35526088327882,0.0,0.2505014246959396,0.6476595856402947,0.3523404143597053,0.0,0.0,1.0,0.0
0.6427419004014251,0.03319648610546988,-0.19424490081546253,0.0989523016865349,0.6826418014450607,0.25283620307479004,0.39198111290696014,0.6459341848009382,121.10822890307898,1.0,0.03319648610546988,0.6459341848009382,0.3540658151990618,0.0,1.0,0.0,0.0
0.25054605893112825,0.3344461868783247,-39.50711298460942,0.9593239045082137,0.798613015923451,0.4585487714794001,0.19982092034136412,0.811016110262656,82.0055460251723,1.0,0.3344461868783247,0.811016110262656,0.18898388973734404,0.0,1.0,0.0,0.0
0.21046221714200342,0.36601339184015114,-7.1791082488805955,0.13178666863411026,0.12223419285452608,0.493974988305266,0.2764105410936747,0.5687279416481599,123.2291358556513,0.0,0.36601339184015114,0.5687279416481599,0.4312720583518401,0.0,0.0,0.0,0.0
0.4349591063512168,0.11197297048699328,-51.53701858500959,0.8210785774468501,0.8858827375717444,0.23468353288525023,0.11346050152476905,0.05341667193451061,145.16166592386554,1.0,0.11197297048699328,0.05341667193451061,0.9465833280654894,1.0,0.0,0.0,0.0
0.7153532125002056,0.3728099892032055,-19.219447950561623,0.7129588155595261,0.9353422813969053,0.06487363783510725,0.1922917232310798,0.06852598759698814,181.51915066705547,1.0,0.3728099892032055,0.06852598759698814,0.9314740124030119,1.0,0.0,0.0,0.0
0.7925871600335685,0.574642070621839,-54.98019539692901,0.2733123586537196,0.2977198480585169,0.5607431960154171,0.25804389403671546,0.07295986391295484,162.3067222594619,0.0,0.574642070621839,0.07295986391295484,0.9270401360870452,0.0,0.0,1.0,0.0
0.2990802116554113,0.4523741770233006,-52.34000190106168,0.8025483033945796,0.5655318769240576,0.9015856262098628,0.49547156306533335,0.9414256718178797,184.86154861338565,0.0,0.4523741770233006,0.9414256718178797,0.05857432818212027,0.0,1.0,1.0,0.0
0.5764598564592339,0.9338934381498634,-40.61467516232686,0.36564216270421135,0.045477951306036934,0.5892009067638531,0.7219239699289334,0.7735191902421031,80.97428004645447,0.0,0.9338934381498634,0.7735191902421031,0.22648080975789686,0.0,0.0,1.0,0.0
0.4441590723125003,0.17686321209391564,-20.272359068745068,0.15794637242176812,0.9041636839560749,0.23063464566141334,0.29140226628824484,0.8509063221509997,124.18546542040133,1.0,0.17686321209391564,0.8509063221509997,0.1490936778490003,0.0,1.0,0.0,0.0
0.023995945800073026,0.49458625120264577,-54.92739987719262,0.9853447186873107,0.5881115704556024,0.25653261761097845,0.5637176795476178,0.07686710338175484,171.9847825976344,0.0,0.49458625120264577,0.07686710338175484,0.9231328966182452,1.0,0.0,0.0,0.0
0.9253280538641637,0.8744443882061596,-39.49454386208623,0.3257681196433685,0.035087611216299996,0.6514003587009167,0.5349047841897949,0.45934637132734135,187.06833346685897,0.0,0.8744443882061596,0.45934637132734135,0.5406536286726586,0.0,0.0,1.0,1.0
0.1678789010828463,0.009666266690182335,-55.601012872754076,0.2233714378273689,0.03328554926345695,0.5028437106431355,0.31409045523357804,0.18048300806813267,165.0117704928127,0.0,0.009666266690182335,0.18048300806813267,0.8195169919318673,1.0,0.0,1.0,0.0
0.20445132623253004,0.6876051009937932,-39.04410564914166,0.5118277606625545,0.9338670398513198,0.03735163481581283,0.5002645074774619,0.8544229603276182,142.3163947718488,0.0,0.6876051009937932,0.8544229603276182,0.14557703967238178,0.0,1.0,0.0,0.0
0.27687051696515663,0.39768113514503434,-19.18406227628553,0.890811894313803,0.041066373746611595,0.07153882189037641,0.32505152360958756,0.23277968443747898,97.09032407113685,0.0,0.39768113514503434,0.23277968443747898,0.767220315562521,1.0,0.0,0.0,0.0
0.22126999862588093,0.19582504885515772,-52.162561987842494,0.933954131795238,0.14418946390615306,0.20440377476553617,0.24626572398078572,0.9330148731304205,165.79997870415187,0.0,0.19582504885515772,0.9330148731304205,0.06698512686957947,0.0,0.0,0.0,0.0
0.7896994303155147,0.10475825953849804,-9.821407499059703,0.408193081817418,0.26282302621238873,0.5757500835203105,0.8221829058167339,0.7786521510749094,184.5996475613585,0.0,0.10475825953849804,0.7786521510749094,0.22134784892509063,0.0,0.0,1.0,0.0
0.9281321860154439,0.23812207142774955,-34.5685263498437,0.014628539205070012,0.87932165926506,0.15457215147476755,0.8614748123426943,0.32938732198659637,111.53870259735935,1.0,0.23812207142774955,0.32938732198659637,0.6706126780134036,0.0,0.0,0.0,0.0
0.039132254483859374,0.3268787897653196,-6.698179031924155,0.02554740112160414,0.40632747304672534,0.03139962981274114,0.37092342510906495,0.17264064078029118,95.3105750575721,0.0,0.3268787897653196,0.17264064078029118,0.8273593592197088,1.0,0.0,0.0,0.0
0.877598373161419,0.436049220621891,-43.57212051588527,0.5893383779505478,0.14210695983258237,0.2593916074208559,0.5462479676028885,0.23752304184806883,155.07788323612226,0.0,0.436049220621891,0.23752304184806883,0.7624769581519312,1.0,0.0,0.0,0.0
0.49149130225952253,0.7719890702546909,-3.1053278566518827,0.11580488934740774,0.33466500998454485,0.31954906287840656,0.15118291933725425,0.8103031373334708,166.3830185654306,0.0,0.7719890702546909,0.8103031373334708,0.1896968626665292,0.0,0.0,0.0,0.0
0.484425470834399,0.5377707777946096,-56.42735171985022,0.5555073523270456,0.7913415240196364,0.5738275735838572,0.2653063701204189,0.6675482723343372,110.60838019513467,0.0,0.5377707777946096,0.6675482723343372,0.3324517276656628,0.0,1.0,1.0,0.0
0.5448732842857352,0.48756536327892475,-37.1294999420892,0.7188779803941351,0.8838761119858818,0.005212518476924943,0.9336165192303673,0.511515136083225,158.1024632508571,0.0,0.48756536327892475,0.511515136083225,0.48848486391677504,0.0,0.0,0.0,0.0
0.8556245661758771,0.46710369231426996,-9.901555598106583,0.17761981945520222,0.15916753447981447,0.6574713688561535,0.8701430055517372,0.8924261775360394,150.12366417281453,0.0,0.46710369231426996,0.8924261775360394,0.10757382246396063,0.0,0.0,1.0,0.0
0.5254892302093175,0.3313930876965162,-1.1999750640401174,0.3196956866662505,0.7441861072315932,0.5319817999050007,0.6085123425253467,0.3934805505886262,195.07523756611468,1.0,0.3313930876965162,0.3934805505886262,0.6065194494113738,0.0,0.0,1.0,0.0
0.571682326099271,0.93778763045879,-59.544515029565154,0.572670583191121,0.7171868897252714,0.745080171162218,0.9049768817816813,0.004401609003786278,60.046222296326704,0.0,0.93778763045879,0.004401609003786278,0.9955983909962137,0.0,0.0,1.0,0.0
0.4722634607952153,0.02929370500537065,-1.528046780257526,0.22206517454139196,0.4726647293648447,0.06113763001222361,0.5220484161712585,0.3799561251474085,66.25240404281132,0.0,0.02929370500537065,0.3799561251474085,0.6200438748525915,0.0,0.0,0.0,0.0
0.33512426669622475,0.3914360202228556,-0.6047105235035986,0.20788587191937546,0.5447796153700997,0.9873155491986286,0.7920192079401351,0.9933675008820889,195.56176405242368,0.0,0.3914360202228556,0.9933675008820889,0.006632499117911084,0.0,1.0,1.0,0.0
0.4895395420941543,0.6963758498705658,-53.37341238353093,0.44114882504680186,0.8090185422666974,0.5053353209771434,0.7026990328172319,0.745751329984277,95.48567977400515,0.0,0.6963758498705658,0.745751329984277,0.25424867001572304,0.0,1.0,1.0,0.0
0.8756993729425655,0.45982243090917896,-47.38889378270738,0.8654158817884438,0.41781880610625366,0.7503124383797197,0.5480330722215929,0.38187175223450043,173.3826981053997,0.0,0.45982243090917896,0.38187175223450043,0.6181282477654996,0.0,0.0,1.0,0.0
0.584469931644613,0.3905621024270317,-53.42412777989238,0.8954453137667079,0.035469585341666554,0.8631873483680562,0.35996152488315547,0.6393387635014058,189.10796133699594,0.0,0.3905621024270317,0.6393387635014058,0.36066123649859416,0.0,0.0,1.0,0.0
0.1517066155038984,0.5669504756388102,-14.13402825778848,0.7575838327190574,0.525631914599504,0.6247394599064581,0.7575269941328445,0.8410276377574117,166.65383356262092,0.0,0.5669504756388102,0.8410276377574117,0.15897236224258826,0.0,1.0,1.0,0.0
0.35400494318124265,0.9967264010577331,-33.92983837684174,0.02446470275893342,0.36261695158546203,0.12778295457384325,0.121442615728375,0.28153504010689434,67.47256918481652,0.0,0.9967264010577331,0.28153504010689434,0.7184649598931057,0.0,0.0,0.0,0.0
0.6885121884095631,0.07398888420190508,-47.80262667384263,0.09289971449411938,0.06316773090303107,0.26775166553954166,0.57189896766037,0.9646855564468417,182.57793160894488,0.0,0.07398888420190508,0.9646855564468417,0.03531444355315827,0.0,0.0,0.0,0.0
0.8759339254453248,0.1760670360376576,-44.10556839013079,0.0763933167953057,0.778468339915185,0.06981630148556195,0.5566956708208533,0.24787557232395074,94.08238876402427,1.0,0.1760670360376576,0.24787557232395074,0.7521244276760493,1.0,0.0,0.0,0.0
0.9907250552476051,0.7567798069785374,-9.783638502536988,0.5719826853440126,0.8710142873937492,0.6454905391663529,0.9461737047963453,0.2813385860456368,143.3447364096053,0.0,0.7567798069785374,0.2813385860456368,0.7186614139543632,0.0,0.0,1.0,1.0
0.6901313479368921,0.39293730502780666,-7.217521055756805,0.9798031631041544,0.4937694913726616,0.39064065480433907,0.47193792855645866,0.8527367457319316,150.36557957254348,0.0,0.39293730502780666,0.8527367457319316,0.1472632542680684,0.0,1.0,0.0,0.0
0.04477237251809507,0.5421699104457148,-58.96199263554181,0.7785353710034054,0.32831227354246373,0.47200748211732935,0.798678105907632,0.04644881728576156,82.19581498282545,0.0,0.5421699104457148,0.04644881728576156,0.9535511827142384,0.0,0.0,0.0,0.0
0.39796037644511484,0.22992516354556058,-39.725914453496216,0.998174737892465,0.8254144375738107,0.8839018149601086,0.9370546335657753,0.34093588031419564,101.59077409150618,1.0,0.22992516354556058,0.34093588031419564,0.6590641196858044,0.0,0.0,1.0,0.0
0.2340624925720749,0.8301169113081226,-19.226888262888906,0.2361719824828773,0.3769938292104549,0.5067117639327983,0.5281400572737537,0.8887277285517147,113.27925861261028,0.0,0.8301169113081226,0.8887277285517147,0.11127227144828533,0.0,0.0,1.0,0.0
0.9085240305005123,0.44136756031978963,-15.217639512458774,0.930254319985056,0.9075757039632664,0.056952867295681164,0.20570429497656983,0.4769054255322751,120.41760059343503,0.0,0.44136756031978963,0.4769054255322751,0.5230945744677249,0.0,0.0,0.0,0.0
0.640891664837207,0.9447090508254122,-53.25571732332307,0.45185866513424044,0.1924110378871393,0.8941075983979475,0.9645801858016528,0.4787016818903501,74.5614416819397,0.0,0.9447090508254122,0.4787016818903501,0.5212983181096499,0.0,0.0,1.0,1.0
0.7852946667226732,0.697141350492399,-38.71975040338137,0.8874074739689635,0.9758318897827072,0.5578538491301954,0.5657279113442923,0.29751350511377783,141.830845037664,0.0,0.697141350492399,0.29751350511377783,0.7024864948862222,0.0,0.0,1.0,0.0
0.43964232052484653,0.3021910269280519,-55.96888820856592,0.2527078597091249,0.19785464967766442,0.5420419845539489,0.6016700217635939,0.6085717243060165,114.34534014639507,0.0,0.3021910269280519,0.6085717243060165,0.39142827569398353,0.0,0.0,1.0,0.0
0.421229733685496,0.83423842964064,-31.426031188970256,0.9877733321371224,0.4396172300088649,0.649580944617839,0.0503629989933958,0.6533399244188108,179.19969521810086,0.0,0.83423842964064,0.6533399244188108,0.34666007558118916,0.0,1.0,1.0,0.0
0.9424578385332962,0.9973206116397705,-43.069281261046015,0.5753700648257168,0.45071798553214737,0.563817480575171,0.15745295718984664,0.8561495725959415,187.33965206824226,0.0,0.9973206116397705,0.8561495725959415,0.1438504274040585,0.0,1.0,1.0,1.0
0.44966166311292255,0.28042986157357686,-51.54999434081926,0.6837648247778044,0.3122318396207352,0.9095385699133887,0.67101247484487,0.6456853251742407,138.31629622575372,0.0,0.28042986157357686,0.6456853251742407,0.3543146748257593,0.0,0.0,1.0,0.0
0.04577633942872561,0.931922435685587,-22.323750402032395,0.9940619833831104,0.537356404772887,0.7101108919062131,0.05620955786622217,0.6317361768234109,167.05094562265003,0.0,0.931922435685587,0.6317361768234109,0.3682638231765891,0.0,1.0,1.0,0.0
0.7785142948525573,0.7701116522302854,-46.42304236237994,0.9753984776052259,0.9951821206249387,0.07559587516160127,0.9364464228117573,0.28944919430436933,156.49977144513508,0.0,0.7701116522302854,0.28944919430436933,0.7105508056956307,0.0,0.0,0.0,1.0
0.33811092073613214,0.9677543233731215,-53.90976850178787,0.497746816956376,0.42804779194207465,0.3260234522779849,0.6455339908801486,0.13105574342166748,160.33273853871756,0.0,0.9677543233731215,0.13105574342166748,0.8689442565783325,0.0,0.0,0.0,0.0
0.9805921238047873,0.8045587144686301,-8.39899482542728,0.3596367431790025,0.3248866064812187,0.5170483546901332,0.04572661476227269,0.9453581344565326,80.12992422226691,0.0,0.8045587144686301,0.9453581344565326,0.054641865543467394,0.0,0.0,1.0,1.0
0.9030130391680924,0.0835822220003557,-10.642504339286397,0.15196252587821513,0.0381316140914727,0.7194894502594087,0.2802653001744283,0.7144961527843495,137.71193506619477,0.0,0.0835822220003557,0.7144961527843495,0.2855038472156505,0.0,0.0,1.0,0.0
0.10880739023006558,0.9321300733011637,-32.86114951419135,0.734447277798688,0.5010205720156251,0.6043614749612047,0.30277359235669243,0.20036030400345028,135.9598284771295,0.0,0.9321300733011637,0.20036030400345028,0.7996396959965497,0.0,0.0,1.0,0.0
0.440218972971002,0.3901132134339331,-19.645968294322614,0.6905066320111359,0.04592005609126304,0.33874449424367215,0.41176455022637737,0.0968921611641681,93.02612133776037,0.0,0.3901132134339331,0.0968921611641681,0.9031078388358319,1.0,0.0,0.0,0.0
0.051641797222756636,0.9962420986170206,-15.806567821809331,0.08745015650275367,0.020249379790092115,0.7192878001522802,0.43919216568266695,0.786796709064576,189.28664529457373,0.0,0.9962420986170206,0.786796709064576,0.213203290935424,0.0,0.0,1.0,0.0
0.5993003890163725,0.18710842291725305,-13.068357837212844,0.9558117431743745,0.580231287059956,0.6819974472807335,0.33747469503667304,0.3815276946603112,162.85162969942894,0.0,0.18710842291725305,0.3815276946603112,0.6184723053396888,0.0,0.0,1.0,0.0
0.9277710984068192,0.6289883872243522,-12.609125490879151,0.17163501741537301,0.21195909025797355,0.5320346868333901,0.17655419224284052,0.6349950702209236,100.83144595525786,0.0,0.6289883872243522,0.6349950702209236,0.3650049297790764,0.0,0.0,1.0,0.0
0.791532618666892,0.8081103466143434,-32.17275265467882,0.18081063503763528,0.6467749610819326,0.9927870182635864,0.6225908979425233,0.03577469071400785,62.42115660739156,0.0,0.8081103466143434,0.03577469071400785,0.9642253092859921,0.0,0.0,1.0,1.0
0.3203619704923062,0.19578380686040486,-11.216927571401513,0.8448056670360005,0.25861877131047617,0.3256447769498927,0.23624696771511466,0.908382547371264,130.3709068471195,0.0,0.19578380686040486,0.908382547371264,0.091617452628736,0.0,0.0,0.0,0.0
0.6561370440820199,0.4154820866996033,-22.139148389728135,0.3858553767217361,0.33967843772922546,0.6344800731734802,0.5910620780489892,0.29352795416794963,80.90878304472628,0.0,0.4154820866996033,0.29352795416794963,0.7064720458320504,1.0,0.0,1.0,0.0
0.3685766938381376,0.4151976391419092,-22.27893999452371,0.9145287636368638,0.03618479753292514,0.2436610125418449,0.19371594227956035,0.5022944086937836,120.15811298604237,0.0,0.4151976391419092,0.5022944086937836,0.4977055913062164,0.0,0.0,0.0,0.0
0.7290376238201884,0.24241591254486383,-24.33009805501449,0.8838572635999593,0.9106777399183047,0.9587846047250311,0.7732611520799886,0.905987906258915,92.8343220779384,1.0,0.24241591254486383,0.905987906258915,0.09401209374108499,0.0,1.0,1.0,0.0
0.19758094435047702,0.006488083780526455,-17.5893385542541,0.9374671878137444,0.18693534504167642,0.6369435754268788,0.7464597592217775,0.9276142351480565,150.56043136241104,0.0,0.006488083780526455,0.9276142351480565,0.07238576485194348,0.0,0.0,1.0,0.0
0.9702937327487523,0.34467314101254776,-39.00428797371554,0.5430125100143456,0.3835018811159071,0.0014257282875326238,0.7317720250869874,0.7517170414784834,164.57644465614788,0.0,0.34467314101254776,0.7517170414784834,0.2482829585215166,0.0,0.0,0.0,0.0
0.3450206666104666,0.5222894733111719,-38.401588909399834,0.01603640003064577,0.5624489412714188,0.12376066608401104,0.0800413240914406,0.7554990686967872,61.330868338534785,0.0,0.5222894733111719,0.7554990686967872,0.24450093130321282,0.0,1.0,0.0,0.0
0.9590084436087262,0.5152553641125769,-1.0190141576310978,0.057997572472708425,0.5835295488659132,0.3493270359759112,0.8434824928142858,0.3612227352342863,96.46826106802888,0.0,0.5152553641125769,0.3612227352342863,0.6387772647657137,0.0,0.0,0.0,0.0
0.8575531270999133,0.374653091653261,-58.99000080836631,0.39028910083933377,0.6545222690109419,0.25435953880638185,0.4319875924251573,0.05671513828222552,142.332990811954,1.0,0.374653091653261,0.05671513828222552,0.9432848617177745,1.0,0.0,0.0,0.0
0.7562949238603938,0.4133125614011103,-34.786042031912395,0.08828249858491644,0.20194086451198257,0.15467530312791267,0.48168776866153795,0.5292555409507501,192.8516183797964,0.0,0.4133125614011103,0.5292555409507501,0.4707444590492499,0.0,0.0,0.0,0.0
0.0732315042772339,0.5998679731550471,-28.410088360305522,0.5162330979358292,0.8731592873828264,0.20553847069548647,0.04077327434137146,0.6722715076341925,108.32204497903723,0.0,0.5998679731550471,0.6722715076341925,0.3277284923658075,0.0,1.0,0.0,0.0
0.017589916212524592,0.2513740072904138,-41.44039354699129,0.616838376784242,0.1725857940492721,0.413054347953398,0.4824754444178325,0.4592373913640909,196.35170733334945,0.0,0.2513740072904138,0.4592373913640909,0.5407626086359091,0.0,0.0,0.0,0.0
0.04550423779029611,0.9509681864523993,-25.083767160358,0.7957277149698383,0.4303926180160754,0.45383788125698044,0.8793264990158236,0.8959344962919021,93.41644340038167,0.0,0.9509681864523993,0.8959344962919021,0.10406550370809786,0.0,1.0,0.0,0.0
0.19924187858461817,0.4962351738699511,-5.9833783723385,0.3223550934061763,0.6520146153391313,0.7081516877406011,0.7786746648941558,0.5639244579209632,116.34372495905575,0.0,0.4962351738699511,0.5639244579209632,0.43607554207903676,0.0,0.0,1.0,0.0
0.9670159887989729,0.6113307533028527,-16.28608730200375,0.34498284569587834,0.6699491810030801,0.2577976621641259,0.24509691752863616,0.7147222018094264,132.99526307681091,0.0,0.6113307533028527,0.7147222018094264,0.28527779819057364,0.0,1.0,0.0,0.0
0.6832766104223897,0.2694384907480917,-24.076599536596177,0.44393364970311255,0.5969602868455279,0.29087973224421937,0.7154509636491239,0.8059293661594655,96.38830634008131,0.0,0.2694384907480917,0.8059293661594655,0.19407063384053447,0.0,1.0,0.0,0.0
0.30062055985564207,0.661154269719093,-18.264889541787348,0.7040996843974501,0.6826985047758368,0.3928077169525388,0.39485367440367836,0.25481762364438143,81.95671798549081,0.0,0.661154269719093,0.25481762364438143,0.7451823763556186,0.0,0.0,0.0,0.0
0.6925773793969057,0.09318878597231284,-3.7324627927931004,0.8266863036714514,0.8575057399572561,0.9066688146151902,0.4086049707232401,0.846700723350401,82.1285820408309,1.0,0.09318878597231284,0.846700723350401,0.15329927664959897,0.0,1.0,1.0,0.0
0.021641794608235676,0.7848913946638502,-55.51220112018364,0.9885246673259216,0.674796429601556,0.7534497102421055,0.24580385627786594,0.6738653939196881,66.050791215694,0.0,0.7848913946638502,0.6738653939196881,0.32613460608031186,0.0,1.0,1.0,0.0
0.8378257199236009,0.16962409303157244,-18.158515989973765,0.22448050123272834,0.06845316942604274,0.4814936785493943,0.16928621027278945,0.7294439883265498,93.25921807368788,0.0,0.16962409303157244,0.7294439883265498,0.2705560116734502,0.0,0.0,0.0,0.0
0.34247255623582884,0.5674392512644729,-42.901903345361305,0.37798811620996164,0.8156217710403867,0.1792098495610257,0.08220158948193368,0.3283577851330193,119.41274738194295,0.0,0.5674392512644729,0.3283577851330193,0.6716422148669807,0.0,0.0,0.0,0.0
0.5426592821365677,0.37242369617500704,-12.605297986631697,0.03931948766847326,0.43176753819855795,0.3822559146564046,0.647578490806859,0.966276251897396,131.4525569280407,0.0,0.37242369617500704,0.966276251897396,0.033723748102604034,0.0,1.0,0.0,0.0
0.9868768469417205,0.30224939491319747,-58.14791204745234,0.16566316747641274,0.3951248847745673,0.3163339091885522,0.09705413098337767,0.43266010769071683,107.33620803233879,0.0,0.30224939491319747,0.43266010769071683,0.5673398923092832,0.0,0.0,0.0,0.0
0.12261922045743845,0.2961171306119089,-6.813836678676573,0.3020488654893402,0.7139554232420516,0.6120470796577556,0.4271811624083718,0.23902563680366917,111.66205790843236,1.0,0.2961171306119089,0.23902563680366917,0.7609743631963308,1.0,0.0,1.0,0.0
0.5921072134710428,0.35075321474935495,-47.10621398554609,0.1164627488916321,0.8797669379095653,0.44031297575190564,0.6252083217429301,0.49041036113680525,182.15931257011488,1.0,0.35075321474935495,0.49041036113680525,0.5095896388631947,0.0,0.0,0.0,0.0
0.5469348524482108,0.48078141794911333,-4.523940574697242,0.7196895960453545,0.11154990734685732,0.17770446119681405,0.7871228629394419,0.8358513211799543,136.3267160726415,0.0,0.48078141794911333,0.8358513211799543,0.1641486788200457,0.0,0.0,0.0,0.0
0.5544552278666393,0.6319329628514445,-33.65305354304163,0.680199123483904,0.10848125756641569,0.9612792423673864,0.7501548237949217,0.6311742040090069,104.2850879813273,0.0,0.6319329628514445,0.6311742040090069,0.3688257959909931,0.0,0.0,1.0,0.0
0.16095548745672916,0.40934296382894464,-20.305395565556495,0.6337097434231109,0.3826411550655715,0.6132863938331298,0.8137482955675476,0.026284772337607065,123.08694671023859,0.0,0.40934296382894464,0.026284772337607065,0.9737152276623929,1.0,0.0,1.0,0.0
0.758555228466791,0.5461444704633772,-20.9114347242558,0.516676392605342,0.991874544682311,0.054621536489038225,0.4910448217723773,0.09141654911451769,82.36997869589986,0.0,0.5461444704633772,0.09141654911451769,0.9085834508854823,0.0,0.0,0.0,0.0
0.38303835041826184,0.1555400915004873,-2.178770042600938,0.9467897767251591,0.3361096462206038,0.6397477120376796,0.5337533205937861,0.8155869805157686,147.8423853743719,0.0,0.1555400915004873,0.8155869805157686,0.1844130194842314,0.0,0.0,1.0,0.0
0.000252454490562104,0.7631743856097388,-15.189112722232913,0.509722705566481,0.9029189732330538,0.9084462056904016,0.5239116767043972,0.6079882311965377,199.51309006945414,0.0,0.7631743856097388,0.6079882311965377,0.39201176880346233,0.0,1.0,1.0,0.0
0.2988202348114175,0.32461724231147737,-49.03356584019022,0.895866939157868,0.7444883899492662,0.10564284887024189,0.9817673511979657,0.730961708161116,179.07309534469644,1.0,0.32461724231147737,0.730961708161116,0.26903829183888395,0.0,1.0,0.0,0.0
0.048150789173200925,0.5049609189421677,-18.084102796377643,0.5429465845718413,0.6666474656992775,0.8178740635904725,0.3743370629601962,0.8486686756187097,82.8082546671407,0.0,0.5049609189421677,0.8486686756187097,0.15133132438129027,0.0,1.0,1.0,0.0
0.27088605502637475,0.043345619927325774,-38.134391319884934,0.3799095448241203,0.8052705972072509,0.653130670289656,0.43672255815566663,0.6521139786237482,67.38966907219677,1.0,0.043345619927325774,0.6521139786237482,0.3478860213762518,0.0,1.0,1.0,0.0
0.1802715360183761,0.626947855241755,-21.517990846481865,0.7741346587074271,0.4029997590536022,0.7225540966161562,0.6839803325601894,0.9633933783698491,90.11823169945508,0.0,0.626947855241755,0.9633933783698491,0.03660662163015094,0.0,1.0,1.0,0.0
0.5516795637526395,0.6017644421104693,-0.08112690394675326,0.2011841421666517,0.5232180199672922,0.34618530771363887,0.5258929685789998,0.23212860210310593,66.66573297984834,0.0,0.6017644421104693,0.23212860210310593,0.7678713978968941,0.0,0.0,0.0,0.0
0.5725654538976889,0.33585431586083214,-49.08351589509398,0.32393556607803375,0.04928020144774492,0.9504422340901033,0.5811479149732605,0.8147686813470248,119.23654765668226,0.0,0.33585431586083214,0.8147686813470248,0.18523131865297515,0.0,0.0,1.0,0.0
0.9033146675661857,0.48331822155225335,-25.563280667959837,0.49179398006265684,0.7332782958676516,0.5666560776020624,0.2715989235803977,0.1455395313226463,144.85741444361688,0.0,0.48331822155225335,0.1455395313226463,0.8544604686773537,1.0,0.0,1.0,0.0
0.48917996154703625,0.09597569669611294,-36.2629520524039,0.5147764220004536,0.82689323382559,0.07610105583336235,0.3484953482460029,0.8226561227103854,150.77935044802103,1.0,0.09597569669611294,0.8226561227103854,0.17734387728961465,0.0,1.0,0.0,0.0
0.2899583218037868,0.8453351220226424,-30.40238516623846,0.49835189131046054,0.9765873392003843,0.9471165032363784,0.3585326833698439,0.1405791286630823,105.59334251893317,0.0,0.8453351220226424,0.1405791286630823,0.8594208713369177,0.0,0.0,1.0,0.0
0.03048326031138804,0.020767886710391203,-36.26867182491485,0.9410198226972342,0.8713573412322078,0.511442833917623,0.5652263811708307,0.005933496746056477,90.17016181672717,1.0,0.020767886710391203,0.005933496746056477,0.9940665032539435,1.0,0.0,1.0,0.0
0.024774126934383744,0.7545395326953875,-51.26125223841014,0.8690471024768169,0.6433243136757882,0.22941867651571335,0.15772031708324974,0.6276247009230531,186.1171772395253,0.0,0.7545395326953875,0.6276247009230531,0.3723752990769469,0.0,1.0,0.0,0.0
0.7183602189143816,0.3485466516033776,-24.756984283881174,0.3107616953724214,0.9991495667786588,0.7488391884618512,0.6143816397567536,0.4232591427658292,146.541320636338,1.0,0.3485466516033776,0.4232591427658292,0.5767408572341708,0.0,0.0,1.0,0.0
0.3416160624673348,0.028864839458030755,-36.29468865860203,0.930480819579867,0.6263010947738659,0.08395570307090161,0.8849936133950259,0.26887484934151484,94.12772903158185,1.0,0.028864839458030755,0.26887484934151484,0.7311251506584852,1.0,0.0,0.0,0.0
0.2970909687803208,0.5772022361259574,-27.3187143939614,0.4914137546228817,0.717536863512627,0.316537731334959,0.7820645215724311,0.17532167837859913,169.5669104707813,0.0,0.5772022361259574,0.17532167837859913,0.8246783216214009,0.0,0.0,0.0,0.0
0.6638101052502828,0.6832083095475865,-31.1067961723644,0.6670015326808647,0.07979704655945741,0.8515511170493673,0.05554723348764601,0.14874150987149748,140.75055918961309,0.0,0.6832083095475865,0.14874150987149748,0.8512584901285025,0.0,0.0,1.0,0.0
0.7394114554566915,0.07625156434625346,-4.754111152660812,0.9736076488006986,0.605950173007711,0.48124345537683655,0.7413949722797497,0.3283573523272054,129.05702077471489,1.0,0.07625156434625346,0.3283573523272054,0.6716426476727946,0.0,0.0,0.0,0.0
0.9161510268144013,0.9556554252415336,-4.375853036928902,0.26244806696384015,0.2324690402167634,0.29766450592931426,0.4413111123884602,0.3141674127919636,112.38979140346811,0.0,0.9556554252415336,0.3141674127919636,0.6858325872080364,0.0,0.0,0.0,1.0
0.6206369521207595,0.7625256770939759,-15.866508103924978,0.814423567079152,0.03218440321540217,0.04773378967875608,0.7893829606886293,0.5330788223246319,140.93969432669684,0.0,0.7625256770939759,0.5330788223246319,0.4669211776753681,0.0,0.0,0.0,1.0
0.052586860214377085,0.2553138011712709,-21.69874170687134,0.8591818901106761,0.9169833971814025,0.5004194958350817,0.5454742327381976,0.8330496310689909,135.26744410462965,1.0,0.2553138011712709,0.8330496310689909,0.16695036893100912,0.0,1.0,1.0,0.0
0.5168585255373174,0.9050840377609537,-12.604036736647195,0.9090725263612945,0.2182470547811538,0.5243754866553567,0.842472128593358,0.11114782746710894,171.25270160115466,0.0,0.9050840377609537,0.11114782746710894,0.8888521725328911,0.0,0.0,1.0,0.0
0.18297338341486946,0.8081187549853212,-23.27994374658791,0.19323599148486714,0.4733541793328011,0.6819051664607716,0.6338529008835424,0.4272471962317044,185.91131404892977,0.0,0.8081187549853212,0.4272471962317044,0.5727528037682956,0.0,0.0,1.0,0.0
0.5192634144878443,0.5058672985286884,-56.264964603512745,0.9221203897976371,0.177116568678373,0.5283446934365542,0.8035676014003101,0.2154532769556433,133.83226059591777,0.0,0.5058672985286884,0.2154532769556433,0.7845467230443567,0.0,0.0,1.0,0.0
0.24068490922334085,0.7596949977999118,-26.13952992761096,0.8559758603951435,0.8945580028773829,0.6487334824453981,0.7253912461589445,0.5492200998868637,113.82002262943361,0.0,0.7596949977999118,0.5492200998868637,0.4507799001131363,0.0,0.0,1.0,0.0
0.6481179230208346,0.9082886234873289,-34.999177174113726,0.31441002637379534,0.3884369385525741,0.4353976302115996,0.07356102897771621,0.4984418404349944,129.20399472700836,0.0,0.9082886234873289,0.4984418404349944,0.5015581595650056,0.0,0.0,0.0,1.0
0.5884438276405232,0.3628200304713315,-23.213544242664618,0.878216310274203,0.9554709904951643,0.5836122161410496,0.042590953970313095,0.969235997267109,158.82068852547587,1.0,0.3628200304713315,0.969235997267109,0.030764002732891038,0.0,1.0,1.0,0.0
0.33596364855365213,0.14715770096372338,-51.3948832658235,0.16774440613960273,0.045572521613820305,0.9021541886529115,0.5407682328273363,0.6999594127138372,175.93519129756305,0.0,0.14715770096372338,0.6999594127138372,0.3000405872861628,0.0,0.0,1.0,0.0
0.7915410063332002,0.8826056237288415,-1.9647226485028852,0.43907061474193954,0.9503354666683905,0.7232899483428163,0.07066819030807847,0.6817831212123454,156.14033234467882,0.0,0.8826056237288415,0.6817831212123454,0.3182168787876546,0.0,1.0,1.0,1.0
0.9058605637925271,0.37293213247009205,-24.905309983690934,0.012187551011742515,0.332075242181336,0.06224372615878093,0.521872972764897,0.8174476505069532,88.90197689806965,0.0,0.37293213247009205,0.8174476505069532,0.18255234949304677,0.0,0.0,0.0,0.0
0.5274410455577785,0.20400863651076706,-52.75869192922558,0.5109967919343424,0.07914862094972763,0.5873546311379894,0.03133746067672627,0.10671497186837553,136.99964796823008,0.0,0.20400863651076706,0.10671497186837553,0.8932850281316245,1.0,0.0,1.0,0.0
0.5914074128989139,0.02898693009375808,-25.597392719906495,0.838502525323637,0.7223161772939539,0.13118510392079863,0.5924746475636149,0.6722525000742134,65.21236824532085,1.0,0.02898693009375808,0.6722525000742134,0.32774749992578656,0.0,1.0,0.0,0.0
0.8553476686836227,0.9062673972898302,-8.972863598264482,0.8246314679891132,0.7449651984608933,0.6334320312819601,0.6786270049882519,0.806395293334983,152.74978417058264,0.0,0.9062673972898302,0.806395293334983,0.19360470666501695,0.0,1.0,1.0,1.0
0.32772695668207097,0.3759611021613539,-6.1765518976624705,0.0171220857971619,0.698820581244282,0.9547775524252154,0.7062281699579737,0.9939119882317821,156.2562867739663,1.0,0.3759611021613539,0.9939119882317821,0.006088011768217938,0.0,1.0,1.0,0.0
0.034363029216861074,0.8270098816469236,-42.92220528364086,0.44605722566444095,0.3120919159070821,0.26855410620967946,0.43140570366978537,0.37875144844067377,148.6674014579625,0.0,0.8270098816469236,0.37875144844067377,0.6212485515593262,0.0,0.0,0.0,0.0
0.8131512009875106,0.29708865318724076,-47.176730830678956,0.6668952708703423,0.6703200658307816,0.9011312392861718,0.015945686453310848,0.85304066211651,132.94030421276997,1.0,0.29708865318724076,0.85304066211651,0.14695933788349003,0.0,1.0,1.0,0.0
0.6213020891720988,0.09137144056141477,-34.04310402767726,0.2273024072385238,0.2542250300825091,0.5040951146760274,0.8124559504031124,0.7437809301448561,142.73999427203353,0.0,0.09137144056141477,0.7437809301448561,0.25621906985514387,0.0,0.0,1.0,0.0
0.539418192753467,0.42730604323448995,-1.6374015863168196,0.5601925542342333,0.2539663983122221,0.23009079204003957,0.6113530307751418,0.5228275273109287,61.07769241365979,0.0,0.42730604323448995,0.5228275273109287,0.47717247268907126,0.0,0.0,0.0,0.0
0.8300653721957794,0.7041223542324346,-20.290242619313787,0.06878065769765895,0.3620558501724914,0.9353822607327862,0.8625892413413637,0.28554293786953344,81.98824377387942,0.0,0.7041223542324346,0.28554293786953344,0.7144570621304666,0.0,0.0,1.0,1.0
0.4490879571685771,0.3558303786676609,-19.066417397640535,0.9664348100843196,0.36300144998256145,0.062224172652242005,0.8976140083423853,0.037949730239870805,193.38722560146664,0.0,0.3558303786676609,0.037949730239870805,0.9620502697601292,1.0,0.0,0.0,0.0
0.6645794280090398,0.9416892084419491,-48.020418801061304,0.040699795253807625,0.4882099782764918,0.4506234145701252,0.33149227325488284,0.9576564743886975,175.16172250260053,0.0,0.9416892084419491,0.9576564743886975,0.0423435256113025,0.0,1.0,0.0,1.0
0.6615820213755933,0.16285829163782772,-15.94059550688852,0.727012454699724,0.42506817361600746,0.9247859097140136,0.16697788222901044,0.2673375624116643,68.85140749508871,0.0,0.16285829163782772,0.2673375624116643,0.7326624375883357,1.0,0.0,1.0,0.0
0.7954509581775875,0.6217593860953973,-41.10358165912503,0.16381366359431537,0.04014777002874037,0.1667455686259366,0.4532846463376582,0.24717696901060615,96.25750484047535,0.0,0.6217593860953973,0.24717696901060615,0.7528230309893938,0.0,0.0,0.0,0.0
0.8755763666677143,0.5151376734611006,-16.244881612295124,0.03571094902814309,0.3651633556780287,0.4791693473954418,0.1864168552101847,0.12019154144553867,181.84252898997795,0.0,0.5151376734611006,0.12019154144553867,0.8798084585544613,0.0,0.0,0.0,0.0
0.9394316270997966,0.07880669804540741,-39.05887724745341,0.9582856281444737,0.08316173313246489,0.6436413728787262,0.9722213709670056,0.9782236685813746,125.97126632652406,0.0,0.07880669804540741,0.9782236685813746,0.02177633141862545,0.0,0.0,1.0,0.0
0.1627491077823806,0.20208431497743884,-6.623916292536322,0.9116830043297359,0.6078796438735548,0.7661763994699113,0.7399312514704082,0.661821597989107,175.81877368207148,1.0,0.20208431497743884,0.661821597989107,0.338178402010893,0.0,1.0,1.0,0.0
0.6854066230403211,0.5340023057474993,-45.78261824471059,0.743888144118619,0.47343786783827446,0.2947916840075093,0.8019462757417753,0.6967136003530283,191.227538837458,0.0,0.5340023057474993,0.6967136003530283,0.3032863996469717,0.0,1.0,0.0,0.0
0.16544164001887773,0.6491892846364932,-45.34563191470944,0.9035829853016417,0.09949941425661568,0.6561618064448772,0.7910857215280299,0.3549178403647072,193.5793311137333,0.0,0.6491892846364932,0.3549178403647072,0.6450821596352928,0.0,0.0,1.0,0.0
0.8507306845860373,0.2946182996849034,-59.54753443704008,0.29665717611806086,0.28131047047074254,0.889964607500909,0.9671211782547475,0.07043998597026035,125.98127599466434,0.0,0.2946182996849034,0.07043998597026035,0.9295600140297396,1.0,0.0,1.0,0.0
0.5483319985297957,0.0929116613297033,-37.35013745174865,0.3170824173929506,0.5360563543270873,0.661190899731938,0.7034851104965666,0.13675502361338754,173.812678272247,0.0,0.0929116613297033,0.13675502361338754,0.8632449763866125,1.0,0.0,1.0,0.0
0.678542029790759,0.8890749167467196,-33.03983643387396,0.8938897627221916,0.8657741223560754,0.4384093323592696,0.3811433152929786,0.9328120149702568,160.1230628353813,0.0,0.8890749167467196,0.9328120149702568,0.06718798502974321,0.0,1.0,0.0,1.0
0.9282453464380757,0.796974778895813,-23.442153642515137,0.1158527770037645,0.2914806725790985,0.9688424070983915,0.31942209871420446,0.09325486978537079,159.05746982870477,0.0,0.796974778895813,0.09325486978537079,0.9067451302146292,0.0,0.0,1.0,1.0
0.7340042545436842,0.2854577202871508,-42.13968123922177,0.4688929855087839,0.02178894976225554,0.7893230103611636,0.3170887872741256,0.8537631020019776,172.36825902400471,0.0,0.2854577202871508,0.8537631020019776,0.14623689799802242,0.0,0.0,1.0,0.0
0.6614020331187831,0.3248748670992887,-29.021006300329798,0.444829257597959,0.3388818862486742,0.8481362893031782,0.4835070745776653,0.8327230977971465,74.7305863798554,0.0,0.3248748670992887,0.8327230977971465,0.16727690220285352,0.0,0.0,1.0,0.0
0.14102478860033574,0.9773203051129767,-24.73389224363462,0.509769673499049,0.5231560631441117,0.21526877403285982,0.718703949501973,0.08478062372975437,140.26531983442325,0.0,0.9773203051129767,0.08478062372975437,0.9152193762702456,0.0,0.0,0.0,0.0
0.5707687965859014,0.914188424133511,-28.429031393708378,0.13706269597417953,0.5727532592481626,0.09132764436533236,0.20379383529992168,0.031108584187416133,131.86110154432976,0.0,0.914188424133511,0.031108584187416133,0.9688914158125839,0.0,0.0,0.0,0.0
0.08453261529357237,0.46939437853132904,-4.023297880551354,0.719761413019332,0.07741167422529305,0.22420981220884317,0.6736624198934342,0.8947018610241837,64.60860214695353,0.0,0.46939437853132904,0.8947018610241837,0.1052981389758163,0.0,0.0,0.0,0.0
0.812451131720594,0.5618138803383087,-27.234520482216446,0.9578131827533579,0.7476446125967731,0.8501188680561119,0.3539955695446667,0.5543640408284098,146.1567948398879,0.0,0.5618138803383087,0.5543640408284098,0.44563595917159016,0.0,0.0,1.0,0.0
0.32158394036246507,0.5702481249473995,-45.80067723121717,0.14337567106823956,0.37397025927733263,0.739289628746437,0.9161871480738876,0.4577140514982325,149.99531635856044,0.0,0.5702481249473995,0.4577140514982325,0.5422859485017675,0.0,0.0,1.0,0.0
0.10303713097510048,0.9044637585523287,-25.883747185803934,0.780338247625157,0.7944412009213938,0.2564805263681059,0.5291744531818495,0.9604797515609774,72.54883627491589,0.0,0.9044637585523287,0.9604797515609774,0.039520248439022576,0.0,1.0,0.0,0.0
0.6830498980295634,0.962264078035172,-41.965373516758675,0.8614479214043481,0.9336575454082716,0.7470862093948251,0.23132831230695827,0.3340007188265939,65.0133012184823,0.0,0.962264078035172,0.3340007188265939,0.6659992811734061,0.0,0.0,1.0,1.0
0.8314532342453552,0.8496111865110799,-22.037381402028437,0.35252785126385133,0.07681102763992054,0.7530576099149094,0.7265261936099229,0.912602521738901,162.27448294075072,0.0,0.8496111865110799,0.912602521738901,0.087397478261099,0.0,0.0,1.0,1.0
0.8286949422440019,0.7459546179039995,-22.158768701261017,0.42696639419100924,0.9021173086422778,0.6509685719074698,0.39835532196590906,0.08346929518195723,100.6986798266135,0.0,0.7459546179039995,0.08346929518195723,0.9165307048180428,0.0,0.0,1.0,1.0
0.5437267348301648,0.27563537001619454,-46.725879124925875,0.5273935140878472,0.16982034589573458,0.8004100633251034,0.484368151342658,0.5738627739626502,80.6336574636288,0.0,0.27563537001619454,0.5738627739626502,0.4261372260373498,0.0,0.0,1.0,0.0
0.3245763356293674,0.4100896832611529,-11.507230169009823,0.7701595230861525,0.22297747478768137,0.6161790816070077,0.2434563577719976,0.9882471556902453,193.2973429383219,0.0,0.4100896832611529,0.9882471556902453,0.011752844309754651,0.0,0.0,1.0,0.0
0.5632647205206205,0.698902571894143,-11.914177067481297,0.7209984200449039,0.6998286910824209,0.958554007949528,0.5964561063072833,0.6363026718190556,178.89762506134537,0.0,0.698902571894143,0.6363026718190556,0.36369732818094436,0.0,1.0,1.0,0.0
0.6698908678584068,0.7329326220175225,-45.949878828201456,0.3712669241150709,0.14730134571189302,0.5057654423348055,0.4557274006802463,0.9971628142794569,145.56921139417597,0.0,0.7329326220175225,0.9971628142794569,0.002837185720543145,0.0,0.0,1.0,1.0
0.7864448231944233,0.33401467075765423,-10.107280119432211,0.6150849664876834,0.6969923315984384,0.2944307779494544,0.5486383916955772,0.6340369734136087,142.47325461432135,1.0,0.33401467075765423,0.6340369734136087,0.36596302658639135,0.0,1.0,0.0,0.0
0.9151937114245665,0.8982726644925535,-1.740956527387766,0.6674280060069894,0.9719141301256846,0.8324780000319089,0.2708321403399593,0.4274356695512971,93.37494190646137,0.0,0.8982726644925535,0.4274356695512971,0.5725643304487029,0.0,0.0,1.0,1.0
0.004197160830565205,0.1880487531469086,-59.75636482278746,0.71983846135049,0.42553429772119955,0.31257472707785827,0.7617208910951879,0.832486774619645,196.5419354109832,0.0,0.1880487531469086,0.832486774619645,0.16751322538035496,0.0,1.0,0.0,0.0
0.6420135846752412,0.4615289585400517,-41.68414190355385,0.2223182092142263,0.2129259504826012,0.40918937471979877,0.9917863552879298,0.0008536974374032669,87.60882561234011,0.0,0.4615289585400517,0.0008536974374032669,0.9991463025625967,1.0,0.0,0.0,0.0
0.18839298240357383,0.7171194855322923,-38.85091634411629,0.4572608045918206,0.14862413046990497,0.4049970388769477,0.10319981190583605,0.5330432878885831,73.71137115359983,0.0,0.7171194855322923,0.5330432878885831,0.46695671211141687,0.0,0.0,0.0,0.0
0.7905083811731562,0.5666017175404895,-16.56192757358899,0.41851638665268387,0.3814912932422273,0.0982088890488636,0.5238556070428226,0.514502164857092,125.53428622294474,0.0,0.5666017175404895,0.514502164857092,0.485497835142908,0.0,0.0,0.0,0.0
0.7405183646824492,0.8325044000323545,-14.952619503089515,0.14386574280684383,0.6220595092821081,0.08032310568953338,0.6946222874404765,0.3818390965611267,78.54985387728013,0.0,0.8325044000323545,0.3818390965611267,0.6181609034388733,0.0,0.0,0.0,1.0
0.8620508569761278,0.6140083390389374,-38.71650192314835,0.030727179650499536,0.5373102590036105,0.9232258784862326,0.5963798327023657,0.9716506046194932,79.1031565578642,0.0,0.6140083390389374,0.9716506046194932,0.028349395380506848,0.0,1.0,1.0,0.0
0.5683051045948369,0.7981250480064295,-28.467556132457027,0.09106635598747259,0.5828860015472177,0.6117379058424717,0.7287092484753526,0.7612115151654739,167.90817634948502,0.0,0.7981250480064295,0.7612115151654739,0.23878848483452608,0.0,1.0,1.0,0.0
0.663444393638966,0.21581118641865815,-35.74585464963124,0.7761299726143986,0.9534269834008132,0.078946964836622,0.5355366777971948,0.31252227132430643,91.55514520435617,1.0,0.21581118641865815,0.31252227132430643,0.6874777286756936,0.0,0.0,0.0,0.0
0.505810683519715,0.6060893405565367,-59.41366611483112,0.7802065722011909,0.8198821312594476,0.965510824567933,0.18064373322469496,0.594552562360948,119.72755228669523,0.0,0.6060893405565367,0.594552562360948,0.405447437639052,0.0,0.0,1.0,0.0
0.33482785155535066,0.5656334514375047,-13.057014406586987,0.023052783445210112,0.9694001125661867,0.8098815857057108,0.7511537036455784,0.7603873821805035,114.46849934661137,0.0,0.5656334514375047,0.7603873821805035,0.2396126178194965,0.0,1.0,1.0,0.0
0.7516205508448137,0.38677020860295763,-6.077590225512417,0.17722238330646967,0.2923474242151515,0.5513375426990761,0.3192110358872725,0.4242372452952734,128.93917651580324,0.0,0.38677020860295763,0.4242372452952734,0.5757627547047266,0.0,0.0,1.0,0.0
0.8563533488135087,0.5231922536086928,-38.252409083126366,0.24773616403511578,0.4086759787921972,0.5157361044143699,0.7461148572032363,0.12104877617233867,91.02528635348112,0.0,0.5231922536086928,0.12104877617233867,0.8789512238276613,0.0,0.0,1.0,0.0
0.3796540158686732,0.3603984051195146,-36.495114743687296,0.7935212646403246,0.3241544029621731,0.5018981804026647,0.6239070328578965,0.23217855018360511,160.61735420065543,0.0,0.3603984051195146,0.23217855018360511,0.7678214498163949,1.0,0.0,1.0,0.0
0.547111319738281,0.44678116303137805,-11.412958395701168,0.243495259185182,0.8831759706143232,0.5610487353667037,0.6091748793796582,0.8750589641689428,174.46157629890703,0.0,0.44678116303137805,0.8750589641689428,0.1249410358310572,0.0,1.0,1.0,0.0
0.6015620688219003,0.7531877038481741,-34.00083058602619,0.5473777534997463,0.06207013670851114,0.08985791800004683,0.829425404186332,0.05967165568249666,83.71587758856502,0.0,0.7531877038481741,0.05967165568249666,0.9403283443175033,0.0,0.0,0.0,1.0
0.7958326589504415,0.001145950628256287,-43.05574026924814,0.5840386578266218,0.5954499314692966,0.7771529082294736,0.5059262544921704,0.5094018695309703,161.54348057569806,0.0,0.001145950628256287,0.5094018695309703,0.49059813046902967,0.0,0.0,1.0,0.0
0.4986244632662835,0.6084910865636168,-6.133555904696941,0.40145100761237196,0.3851250709192222,0.0035489918647713115,0.6134262615212319,0.02977190740713198,130.58078856196428,0.0,0.6084910865636168,0.02977190740713198,0.970228092592868,0.0,0.0,0.0,0.0
0.8042337890322266,0.5499210705196631,-43.82183008699944,0.7861684214493713,0.26971700408253885,0.7330317809458987,0.6102584551902313,0.1699962967480012,186.71874247818602,0.0,0.5499210705196631,0.1699962967480012,0.8300037032519988,0.0,0.0,1.0,0.0
0.2006436829571957,0.9895870741406698,-59.561370680703554,0.26348337714290304,0.19986029727419885,0.013993410170462628,0.7323679001473156,0.6934258020995963,170.92913500969027,0.0,0.9895870741406698,0.6934258020995963,0.30657419790040374,0.0,0.0,0.0,0.0
0.25669854646456525,0.44433516708296994,-20.453188702707152,0.4397685038881436,0.6973257703179158,0.6339734084404421,0.11464780302217648,0.781043121076968,160.89469027295257,0.0,0.44433516708296994,0.781043121076968,0.21895687892303195,0.0,1.0,1.0,0.0
0.6558343876174053,0.15509360627100233,-43.92021307227818,0.3931770315876004,0.2799296216564434,0.22781029067613146,0.8053576701617757,0.6382322463602024,139.16609841703504,0.0,0.15509360627100233,0.6382322463602024,0.36176775363979763,0.0,0.0,0.0,0.0
0.22595271085325386,0.9180765622686413,-48.529017654161024,0.7949509328246771,0.9666726667052931,0.7270927292242361,0.9928587751846297,0.6510511169779467,90.4444481045453,0.0,0.9180765622686413,0.6510511169779467,0.3489488830220533,0.0,1.0,1.0,0.0
0.2038194937165113,0.32456428425547634,-59.572198786739634,0.6816984700828346,0.2686677846278276,0.8151832322927528,0.35917265055930025,0.4799564934633127,195.1964483184517,0.0,0.32456428425547634,0.4799564934633127,0.5200435065366873,0.0,0.0,1.0,0.0
0.2421721230472771,0.7212540974297396,-14.692932641674972,0.22099815752363516,0.5009968366121956,0.35020192531296834,0.7719062434000892,0.6224833190290374,126.63762768047658,0.0,0.7212540974297396,0.6224833190290374,0.3775166809709626,0.0,1.0,0.0,0.0
0.7793632650477182,0.23515557000841703,-14.782687164938451,0.8653743120928243,0.8786215968075725,0.7836735930196038,0.40801416699826876,0.981808022717827,113.14311013514158,1.0,0.23515557000841703,0.981808022717827,0.018191977282173033,0.0,1.0,1.0,0.0
0.6386253991024257,0.16107417806946867,-1.1730660818164367,0.7039859218646632,0.7533775452463684,0.06577670341114461,0.7634178142206718,0.7747234292206013,154.04818169071217,1.0,0.16107417806946867,0.7747234292206013,0.22527657077939867,0.0,1.0,0.0,0.0
0.29190961379034364,0.4896900421608815,-53.37393772147701,0.4715870664591526,0.24382385260040484,0.34909698649408205,0.1626004084036986,0.23005436774689703,70.71960985481627,0.0,0.4896900421608815,0.23005436774689703,0.769945632253103,1.0,0.0,0.0,0.0
0.9199013664369213,0.5304106879754034,-36.19548172423562,0.5350292127687839,0.6282932284815527,0.9218787933693491,0.17869295228631332,0.2955524986352176,196.61050708817606,0.0,0.5304106879754034,0.2955524986352176,0.7044475013647824,0.0,0.0,1.0,0.0
0.3711929866485244,0.022561650757327634,-51.14139044177047,0.026338701748552018,0.9899231424207284,0.27887084899122305,0.923542756936226,0.9958862757597158,143.977770960036,1.0,0.022561650757327634,0.9958862757597158,0.004113724240284222,0.0,1.0,0.0,0.0
0.033196315065561754,0.08159163038692696,-31.104656693527335,0.40617201291148597,0.6061773057817677,0.43884780971136395,0.9340768492714844,0.5347397154135111,157.1216486047419,1.0,0.08159163038692696,0.5347397154135111,0.46526028458648894,0.0,0.0,0.0,0.0
0.8964852726424966,0.14687187583320738,-46.21592075288829,0.10731866047401506,0.13963839922991228,0.5125839669342331,0.321179258967464,0.4231728395267549,197.54857645116866,0.0,0.14687187583320738,0.4231728395267549,0.5768271604732451,0.0,0.0,1.0,0.0
0.1567043477959481,0.5408120707980756,-54.06773069678094,0.3184963132638786,0.5275259236745986,0.9466317459653377,0.391228221283483,0.06490669621466982,114.34260271444437,0.0,0.5408120707980756,0.06490669621466982,0.9350933037853302,0.0,0.0,1.0,0.0
0.14574117587397772,0.2299896132914453,-22.914562610100575,0.06742386620368168,0.46472375625003737,0.6094615860107644,0.4218583923674969,0.01912635062373036,197.97270996640117,0.0,0.2299896132914453,0.01912635062373036,0.9808736493762696,1.0,0.0,1.0,0.0
0.3671157673405353,0.7785771869332669,-40.46121046875281,0.47501675699341883,0.38846364261099653,0.3425392295096077,0.021851377207778744,0.3600209378545035,184.52859865593422,0.0,0.7785771869332669,0.3600209378545035,0.6399790621454965,0.0,0.0,0.0,0.0
0.6903933385936837,0.14542285909543984,-24.530699722635646,0.8922308599488715,0.7000340409648554,0.14868439235669673,0.8678324967344967,0.3015440132888654,123.57066020372784,1.0,0.14542285909543984,0.3015440132888654,0.6984559867111346,0.0,0.0,0.0,0.0
0.5261427596891464,0.8505066043781953,-4.103550291140337,0.929652877790556,0.00795418127854064,0.9218884855854572,0.054386966001572334,0.26577365681743537,132.0982996618966,0.0,0.8505066043781953,0.26577365681743537,0.7342263431825646,0.0,0.0,1.0,0.0
0.47992568900439403,0.604709793887392,-31.23322627577965,0.9343756796404208,0.240548848214587,0.27402469403848584,0.9207379356930562,0.07673951374525623,145.33851506667338,0.0,0.604709793887392,0.07673951374525623,0.9232604862547438,0.0,0.0,0.0,0.0
0.6817359520656108,0.5055417234297395,-18.34608727061177,0.172754646011967,0.8526322327715399,0.14002568946988558,0.4008124443157497,0.0752576013082058,136.329551034436,0.0,0.5055417234297395,0.0752576013082058,0.9247423986917942,0.0,0.0,0.0,0.0
0.6697458074256392,0.9412216350952906,-15.63982824623995,0.5411029164541511,0.9326170171703337,0.47843683804087656,0.5612056530988694,0.5960985276700957,117.39716162411935,0.0,0.9412216350952906,0.5960985276700957,0.40390147232990425,0.0,0.0,0.0,1.0
0.8384826905658241,0.18517593884505912,-26.709468577703518,0.722233256187194,0.9039761718765772,0.8839183964342784,0.5087402894301419,0.6431614511633417,115.19328305810214,1.0,0.18517593884505912,0.6431614511633417,0.35683854883665833,0.0,1.0,1.0,0.0
0.4681777628802003,0.9062657925730495,-4.1577604084515585,0.8954140580670197,0.13837086181363822,0.8500840213306362,0.9483637310214803,0.3612496945736047,132.6104805190337,0.0,0.9062657925730495,0.3612496945736047,0.6387503054263953,0.0,0.0,1.0,0.0
0.7790952558129959,0.5620781375656487,-0.3909886976250334,0.45571336515682836,0.7139427112073776,0.7925911401965442,0.49410041575843944,0.8569838057113758,136.46164276900748,0.0,0.5620781375656487,0.8569838057113758,0.14301619428862422,0.0,1.0,1.0,0.0
0.4116507968016314,0.10782367385194702,-36.39518541897455,0.7339364547332842,0.9212864116801073,0.2516794038603103,0.3552355173305026,0.1539609941044262,156.70120519205562,1.0,0.10782367385194702,0.1539609941044262,0.8460390058955738,1.0,0.0,0.0,0.0
0.9601884300099253,0.6409522198481755,-22.975408199626422,0.5534899305004339,0.08845574068553652,0.7295038264293836,0.6020495435493508,0.661476768856287,185.83355302383902,0.0,0.6409522198481755,0.661476768856287,0.33852323114371297,0.0,0.0,1.0,0.0
0.7839607870610179,0.7809152521545261,-4.368973867239141,0.9899349514629996,0.5812827319610596,0.10888161603116575,0.4591299077754364,0.7876011464616444,63.881545466658885,0.0,0.7809152521545261,0.7876011464616444,0.21239885353835564,0.0,1.0,0.0,1.0
0.05688743835614907,0.06715778238282133,-16.13785450030135,0.5011666285631721,0.3688979435205936,0.10561704526173599,0.7322402502058891,0.3210198105508997,97.1453698090534,0.0,0.06715778238282133,0.3210198105508997,0.6789801894491003,0.0,0.0,0.0,0.0
0.6523192015535509,0.5590108925968418,-38.2553614912019,0.6414874708055881,0.2712215203841182,0.7948302616043268,0.22931895030765392,0.15883769538201564,169.5415173298425,0.0,0.5590108925968418,0.15883769538201564,0.8411623046179844,0.0,0.0,1.0,0.0
0.7078920306979332,0.18263897570179843,-53.02525483860372,0.8383990884866921,0.776598482196688,0.32725737369966423,0.6581974082133667,0.1241601865478108,130.98667226667493,1.0,0.18263897570179843,0.1241601865478108,0.8758398134521892,1.0,0.0,0.0,0.0
0.018730292060419873,0.39160188092155546,-55.509430711715694,0.4751471801568825,0.42168164685289433,0.444385026638056,0.04533130204799407,0.3616163412818324,165.9077388739883,0.0,0.39160188092155546,0.3616163412818324,0.6383836587181676,0.0,0.0,0.0,0.0
0.3689143733536201,0.7151719526095807,-37.831276581976006,0.42323944149018644,0.5638921128292661,0.9506819368070825,0.10886044664665517,0.03291376866117368,145.11400573340632,0.0,0.7151719526095807,0.03291376866117368,0.9670862313388263,0.0,0.0,1.0,0.0
0.9490970889284264,0.9897231325547149,-30.95014515647989,0.46808162108509843,0.6449637707451962,0.5556347572049698,0.6340880576141181,0.8739994255378942,164.4828637282653,0.0,0.9897231325547149,0.8739994255378942,0.12600057446210577,0.0,1.0,1.0,1.0
0.49687739168679557,0.4618644590001696,-21.623895089213036,0.4557062844202975,0.45777935126563984,0.016305901786504817,0.17406413740730842,0.48851363999575304,175.17148426705168,0.0,0.4618644590001696,0.48851363999575304,0.511486360004247,0.0,0.0,0.0,0.0
0.27872700672712414,0.522643433131149,-39.30227491444607,0.10480398953958903,0.9582984830713006,0.8546738702503017,0.07849242446690641,0.7197872624682846,108.66118661005002,0.0,0.522643433131149,0.7197872624682846,0.2802127375317154,0.0,1.0,1.0,0.0
0.9948498070617926,0.3023985198289777,-45.675693278244005,0.5678905483054052,0.8351261633432041,0.192518871819798,0.7094027697193312,0.061406583141121684,188.65086403546962,1.0,0.3023985198289777,0.061406583141121684,0.9385934168588783,1.0,0.0,0.0,0.0
0.08107491614729878,0.9142313763441625,-30.551565032837832,0.44809111279591984,0.9733070795003765,0.9903841776982191,0.650178125961012,0.1271192918570485,130.86381199172837,0.0,0.9142313763441625,0.1271192918570485,0.8728807081429515,0.0,0.0,1.0,0.0
0.5291631009556624,0.5144464281353097,-25.830489688799418,0.01872471379439067,0.7112272814705024,0.712394301952988,0.11546977517788792,0.5702394424458007,139.57056554100845,0.0,0.5144464281353097,0.5702394424458007,0.4297605575541993,0.0,0.0,1.0,0.0
0.6824504201904001,0.08539769213508108,-22.40980156403422,0.2807519507463412,0.5070029904961719,0.7733235527040767,0.7056459363630133,0.11890301767799338,142.76587019625026,0.0,0.08539769213508108,0.11890301767799338,0.8810969823220066,1.0,0.0,1.0,0.0
0.9691165309407386,0.15676943733500226,-8.825574736475104,0.7025480805537769,0.7740033129097597,0.28195832714264546,0.28788892937984245,0.9060194557764881,110.37648449295821,1.0,0.15676943733500226,0.9060194557764881,0.09398054422351187,0.0,1.0,0.0,0.0
0.06301539069281048,0.60059670357945,-52.51093985748944,0.7965962414079082,0.6417464425010574,0.8747265052212082,0.7848372497826352,0.11211364833819615,113.34989470081912,0.0,0.60059670357945,0.11211364833819615,0.8878863516618039,0.0,0.0,1.0,0.0
0.7745602499145873,0.41734147326632576,-1.6580709132012998,0.7357404498934492,0.015499916690321025,0.8799856915608364,0.1008047848685576,0.14052372418008585,162.82893608554713,0.0,0.41734147326632576,0.14052372418008585,0.8594762758199141,1.0,0.0,1.0,0.0
0.8649685594304802,0.536349627899556,-42.65701602325325,0.35131554525317554,0.342889329596056,0.32667810380951223,0.2429096718216498,0.608867094629233,186.0567445991094,0.0,0.536349627899556,0.608867094629233,0.39113290537076695,0.0,0.0,0.0,0.0
0.30708241308334117,0.18669429746141208,-9.685340017714509,0.7417833308897033,0.9308370315599105,0.16551973560490962,0.14425131411659153,0.5414293943049967,146.02071167691332,1.0,0.18669429746141208,0.5414293943049967,0.4585706056950033,0.0,0.0,0.0,0.0
0.48017344185958954,0.5989666363238755,-49.17721386749572,0.47961375416408336,0.6580925609396678,0.4327064492487037,0.6794473358165979,0.4511912805538396,106.70394131791882,0.0,0.5989666363238755,0.4511912805538396,0.5488087194461604,0.0,0.0,0.0,0.0
0.30360504708709235,0.410902058988588,-58.61462263906795,0.6685251384461137,0.8451056409802619,0.3546270944431186,0.046033136141718556,0.9867755973855576,96.91775576314937,0.0,0.410902058988588,0.9867755973855576,0.013224402614442354,0.0,1.0,0.0,0.0
0.126621121690773,0.36975250797302794,-15.686577561986603,0.2939165968905657,0.5747032039194878,0.4155599944371422,0.11776399227661849,0.33028701249211023,161.48187079996933,0.0,0.36975250797302794,0.33028701249211023,0.6697129875078898,0.0,0.0,0.0,0.0
0.6120038973314457,0.11977837988356099,-50.20065541714149,0.6407333593074455,0.8134154143208688,0.34947449595816926,0.5953107518434502,0.17064358875210528,103.59268716674534,1.0,0.11977837988356099,0.17064358875210528,0.8293564112478947,1.0,0.0,0.0,0.0
0.0202702056730526,0.7682759477995226,-35.93941081362199,0.8161255736539539,0.7083729960227263,0.8287442657284769,0.2856586695828828,0.18510873042784526,196.06679557123388,0.0,0.7682759477995226,0.18510873042784526,0.8148912695721547,0.0,0.0,1.0,0.0
0.7173277870408695,0.8340422679266704,-59.21199757740398,0.35446162029588657,0.7428166905773317,0.07798283298998332,0.5673399295689356,0.4290727674550032,62.466310999755024,0.0,0.8340422679266704,0.4290727674550032,0.5709272325449968,0.0,0.0,0.0,1.0
0.23597557711945139,0.2847919890667142,-53.288403219220655,0.6315369097426604,0.24239787625188902,0.27761949961938837,0.8982385982001474,0.46712309269313945,114.89794057569813,0.0,0.2847919890667142,0.46712309269313945,0.5328769073068605,0.0,0.0,0.0,0.0
0.7238710383147172,0.9096137968829121,-58.49781982575337,0.4482388465553965,0.6107813560779473,0.3185630981259896,0.7724077221232417,0.9714770702702739,192.07983127503965,0.0,0.9096137968829121,0.9714770702702739,0.028522929729726143,0.0,1.0,0.0,1.0
0.2659825393799419,0.226338278437486,-2.5505681387267387,0.4586284874314659,0.20829772308469174,0.7069969636304182,0.28442032390379157,0.26724697507105233,183.09486603088988,0.0,0.226338278437486,0.26724697507105233,0.7327530249289477,1.0,0.0,1.0,0.0
0.16247915337690344,0.06439294646623639,-43.848813589698764,0.6069454128382038,0.12308785340327055,0.47159467227679375,0.6273371104253198,0.8487369925931739,92.18174276831562,0.0,0.06439294646623639,0.8487369925931739,0.15126300740682608,0.0,0.0,0.0,0.0
0.8173463233827895,0.23490626113123858,-19.394007525621568,0.4306735714824551,0.11468124237867017,0.7142634628218487,0.2177626185490178,0.17662342602459147,110.16521000251365,0.0,0.23490626113123858,0.17662342602459147,0.8233765739754085,1.0,0.0,1.0,0.0
0.6532902447594835,0.2339964787906278,-48.980307673086855,0.009953625713364334,0.4716430971017236,0.4286455693151827,0.23386774363737628,0.05365216400969075,120.09582244341718,0.0,0.2339964787906278,0.05365216400969075,0.9463478359903092,1.0,0.0,0.0,0.0
0.7882051110716313,0.715282131327177,-8.352306608389782,0.009582687713155624,0.9664193168045985,0.34141225262744834,0.9903977960919648,0.25261946060177465,126.01509426095427,0.0,0.715282131327177,0.25261946060177465,0.7473805393982254,0.0,0.0,0.0,1.0
0.35392767657530366,0.3557607149943026,-9.463074075107052,0.7464189397373387,0.9921514352300481,0.6135146827175125,0.46325660439450267,0.09007386294689113,199.51859873193996,1.0,0.3557607149943026,0.09007386294689113,0.9099261370531089,1.0,0.0,1.0,0.0
0.5515306529322829,0.7004774696901418,-35.595456768521316,0.5477157081792359,0.9425777318928872,0.16641943793160274,0.2923725843302546,0.15205972777803234,170.91022653266845,0.0,0.7004774696901418,0.15205972777803234,0.8479402722219677,0.0,0.0,0.0,0.0
0.06204526042182956,0.0816316498513383,-42.09035323275788,0.5141881809210113,0.40627480055958654,0.04481631067080727,0.9574915578709515,0.9528695203580837,99.10988525370638,0.0,0.0816316498513383,0.9528695203580837,0.0471304796419163,0.0,1.0,0.0,0.0
0.7315256152685815,0.5785754113832238,-45.751398299662554,0.26217155174161544,0.49115317431045047,0.4192369414973601,0.29122932823126424,0.8075115963051489,127.40480846923388,0.0,0.5785754113832238,0.8075115963051489,0.1924884036948511,0.0,1.0,0.0,0.0
0.6548480623891278,0.18927350016787547,-27.989540249010794,0.3179760494466215,0.5264136103948782,0.7808258334109281,0.7689132100912617,0.3542206780342759,157.19879639114947,0.0,0.18927350016787547,0.3542206780342759,0.6457793219657241,0.0,0.0,1.0,0.0
0.941289950394277,0.6256693299249064,-51.09539259704177,0.6797086292790951,0.10490438634931132,0.8721104087930271,0.5166604958019403,0.3851407363115795,67.98092325095693,0.0,0.6256693299249064,0.3851407363115795,0.6148592636884205,0.0,0.0,1.0,0.0
0.3807837345921097,0.9032066679157894,-58.74102022282181,0.4746481577818049,0.9311580911106223,0.3948409997650211,0.4281756874621504,0.5785600551991199,124.81122670080569,0.0,0.9032066679157894,0.5785600551991199,0.4214399448008801,0.0,0.0,0.0,0.0
0.16860169123755242,0.018555539069860405,-23.4113005212779,0.9208065870078121,0.10636413302716563,0.21095271925275338,0.3702294858249735,0.8087422290211197,97.69644430593686,0.0,0.018555539069860405,0.8087422290211197,0.1912577709788803,0.0,0.0,0.0,0.0
0.8820544042787685,0.05495787465006641,-3.5426027244639045,0.5607470778737649,0.6587776784877045,0.3676895225363531,0.7819942855110603,0.16656625008440606,66.84765553898818,1.0,0.05495787465006641,0.16656625008440606,0.8334337499155939,1.0,0.0,0.0,0.0
0.39551694310755714,0.8536957139810395,-14.704389801738323,0.517155970488958,0.5721377471653535,0.12989282629875543,0.8406815086175822,0.7869596829641969,151.905855144172,0.0,0.8536957139810395,0.7869596829641969,0.21304031703580306,0.0,1.0,0.0,0.0
0.46619103632893844,0.9644592682795124,-7.258081687411732,0.6444304935146186,0.3718009977172879,0.6180222786815124,0.5754409265306654,0.3942419878349164,102.93435603633066,0.0,0.9644592682795124,0.3942419878349164,0.6057580121650836,0.0,0.0,1.0,0.0
0.4070107922373224,0.5739114060333979,-34.31190931733433,0.26357448820138385,0.7609633177608087,0.5314674959574129,0.06767516322559997,0.3683165056261255,183.8878840096791,0.0,0.5739114060333979,0.3683165056261255,0.6316834943738745,0.0,0.0,1.0,0.0
0.7552365311999519,0.3232467839440071,-3.7090108773294546,0.07660290835821015,0.9612347038921889,0.24570509248467565,0.009094180302419264,0.4338080365183268,110.25586015618121,1.0,0.3232467839440071,0.4338080365183268,0.5661919634816732,0.0,0.0,0.0,0.0
0.5390890052067938,0.7967728605698454,-9.454151870973178,0.4012299996116918,0.4298457437063502,0.14817773032947368,0.047547608881163494,0.6412149902350247,69.02126757737692,0.0,0.7967728605698454,0.6412149902350247,0.3587850097649753,0.0,1.0,0.0,0.0
0.7338301194214559,0.5390901450222475,-48.085021306434996,0.5395229435126496,0.18299771660209885,0.438737207510412,0.7995603162422289,0.4619192934106374,80.81790456165675,0.0,0.5390901450222475,0.4619192934106374,0.5380807065893626,0.0,0.0,0.0,0.0
0.7238286818229451,0.18676841627000884,-15.687007537793434,0.4793522892158333,0.4537417590943016,0.8514350378574748,0.7086035243406688,0.03291079695493926,101.46440404422432,0.0,0.18676841627000884,0.03291079695493926,0.9670892030450607,1.0,0.0,1.0,0.0
0.8709206608498986,0.01832616854519864,-27.284793224281778,0.7278256691739439,0.6218560854845758,0.7605322021044364,0.7256918489147458,0.6920306951531133,175.0155805295913,1.0,0.01832616854519864,0.6920306951531133,0.30796930484688667,0.0,1.0,1.0,0.0
