track_id,artists,album_name,track_name,danceability,energy,loudness,speechiness,acousticness,instrumentalness,liveness,valence,tempo,calm,energetic,happy,sad,dark,romantic,focus,hype
7AalBKBoLDR4UmRYRJpdbj,Pink Floyd,Meddle,Fearless,0.381,0.341,-15.719,0.0414,0.161,0.0403,0.448,0.178,143.756,0.322399,0.544583,0.386774,0.937626,0.850679,0.320064,0.661393,0.457783
4aY2hh55axhL2qYYqXNoOM,"""Puppy Dog Pals"" Cast",Puppy Dog Pals: Disney Junior Music,Going on a Mission,0.629,0.776,-3.839,0.047,0.021,0.0,0.093,0.957,93.937,0.164670,0.768256,0.972003,0.104310,0.645737,0.372197,0.338522,0.742877
4YZg4UXqhMoUM40aPNIX1v,Counting Crows;Vanessa Carlton,OO's Music Grandi Successi,Big Yellow Taxi,0.674,0.867,-4.329,0.0462,0.00199,0.0,0.206,0.821,88.04,0.071815,0.829346,0.934995,0.120920,0.782686,0.176584,0.303930,0.819564
5x2STIzWAYohcaKuxohIGa,Atitude 67,Atitude 67 (Ao Vivo),Vou Te Escrever Um Rap - Ao Vivo,0.712,0.823,-6.298,0.0859,0.561,0.0,0.767,0.765,161.885,0.217333,0.955252,0.824828,0.296712,0.633250,0.572669,0.356435,0.922566
7nZ9CzhiFRPhOQCn7eDSnn,L'Impératrice,Vanille fraise,Vanille fraise,0.767,0.547,-11.458,0.0474,0.0399,0.485,0.0949,0.66,103.03,0.400962,0.711949,0.870434,0.156414,0.665956,0.383230,0.664049,0.727821
4hR3hQKELrARHNZJ51D14s,Rezz;Grabbitz,Someone Else,Someone Else,0.644,0.349,-5.315,0.0364,0.206,3.36e-05,0.125,0.246,94.971,0.701552,0.701670,0.494362,0.629945,0.833073,0.344179,0.493731,0.426564
6YQKDQPqKDDAHm9v0O2GgI,KDrew,Sometimes,Sometimes,0.671,0.648,-6.779,0.108,0.176,0.0,0.0982,0.462,142.917,0.260339,0.929556,0.629074,0.616728,0.804004,0.211688,0.549445,0.823011
1UeNDtSqYRs8ELLsyFA5kg,Chas & Dave,Gertcha! The EMI Years,Gertcha - 2005 Remaster,0.738,0.942,-6.058,0.0441,0.197,0.0,0.0996,0.977,139.193,0.123981,0.950327,0.970233,0.048777,0.802654,0.268905,0.283659,0.906668
0lxuHPUmNOiHLfzvJojYb1,Antonio Carlos & Jocafi,20 Super Sucessos Antônio Carlos e Jocafi,Desacato,0.722,0.534,-10.955,0.0718,0.241,1.36e-05,0.142,0.936,80.01,0.306342,0.589967,0.957411,0.098936,0.606755,0.623958,0.626649,0.605074
1v99T074mOWHXN6mP74IIV,DJ Skull,The Internet Server 211,Get Em,0.784,0.407,-16.57,0.107,0.000916,0.932,0.0967,0.6,136.973,0.209761,0.764027,0.760856,0.182034,0.590984,0.291582,0.937076,0.721005
2pfvK4mEji3KYxoJqEwzDV,Feid,Verano en Junio,Belixe,0.876,0.673,-7.15,0.139,0.0524,0.00571,0.0813,0.462,113.995,0.274816,0.876099,0.843554,0.420697,0.879182,0.219766,0.337123,0.773470
15csY1XlzsXBq2MxI5qgEY,Bruno & Marrone,Acústico,Favo de Mel,0.611,0.298,-11.2,0.0575,0.695,1.65e-06,0.101,0.507,80.08,0.629719,0.329762,0.519374,0.694619,0.651219,0.746900,0.780804,0.570208
6LssIlr2Gax7Rl3a8v8mDj,El Soldado;Sergio Dawi,Tren de Fugitivos,Veneno Sabor Miel,0.699,0.571,-7.792,0.0289,0.216,0.0033,0.0548,0.827,117.143,0.123054,0.783971,0.812244,0.229065,0.758580,0.225443,0.699518,0.775218
5nZVdhUh4Oz9LMQyneMpD5,David Arnold,Casino Royale [International Version],The Name's Bond... James Bond,0.264,0.57,-6.304,0.0338,0.21,0.706,0.0783,0.105,136.545,0.437737,0.741109,0.427511,0.787528,0.866776,0.156374,0.908584,0.503197
4s4N935Z4XgvEmmIaZE83e,Turma do Pagode,Misturadin (Ao Vivo),Duas Paixões / Shortinho Saint-Tropez - Ao Vivo,0.625,0.782,-8.933,0.0347,0.804,0.0,0.87,0.963,83.989,0.624699,0.653912,0.945799,0.251575,0.374598,0.852659,0.256445,0.801391
0Qs67RelQ1FHAPkVBUoTDu,Anupam Roy,Pari,Meri Khamoshi Hai,0.535,0.285,-14.143,0.0307,0.836,0.00572,0.118,0.206,92.033,0.868058,0.670147,0.358461,0.893001,0.651920,0.805067,0.664671,0.205005
3CKstYFeiGJMGgRpHWbUGE,Jon Hopkins,Monsters (Original Motion Picture Soundtrack),Monsters Theme,0.161,0.296,-17.388,0.0381,0.709,0.917,0.111,0.0795,109.055,0.769526,0.492287,0.088420,0.935839,0.696613,0.612191,0.931830,0.210787
6TA5aymvVrtiPVbuAwmPIc,The Neighbourhood,Hard To Imagine The Neighbourhood Ever Changing,Scary Love,0.595,0.636,-5.981,0.0312,9.45e-05,0.0529,0.196,0.147,112.008,0.173163,0.821115,0.484501,0.316620,0.972064,0.140227,0.597668,0.791405
7DakGWtWA6lU53HvQi96pz,Jacky Cheung;Regine Velasquez,Best of OPM Love Duets & Best of OPM Classic Love Songs,In Love With You,0.483,0.438,-7.071,0.0248,0.204,0.0,0.0863,0.154,71.003,0.478762,0.513203,0.286673,0.907020,0.806057,0.523011,0.756104,0.859804
0gsPInjPU6qsGGdLnpgTHD,Danny Olson;yetep;Easae,Melting (feat. EASAE),Melting (feat. EASAE),0.159,0.589,-6.176,0.0599,0.0708,0.00191,0.106,0.152,74.92,0.362568,0.590125,0.353750,0.623153,0.828179,0.189556,0.314359,0.356662
7GkCm4wRDhB0WhyOovlLfm,Years & Years,Fiesta de disfraces vol. II,Shine,0.667,0.717,-5.21,0.0349,0.193,0.0,0.104,0.495,108.006,0.329346,0.759791,0.769595,0.295462,0.869020,0.437872,0.313277,0.610241
4wggh6q31rr0AVSt0sKATQ,Babyboomboom,English and French,Twinkle Twinkle Little Star (Petite Etoile),0.66,0.183,-14.816,0.0328,0.928,0.0,0.128,0.426,110.353,0.901788,0.435906,0.260906,0.912135,0.583319,0.856820,0.809897,0.248490
45353YQKFRGxmQP3XXE8sw,Tori Amos,Christmas Songs 2022,Christmastide,0.666,0.38,-13.067,0.0324,0.826,5.1e-05,0.101,0.282,115.94,0.801348,0.713005,0.567692,0.814521,0.687821,0.690720,0.700612,0.431027
7B0r4rRL37jsjGFualPIyF,Mazzy Star,Christmas Vibes But Not Christmas Songs,Flowers In December,0.59,0.229,-13.174,0.0301,0.115,0.00168,0.0854,0.168,96.859,0.375571,0.521236,0.412356,0.672983,0.761548,0.418555,0.665007,0.549094
1wHWjFbNHj5oz1OQ1QIgVx,Mollono.Bass;Ava Asante,Von Wustrow nach Paris,Here We Go Again Mamazita,0.837,0.415,-11.378,0.362,0.0268,0.792,0.0693,0.811,125.998,0.337226,0.726984,0.885147,0.177925,0.783966,0.364371,0.785566,0.687495
0dqVUKU24tmq8s99jvb7aw,Mark Benson,Piano Favorites 1,Careless Whisper - Piano Version,0.598,0.0671,-23.9,0.0422,0.989,0.948,0.1,0.191,72.023,0.970736,0.251458,0.098025,0.956883,0.450635,0.893251,0.991005,0.153801
2tB9EXMGGzvRdxxwyzIJCC,sadeyes,don't cry,don't cry,0.789,0.685,-10.596,0.914,0.635,0.0,0.0843,0.533,160.04,0.601555,0.811152,0.690524,0.509852,0.750198,0.576600,0.363782,0.867740
7bDVcyCsENX57qgjk2twzU,Hanoi Rocks,Two Steps From The Move,Up Around The Bend,0.464,0.927,-4.514,0.0697,0.00677,2.71e-06,0.366,0.718,140.108,0.067304,0.922506,0.900721,0.089418,0.850521,0.173894,0.370511,0.822609
4JQ47NNAe3KNfx905OxkES,BOØWY,GIGS at BUDOKAN BEAT EMOTION ROCK'N ROLL CIRCUS TOUR 1986.11.11~1987.2.24 (Live),ホンキー・トンキー・クレイジー - Live,0.389,0.963,-3.843,0.079,0.00536,0.423,0.388,0.804,109.875,0.121826,0.771014,0.862250,0.116186,0.834508,0.189913,0.494332,0.852345
1Rt5ZnOyilt6tx1RQQnQsB,Seringai,Taring,Dilarang Di Bandung,0.587,0.898,-3.781,0.0804,2.26e-05,0.000572,0.0887,0.405,132.499,0.141446,0.889151,0.683727,0.351780,0.918493,0.137534,0.378237,0.915626
7wKwX3QFmx3icbH7iKVPe4,Kabir Cafe,Panchrang,Matkar Maya Ko Ahankar,0.796,0.517,-6.289,0.0257,0.613,1.28e-05,0.138,0.614,107.475,0.570654,0.751964,0.823633,0.341536,0.442159,0.633049,0.493099,0.648206
3ru9fQE0kYFWklLiyi8kKe,ILLENIUM;Spiritbox,Rock Brandneu,Shivering,0.428,0.907,-3.063,0.163,0.00594,1.71e-06,0.129,0.244,149.955,0.068388,0.912506,0.575690,0.549714,0.959317,0.139957,0.231920,0.824733
221pCE9l0ttyQJp8nEW51U,Arsames,Immortal Identity,Xerxes,0.281,0.984,-3.925,0.126,5.44e-06,0.699,0.142,0.346,113.315,0.130495,0.841761,0.725753,0.237056,0.975440,0.110597,0.790036,0.782937
0QmJSvcKBUsthT3qSjaxC9,Jorge Aragão,Ao vivo,Alvará - Ao vivo,0.504,0.78,-10.364,0.0352,0.763,0.336,0.919,0.586,96.065,0.416778,0.861155,0.669009,0.530263,0.656521,0.789683,0.637241,0.861258
2xawhXN7xO01JqhSoaKCIW,Sofiane;Sifax,La Direction,Bout de papier,0.857,0.621,-5.302,0.298,0.305,0.0,0.139,0.414,129.872,0.301173,0.839113,0.732003,0.510529,0.756142,0.190400,0.306415,0.580200
6ZTPEPVKQxtZmFOLrdOR39,Flamingokvintetten,Flamingokvintetten 5,Nu är det lördag igen,0.69,0.623,-6.054,0.0316,0.143,0.0,0.0892,0.971,124.235,0.185345,0.832195,0.968220,0.170577,0.608705,0.440726,0.570803,0.873761
5fomS2mZjvxxJ2iVH3fosc,John Elliott,All Too Well (Jake's Version),All Too Well - Jake's Version,0.685,0.483,-9.082,0.0253,0.0772,6.09e-05,0.113,0.331,93.032,0.431543,0.607685,0.629730,0.628556,0.860618,0.208806,0.682710,0.645869
6r9Ice11we6LCIRKtq9SWc,Anupam Roy,Brishti Theme Gele,Brishti Theme Gele,0.751,0.595,-5.649,0.0361,0.309,0.0,0.0899,0.34,119.967,0.292167,0.922095,0.808577,0.579956,0.814683,0.532006,0.452045,0.791612
5JvsxPAHsGxwNq4xto2HtM,Roxette,Look Sharp! (Extended Version),Listen To Your Heart,0.539,0.583,-4.935,0.0275,0.108,0.0,0.111,0.337,86.063,0.126683,0.774123,0.597672,0.584977,0.844011,0.200114,0.529740,0.511296
4iSWQ5Eadn5tZvvG9XNzYN,Charly Black,You're Perfect,You're Perfect,0.817,0.855,-3.282,0.244,0.318,0.0,0.0517,0.783,104.909,0.300728,0.924838,0.787013,0.226869,0.796152,0.481232,0.506130,0.884490
38h5gL20FSZ9jBuhHuSOBe,James Blunt,Merry Christmas,Wisemen,0.635,0.701,-5.969,0.0268,0.253,4.91e-05,0.165,0.633,151.894,0.176135,0.925441,0.839581,0.219485,0.652675,0.344957,0.450699,0.617257
1aDW8ixWyS9YIyapp5JYLu,Nusrat Fateh Ali Khan,"The Best of Shahenshah-E-Qawwali, Vol. 1",Yeh Jo Halka Saroor Hae,0.353,0.808,-4.989,0.0898,0.406,3.27e-06,0.392,0.491,73.713,0.269644,0.653470,0.534656,0.306979,0.900488,0.473922,0.282517,0.731502
2AilQKeh6r7vWk29OvrrzU,12 Stones,Anthem For The Underdog (Bonus Track Version),This Dark Day,0.229,0.864,-3.935,0.075,0.00371,0.0,0.315,0.48,172.129,0.064090,0.862243,0.868408,0.365514,0.873220,0.067582,0.352232,0.846226
7cTmN2Xe67zAInUHw67IVD,Bekar,Avalanche,Avalanche,0.808,0.615,-8.207,0.306,0.164,0.0,0.11,0.412,123.148,0.208939,0.785254,0.808239,0.378939,0.887840,0.365175,0.317545,0.843068
71AO7E6sxSNZIPPAxREWco,Kim Petras,Halloween & Alternative,There Will Be Blood,0.563,0.879,-4.735,0.0907,0.00125,1.76e-05,0.166,0.602,107.013,0.133691,0.883689,0.855412,0.222947,0.839704,0.418114,0.410945,0.811566
6iT8cVghfrFncA3G94mmyU,Abandoned;GalaxyTones;DNAKM,Luna,Luna,0.528,0.706,-7.784,0.0521,0.519,0.0967,0.139,0.245,127.934,0.172997,0.804195,0.636234,0.795719,0.832856,0.280793,0.484594,0.636890
1pqpkSuA7d2MGTnVm9eAe6,Broilers,Vanitas,Held in unserer Mitte,0.537,0.915,-3.116,0.237,0.00342,0.0,0.108,0.741,176.076,0.071940,0.943672,0.932703,0.130299,0.892989,0.229059,0.507370,0.887516
4gWTBq5Jftq5CEKYpLXD8R,Daughtry,Leave This Town,Life After You,0.434,0.764,-3.45,0.0299,0.0534,0.0,0.437,0.309,51.316,0.556205,0.615812,0.560345,0.308194,0.875178,0.199156,0.291827,0.703053
4jTOtzBVizcVcgwVq6bzpy,Barbara Tucker;Tuccillo;Crazibiza,One Desire (Remixes),One Desire - Crazibiza Remix,0.779,0.864,-6.659,0.0454,0.0224,0.0035,0.392,0.732,124.005,0.089803,0.837198,0.955411,0.146111,0.837191,0.509437,0.308064,0.854204
66YUHByAhvckqMtO9EkJ1J,Miriam Yeung,Miriam,野孩子,0.624,0.375,-8.522,0.0505,0.751,0.0,0.323,0.521,120.06,0.647844,0.659808,0.432862,0.645482,0.612154,0.746139,0.686936,0.593306
0KNUb4xONAX9MaY6DdpUvn,Almafuerte,Mundo Guanaco,Sentir Indiano,0.503,0.69,-6.43,0.0287,0.000443,0.0,0.224,0.451,89.032,0.121166,0.814555,0.660020,0.363523,0.785968,0.287240,0.466052,0.726506
0bqYvGR4vP2KstdMyemKYI,Terence Lam,doodoodoo,doodoodoo,0.647,0.505,-10.802,0.0536,0.677,0.0,0.0971,0.502,76.476,0.811207,0.671317,0.561172,0.613729,0.682048,0.608469,0.516663,0.446949
06WUUNf7q18NZfjIsQFsfa,Slayer,Repentless,Delusions of Saviour,0.223,0.805,-8.969,0.037,0.000179,0.814,0.0849,0.25,168.165,0.119692,0.897810,0.678378,0.367148,0.882083,0.085452,0.898616,0.873572
70gH8QPgnDh6fc6omPRlKY,The Wiseguys,The Antidote,Search's End,0.722,0.804,-9.63,0.055,0.052,0.228,0.315,0.748,99.458,0.194598,0.946994,0.906529,0.115957,0.807052,0.319464,0.555502,0.801287
0FR7dm7MDijFi8QQyrzp2E,Eduardo Falú,Volumen 1,Zamba de la candelaria,0.475,0.284,-13.63,0.0389,0.954,0.00139,0.268,0.481,98.856,0.837352,0.331336,0.492709,0.883886,0.310362,0.829620,0.807756,0.555855
6IDDwI0YOCAUDhMZltQekS,The Fray,Helios,Love Don't Die,0.632,0.805,-4.488,0.0303,0.0095,0.0,0.197,0.275,115.489,0.167681,0.840821,0.758455,0.378189,0.932186,0.109210,0.565425,0.771777
0ooea8ptVQNZehNygA91ng,OUTROEU,Nós Dois,Nós Dois,0.698,0.78,-5.696,0.0262,0.0187,0.00109,0.255,0.794,132.021,0.116342,0.920030,0.896932,0.083163,0.894667,0.277403,0.227802,0.822842
6q8AvEr7oG3tgmmtI6O2uS,Little Gerhard,16 Svenska originalklassiker,Den siste mohikanen,0.595,0.804,-4.511,0.0377,0.48,0.0,0.173,0.924,131.655,0.251023,0.915616,0.932765,0.102539,0.418333,0.578631,0.585580,0.875788
4ZRvNs46kXBjKJOl74tKZm,Yuki Hayashi,TVアニメ『ハイキュー!! 烏野高校 V S白鳥沢学園高校』オリジナル・サウンドトラック,コンセプトの戦い,0.423,0.961,-4.312,0.0617,3.78e-05,0.892,0.116,0.419,94.992,0.065696,0.867486,0.871648,0.444942,0.862375,0.350467,0.773864,0.829518
6zTO2fJwrZAYZGGi1DjD3g,Seu Jorge,"Musicas para Churrasco, Vol.1 (Ao Vivo) (Delux Edition)",A Doida (Ao Vivo),0.697,0.961,-5.473,0.0383,0.262,0.000309,0.332,0.853,107.97,0.159832,0.853950,0.961850,0.114271,0.802318,0.425670,0.369912,0.893011
6Gr1HvfczoBc3mjeH5q8zs,BALLISTIK BOYZ from EXILE TRIBE,PASS THE MIC,Life Is Party,0.705,0.904,-2.329,0.0373,0.0422,0.0,0.256,0.67,109.972,0.223638,0.878675,0.814282,0.210012,0.921221,0.126347,0.499540,0.830911
0QimL0uyitpZLjSDbqZVfY,Jody Chiang,"台灣民謠, Vol. 3",雪梅思君,0.473,0.514,-8.478,0.1,0.505,0.0,0.0815,0.698,201.393,0.359363,0.882244,0.822613,0.441560,0.678475,0.391121,0.711739,0.795327
4UsNNKzfrPBp3np4Eiznat,Kumar Gandharva,Dev Deenaghari Dhavala -Drama,Uthi Uthi Gopala,0.576,0.274,-14.045,0.0297,0.953,0.000167,0.267,0.46,93.754,0.863615,0.480910,0.351491,0.823143,0.406038,0.930130,0.822819,0.300590
5PqVZR35eth8PUnbHPjZSy,Jebroer;Outsiders,Kogels,Kogels,0.525,0.902,-4.322,0.243,0.169,5.41e-06,0.358,0.178,95.013,0.158303,0.862934,0.659461,0.556690,0.943850,0.211229,0.238470,0.820808
3ZCEIOkxevFmYRxdSIwBPc,The Chemical Brothers,Brotherhood,Electronic Battle Weapon 1,0.751,0.904,-4.76,0.155,0.00124,0.822,0.0707,0.275,128.989,0.142899,0.938771,0.763074,0.380827,0.913204,0.128399,0.616650,0.845544
0OzpSEZ5rwwAu1JC2zRAvb,Spiritbox,Eternal Blue,Secret Garden,0.368,0.922,-3.819,0.0923,8.79e-05,0.000262,0.173,0.317,140.492,0.046165,0.841831,0.726113,0.415004,0.842079,0.211689,0.238998,0.785793
3B6c6S2aPsIe0T0MIPJ1S8,Polish Club,Iguana,We Don't Care,0.426,0.939,-4.023,0.159,0.000639,0.0,0.314,0.337,172.051,0.076283,0.959016,0.715045,0.357399,0.968397,0.086163,0.291197,0.814138
5E8Q6eXY1EGAnf9a8vF8eT,Massano,In My System EP,System,0.742,0.657,-9.708,0.0508,0.00143,0.863,0.0873,0.0385,122.005,0.285449,0.919256,0.724339,0.790809,0.922295,0.169105,0.764400,0.645028
1kIlUyCy5HJOZrm4fap6Yq,Spinning Jennies,Det våras för Werther,Hon bor i Hammarbyhöjden,0.58,0.565,-6.117,0.0303,0.3,0.0,0.26,0.915,148.994,0.206476,0.767507,0.842392,0.181240,0.417159,0.456844,0.609627,0.764641
0IudGhdeJZwJ0Ps6ndtQDt,Vishal-Shekhar;Udit Narayan;Mahalakshmi Iyer;Kausar Munir,Tashan,Falak Tak,0.718,0.697,-6.474,0.135,0.634,1.53e-05,0.0563,0.62,143.907,0.500090,0.912871,0.733058,0.630740,0.773458,0.414905,0.527230,0.784570
2oXkMfwSrpdhQ0mn34NzRT,Passion;Kristian Stanfill,Whole Heart (Live),More Like Jesus - Live,0.405,0.678,-5.448,0.0352,0.0298,0.0,0.367,0.177,144.075,0.074394,0.609039,0.430848,0.568570,0.952200,0.139612,0.201066,0.729265
6GzCkTddOn1vSln1gbSr8y,AC/DC,Iron Man 2,Shoot to Thrill,0.453,0.897,-5.376,0.0705,0.000358,0.0956,0.365,0.492,141.167,0.084018,0.845757,0.841675,0.192588,0.811830,0.090626,0.364678,0.898769
3ndmbKBtuoU7B7zZnSvBGV,Tony O'Connor,Dreamtime,Nature's Lullaby,0.361,0.0545,-22.51,0.0436,0.979,0.904,0.1,0.0635,119.777,0.913581,0.308495,0.083133,0.984693,0.408547,0.802237,0.986583,0.131087
4tifWCOacnfT3xbQr06UQ0,Jürgen Drews;Ben Zucker,Best Of Karneval,Ein Bett im Kornfeld,0.641,0.928,-3.882,0.0506,0.0345,0.0,0.144,0.839,117.981,0.080394,0.853466,0.807259,0.043533,0.706482,0.232248,0.482364,0.837999
7DKNcWFgJiy4CZ377CZc1f,Ray Peterson,Presenting Ray Peterson,Tell Laura I Love Her,0.508,0.475,-8.436,0.032,0.758,0.0,0.132,0.235,102.38,0.592547,0.600938,0.228790,0.698189,0.660542,0.450798,0.695811,0.676106
6G45Qr6vVxnHxX06qcGEp2,Gabi Sampaio;Nívea Soares,Teu Toque (Ao Vivo),Teu Toque - Ao Vivo,0.435,0.612,-6.696,0.0393,0.601,1.01e-06,0.126,0.226,135.863,0.556997,0.757379,0.290710,0.915551,0.912384,0.394483,0.578559,0.502059
3P4Vcz7MhJngRf8WUAaoA0,Rotting Christ,Kata Ton Daimona Eaytoy (Do What Thou Wilt),Χ Ξ Σ - 666,0.39,0.758,-6.329,0.0312,0.00114,0.829,0.0978,0.0993,84.003,0.112988,0.734105,0.243882,0.521069,0.938026,0.091187,0.757131,0.550636
6qxqttcwmFodaFyhaCvIiT,Chuck Berry,Weihnachtslieder 2022,Run Rudolph Run,0.647,0.876,-5.662,0.185,0.881,3.59e-05,0.26,0.949,151.925,0.499222,0.904066,0.859357,0.337991,0.527792,0.720876,0.569848,0.880427
5oLrJ9cTOkFWy9KMBUVfUW,David Guetta;Bebe Rexha;Ty Dolla $ign;A Boogie Wit da Hoodie,Trending Pop,Family,0.687,0.717,-6.61,0.0755,0.0744,0.0,0.134,0.685,88.063,0.346990,0.741947,0.901885,0.134190,0.807458,0.254101,0.340778,0.707416
55MCIV8vcsHVz2ECaveJpT,Zarobi,Dreams of the Milky Way,Dreams of the Milky Way,0.22,0.0174,-31.847,0.0608,0.983,0.806,0.0825,0.0717,66.403,0.985274,0.147333,0.053561,0.981999,0.486851,0.896166,0.975579,0.107599
4yffABDkB5A9flvr9vQFck,The Black Keys,Brothers (Deluxe Remastered Anniversary Edition),Howlin' for You,0.725,0.747,-5.545,0.0876,0.0272,0.0468,0.104,0.38,132.921,0.103564,0.927873,0.789046,0.274182,0.968583,0.116586,0.530898,0.898459
2gRSdWB9valGthX00IwQCv,Aphrodite,Aphro Classics 2,Lava Flow,0.635,0.984,-1.497,0.0708,0.000586,0.878,0.143,0.49,173.998,0.063462,0.943657,0.823477,0.104254,0.909963,0.113536,0.895698,0.941665
3MYtRN7kbtlNMNtGXCcQHh,Emre Nalbantoğlu,Derdi Neydi?,Sen nerden çıktın?,0.377,0.701,-6.36,0.0773,0.0796,2.29e-05,0.089,0.539,137.995,0.133107,0.758852,0.738548,0.170087,0.933112,0.262413,0.267415,0.779045
3Trk97TnEvpYk1iIcR3GRq,Nucleya;Julius Sylvest;Gagan Mudgal,Bass Rani,Mumbai Dance,0.655,0.892,-5.792,0.0771,0.0202,0.0917,0.321,0.486,97.01,0.135144,0.868929,0.909207,0.117401,0.918046,0.293701,0.404378,0.793945
5eAymAmVU6CyejjFJxvcMI,Marshall Jefferson,Frankie Knuckles Presents: His Greatest Hits from Trax Records,Move Your Body,0.785,0.907,-4.15,0.118,0.0156,1.14e-06,0.513,0.565,122.311,0.129343,0.932761,0.822017,0.082981,0.853645,0.218750,0.161309,0.869989
3LwU6R57IykpJiB5a4wD2j,Carajo,Inmundo,El Que Ama Lo Que Hace,0.464,0.99,-2.614,0.0884,0.00261,0.0,0.307,0.558,160.03,0.060016,0.929169,0.819275,0.178233,0.915337,0.067619,0.249808,0.809053
4R8cBLCm1FG3cdEtLLXBl1,Georges Brassens,Georges Brassens interprète ses dernières compositions N°2,Il n'y a pas d'amour heureux,0.634,0.0901,-16.02,0.0748,0.954,6.16e-06,0.12,0.513,81.056,0.945297,0.294333,0.331831,0.889587,0.299469,0.904211,0.731036,0.216255
7gM2ZGaYpySUaj4wuM9Z5N,War Angel,Symphony of the War,Final Extreme,0.412,0.866,-5.441,0.0491,3.5e-06,0.0109,0.0965,0.21,179.854,0.040760,0.939933,0.562942,0.581845,0.979378,0.133053,0.173699,0.864333
177jHmS4lU3rQ0ChQgnJNg,NWYR;W&W,S1R1,S1R1,0.669,0.856,-6.673,0.12,0.0134,0.199,0.274,0.335,124.041,0.160259,0.898492,0.732274,0.344998,0.892715,0.194525,0.331989,0.833378
6W6sLE6lR8WXMzGBFCtVUv,Giorgia Angiuli,You Inspire Me,You Inspire Me,0.554,0.876,-6.619,0.0359,0.0193,0.858,0.805,0.0744,128.974,0.080078,0.914041,0.514798,0.427737,0.967723,0.137096,0.798153,0.831863
1zI8C6f7LURY0eD0gMuVVY,Misfits,Halloween Songs | Witches Hour,Halloween,0.382,0.937,-9.01,0.0758,0.0172,0.0,0.271,0.0957,108.729,0.112697,0.722369,0.357682,0.335331,0.941635,0.106855,0.418070,0.742159
2cytBOLpwFRX7J9URCrFIe,NSG;Tion Wayne,Options,Options,0.836,0.621,-4.685,0.0892,0.387,9.16e-05,0.104,0.762,101.995,0.143355,0.877061,0.847623,0.324810,0.786700,0.445381,0.622033,0.596676
0fNjlceNOHc5q5oaOfmhFR,Scooter,20 Years of Hardcore (Remastered),Shake That!,0.56,0.967,-5.115,0.079,0.000302,0.186,0.365,0.619,130.044,0.075581,0.843692,0.825129,0.094094,0.797889,0.126355,0.211435,0.942773
218Lp0xnU9Fq10hlbBpkMe,Charly Lownoise & Mental Theo,The Best Of Charly Lownoise & Mental Theo,Verrotted - Original Mix,0.592,0.907,-5.627,0.214,0.00119,0.577,0.352,0.551,179.8,0.103487,0.969178,0.905626,0.158351,0.861856,0.096523,0.624481,0.874451
2dodOQN1L3h2RUJwSEC3kE,The Upbeats,We Don't Lie,We Don't Lie,0.661,0.913,-1.29,0.061,0.000362,0.308,0.0434,0.313,175.109,0.038029,0.913794,0.588776,0.321225,0.928375,0.073393,0.648630,0.935010
1EBo9H6NjVeZRAlXcXLYq8,Jhayco,Esto No Se Le Dedica A Cualquiera,Me Extraña,0.755,0.767,-3.754,0.106,0.0176,0.0,0.143,0.232,156.001,0.057696,0.905728,0.703974,0.327680,0.951356,0.102607,0.459785,0.880182
2XzRnzuIgpZGqco2rMTQbS,Paulo Pires,Chamar de Namorada (Ao Vivo),Chamar de Namorada - Ao Vivo,0.728,0.827,-3.509,0.0485,0.1,0.0,0.735,0.723,114.887,0.203541,0.914777,0.915987,0.079330,0.911750,0.333503,0.313133,0.893035
31jdflvTFQhJ4zmMJNTgl7,Bobby Day,The Rockin' Adventures of Bobby Day,Little Bitty Pretty One,0.803,0.467,-10.171,0.0752,0.789,0.28,0.0565,0.935,85.731,0.765540,0.738029,0.920685,0.423058,0.292571,0.671043,0.718090,0.772484
5RubKOuDoPn5Kj5TLVxSxY,Bad Bunny,EL ÚLTIMO TOUR DEL MUNDO,TE MUDASTE,0.811,0.637,-4.835,0.0591,0.234,0.000572,0.118,0.471,92.025,0.149753,0.856566,0.790279,0.390940,0.920374,0.308005,0.662213,0.864171
4JH85NNtJViZNr4QZpjxVf,GIT,Rock x siempre,Todo El Mundo Va Bailando Así,0.692,0.441,-8.438,0.0472,0.205,0.000245,0.1,0.586,80.071,0.741087,0.816695,0.754494,0.424668,0.847159,0.481616,0.582610,0.251162
5pqLVH7nAvrTO9W4VIWI18,Marquinhos Gomes,Senhor da Terra,Senhor da Terra,0.406,0.764,-6.49,0.0398,0.151,0.0,0.378,0.349,77.546,0.135803,0.753249,0.538300,0.531135,0.889640,0.357531,0.394149,0.717920
7Em0lueWaMfJ4MWMDdSGNt,Yuvan Shankar Raja;Sid Sriram,Naane Varuvean,Pinju Pinju Mazhai,0.746,0.649,-10.096,0.0327,0.587,1.23e-05,0.134,0.654,104.984,0.658097,0.692355,0.901113,0.400109,0.403445,0.440116,0.675239,0.699242
0nqOcrAskzhTDBvGpOxNrD,Martin Garrix,Animals,Animals - Radio Edit,0.593,0.914,-5.351,0.0363,0.00137,0.445,0.0714,0.0381,128.015,0.142405,0.927409,0.423638,0.593232,0.969816,0.052064,0.749658,0.858824
79zmkER66EBZlvt3HR9PTl,Skullcrusher,It's Like a Secret,Whatever Fits Together,0.367,0.775,-8.199,0.0436,0.158,0.0817,0.11,0.496,175.956,0.057777,0.860751,0.733920,0.313236,0.877816,0.172026,0.635067,0.728717
3ftmO1Cwbew497pFiWiyAH,Eason Chan,U 87,浮誇,0.405,0.562,-6.222,0.0373,0.229,0.0,0.122,0.243,201.02,0.095262,0.809378,0.489760,0.612519,0.945866,0.072425,0.414360,0.747874
52NM8alcaVAejBlIU0KO6Y,Exaltasamba,25 Anos (Ao Vivo),Não Tem Hora Nem Lugar,0.496,0.725,-8.485,0.0371,0.68,0.0,0.883,0.501,155.016,0.374478,0.919640,0.470766,0.453488,0.771413,0.645711,0.296119,0.858872
5HmEVQ0q6wXDDOaBjTNcBL,Miranda!,Es Mentira,Tu Juego,0.788,0.828,-4.359,0.0425,0.037,2.1e-05,0.12,0.932,122.996,0.082055,0.947510,0.952991,0.088889,0.683423,0.198271,0.376718,0.895680
6My7ThfS01lzN9gmBXsF4s,Eugy,LoLo,LoLo,0.766,0.622,-7.48,0.359,0.317,0.00798,0.0849,0.426,187.936,0.157654,0.909403,0.778373,0.671959,0.876540,0.342108,0.551322,0.882544
39Ny2BxqrXyOhq27uXz3MV,Jah Vinci,Don't Trust People,Don't Trust People,0.606,0.796,-2.937,0.399,0.31,0.0,0.0995,0.699,132.257,0.128895,0.915540,0.841438,0.264554,0.794319,0.377422,0.264978,0.840356
6B4NOTnzluko6NkWZYgHks,D-Block & S-te-Fan,Scantraxx Evolutionz 022,Take Me There - Original Mix,0.471,0.98,-3.891,0.0577,0.0119,0.0237,0.118,0.336,149.965,0.025120,0.914469,0.833930,0.346890,0.927977,0.073703,0.547940,0.903300
5nM6xMT0wD2OOvNtXrvPyw,Taty Girl,"Baú da Taty Girl, Pt. 2 (Ao Vivo)",Como Posso Viver - Ao Vivo,0.423,0.921,-3.874,0.176,0.0704,0.000157,0.453,0.549,90.16,0.074414,0.777342,0.840175,0.294797,0.918604,0.160911,0.279237,0.757694
6TiiDZgtQ3xJLWzrGBWDmc,Kamuran Akkor,Sev Yeter,Beni Kaybettin Artık,0.444,0.684,-6.525,0.0379,0.658,0.000145,0.315,0.483,149.361,0.487471,0.913306,0.579965,0.401860,0.831227,0.399038,0.516572,0.673481
62p6cgUc0cdguS1DttbfKU,Elvis Presley,Today (Legacy Edition),And I Love You So,0.485,0.332,-13.288,0.0257,0.129,0.0668,0.0687,0.39,81.741,0.543725,0.536581,0.520857,0.738601,0.684181,0.375469,0.483461,0.555275
1BbahnMbj2Ckmdsgzdg1t9,DoubKore,Ushuaia,Ushuaia,0.745,0.902,-7.73,0.114,0.00159,0.883,0.0946,0.0373,140.024,0.036977,0.940135,0.624915,0.306719,0.954659,0.084678,0.809751,0.896477
63mzrX6MAuhmyxq0KxS4fm,Danakil;Natty Jean;Ky-Mani Marley,Entre les lignes,The Voice,0.892,0.594,-7.031,0.123,0.432,0.0,0.11,0.83,125.019,0.531634,0.766821,0.955986,0.204045,0.411548,0.488788,0.535920,0.854155
5SQIEHNedYoJqOAB9x2DDF,The Drifters,Merry Christmas,White Christmas,0.578,0.182,-10.424,0.0444,0.825,5e-06,0.144,0.477,127.363,0.861621,0.664879,0.401285,0.895005,0.562886,0.805430,0.788646,0.326006
6D758KNG2dSZ7Pf1eqSXKm,Triac,Always Meant to Hurt You,Grab Everything That Kills,0.203,0.853,-8.874,0.0793,0.0,0.819,0.0483,0.17,115.769,0.103387,0.616270,0.301218,0.621611,0.928681,0.122515,0.776380,0.609473
46bTgJAQkrkNRxMuFnpRyD,Massive Attack,Protection,Karmacoma,0.801,0.536,-14.334,0.224,0.00545,0.183,0.204,0.667,141.068,0.466189,0.630694,0.939987,0.180327,0.741123,0.268291,0.495116,0.747299
7envSCRR9oz7q3idmeJh6X,Traditional;Cappella Musicale di Santa Maria in Campitelli di Roma;Vincenzo Di Betta,Giovannini: Messa a Quattro Breve Concertata,Epistola: Seconda lettera ai Corinzi,0.412,0.0271,-26.117,0.0685,0.992,0.0,0.143,0.0553,130.951,0.957962,0.269229,0.064841,0.971524,0.525212,0.887555,0.810982,0.247731
7p33u7IZ8j9NoQeI1v45oG,Anupam Roy,Belaseshe,Obhabe Keno,0.578,0.307,-11.479,0.032,0.871,2.72e-05,0.114,0.316,77.917,0.781122,0.260168,0.453723,0.818722,0.714912,0.831512,0.762862,0.416728
57BuFDoc2hUHmSyoL8OynI,Gillian Welch,Time (The Revelator),My First Lover,0.653,0.453,-10.12,0.0375,0.766,0.0003,0.0756,0.489,142.347,0.645631,0.632789,0.536648,0.789708,0.540101,0.578243,0.781715,0.647679
5fvESB5vBG8Rs3bYkNrbQX,Robin Schulz;Tom Walker,Back to School!,Sun Will Shine,0.534,0.714,-6.347,0.0629,0.00633,0.0,0.0879,0.415,125.99,0.220465,0.784175,0.762903,0.519935,0.877690,0.240204,0.441217,0.701224
42fqz1R5JWF4SAPfiac8Sx,Floreal Ruiz,Marioneta,Por La Vuelta,0.476,0.48,-4.762,0.032,0.907,0.00217,0.121,0.573,117.494,0.833072,0.654317,0.524195,0.835858,0.473292,0.898196,0.914645,0.742968
233sHWbC7v5XM9dYZnaUHx,Novo Amor,Birthplace,Seneca,0.182,0.341,-9.966,0.0337,0.972,0.608,0.1,0.113,78.895,0.884291,0.314683,0.064045,0.966271,0.531808,0.812008,0.939588,0.221715
1HHnQYqcnlnE9q7LGFFGFj,Icona Pop;VIZE,Off Of My Mind,Off Of My Mind,0.798,0.752,-5.947,0.227,0.128,0.0362,0.0795,0.565,125.996,0.230536,0.824539,0.803452,0.471939,0.935949,0.211379,0.487683,0.816380
76AZb1cUWvb3guRvztDpXp,The Gathering,Nighttime Birds,Kevins Telescope,0.254,0.665,-5.825,0.0371,0.00224,2.48e-05,0.289,0.191,67.585,0.376136,0.472917,0.361677,0.599184,0.956321,0.141865,0.347293,0.639691
2Mx5XR7Ej5XsgQiXpwvCEa,Mrs Mills,The Very Best Of Mrs Mills,Ma (He's Making Eyes at Me) - 2003 Remaster,0.402,0.737,-7.818,0.0307,0.496,0.774,0.235,0.966,175.755,0.220089,0.848760,0.893739,0.179041,0.525178,0.583407,0.910992,0.642027
4RRjzag1k8za5IVBa8XLrn,Rasta Chinela,Rasta Chinela as 20+,Mel da Sua Boca,0.602,0.952,-2.649,0.0661,0.125,0.0,0.109,0.823,192.286,0.076795,0.955091,0.903738,0.075661,0.856278,0.096079,0.282989,0.912383
6ow5P73FytC5N2Bzy7rZYP,Slank,Suit Suit... He He Gadis Sexy,Kalah,0.521,0.57,-8.094,0.0278,0.396,4.06e-06,0.0951,0.123,98.584,0.451249,0.484612,0.354390,0.749272,0.867774,0.255424,0.663689,0.641621
4qqIuSEkjZhXHQ7cGCKZq8,Wilkinson;Amber Van Day,Cognition,Keep Dancing,0.553,0.893,-4.062,0.0545,0.0502,0.00145,0.145,0.138,174.019,0.110586,0.954206,0.507156,0.393038,0.966564,0.060156,0.252393,0.806020
0R1ouIaA26HzdIugTBAtZN,Adriana Calcanhotto,A Fábrica Do Poema,Cariocas,0.546,0.441,-15.022,0.0457,0.581,0.0596,0.357,0.403,79.909,0.656932,0.541229,0.389338,0.679279,0.695814,0.791251,0.466211,0.641512
3jvqqFqmRnZKZJXnOKV4zp,Ollie,Attached,Attached,0.852,0.342,-5.677,0.252,0.792,0.0,0.121,0.507,85.035,0.806188,0.716690,0.703205,0.712457,0.445193,0.884069,0.733622,0.696579
2LCQRwCzSWyFeI62SBxAUV,Zombina & The Skeletones,That Doll Just Tried to Kill Me (And Other Chilling Tales of Mind-Bending Horror),I Was a Teenage Frankenstein,0.562,0.927,-6.738,0.041,0.0469,0.000337,0.751,0.696,98.569,0.105254,0.885743,0.946125,0.112726,0.829289,0.181949,0.252078,0.894517
4s9eMbBfWUDtBEFHC7sNp7,ILLENIUM;iann dior,Fallen Embers,First Time,0.526,0.667,-5.451,0.0437,0.0505,0.0,0.321,0.43,155.085,0.085860,0.831810,0.768580,0.417102,0.771708,0.140627,0.421269,0.611504
4ddGbSuvryKgVIIBjBqGHo,Soda Stereo,Dynamo (Remastered),Camaleón - Remasterizado 2007,0.374,0.92,-7.561,0.0478,8.92e-05,0.491,0.0864,0.55,195.93,0.075619,0.938660,0.848184,0.118484,0.630870,0.055227,0.665152,0.919029
1NzjhpwIgh3bXjxdtv2RbY,Yuvan Shankar Raja;Rahul Nambiar,"Muddhu Muddhu Vaana (From ""Nene Vasthunna"")",Muddhu Muddhu Vaana,0.727,0.558,-12.475,0.0447,0.588,0.000376,0.0985,0.586,104.991,0.565886,0.683774,0.744862,0.563164,0.640456,0.698768,0.632272,0.757659
4XS8FAMUIOAEqkj1EASfjd,George Jones,The Grand Tour,Once You've Had the Best - Single Version,0.474,0.254,-14.144,0.0258,0.917,0.0001,0.133,0.455,89.789,0.908096,0.292286,0.507560,0.813227,0.288782,0.875016,0.748715,0.359712
5zqJlEJcn0EfnvAScH8swK,The Beatles,Yellow Submarine Songtrack,All You Need Is Love,0.364,0.483,-8.22,0.0317,0.281,1.53e-06,0.113,0.7,102.967,0.566899,0.588852,0.778861,0.312849,0.698892,0.442825,0.381227,0.571811
5qLZimSSfR8ZaU2KGmx8HZ,Kiprich,Martial Arts (Part 1),Badness,0.709,0.922,-4.518,0.364,0.104,0.0,0.176,0.962,127.71,0.072517,0.879278,0.962436,0.100955,0.730561,0.188533,0.302981,0.920360
1HdSFxhvOqxGy70hWDxuCs,Andy Parsons,Live & Unleashed But Naturally Cautious,You're One in 4 Billion,0.445,0.658,-17.232,0.939,0.818,0.0,0.641,0.42,173.925,0.442730,0.905707,0.281077,0.495543,0.790023,0.464182,0.155058,0.903016
2q2cdTPrbgWSxLFFXjjaoO,Hafdís Huld,Vögguvísur,Bí bí og blaka,0.602,0.0242,-16.589,0.0426,0.952,0.0,0.105,0.29,96.834,0.897687,0.493631,0.297315,0.985111,0.507732,0.949446,0.919817,0.306893
4D5oy9ejj6wK60Q9xxrfMs,Kathleen Madigan,Bothering Jesus,Naming Your Kids,0.539,0.724,-7.664,0.598,0.839,0.0,0.944,0.499,80.121,0.724031,0.715882,0.666784,0.397858,0.883061,0.776549,0.209361,0.648373
0owF0olEgbExno5CZSWd6S,Miranda!,Es Mentira,Ven,0.52,0.867,-1.895,0.0311,0.36,0.000782,0.307,0.604,77.997,0.325699,0.864273,0.821027,0.345903,0.741499,0.435588,0.276369,0.801523
0PKmDncVOiNQLO6D1P6PXi,Susan Egan;Cheryl Freeman;LaChanze;Vaneese Thomas;Lillias White;Disney,Hercules (Original Motion Picture Soundtrack),I Won't Say (I'm In Love),0.684,0.481,-10.305,0.0391,0.228,0.0,0.157,0.48,121.208,0.272955,0.670606,0.865196,0.353880,0.714498,0.413982,0.713926,0.637602
1gS3HJ7xfTvID7UAPSwk70,Nicole Moudaber,Pure Intec 2 Mixed by Carl Cox & Jon Rundell,Brooklyn Hangover,0.785,0.835,-10.673,0.0488,0.0234,0.955,0.0797,0.0879,125.878,0.149731,0.832921,0.722643,0.456563,0.942030,0.174084,0.904150,0.909727
0EQ7IBLaVhxF8qOA4E4sF8,JJ Lin,進階,進階,0.558,0.757,-4.404,0.05,0.304,0.0,0.139,0.147,92.035,0.177322,0.754402,0.326490,0.409560,0.877270,0.391477,0.531464,0.747745
6NNiVBkstx4zWrQVbEpZ8I,Nurettin Rençber,Eski Yara,Yürürüm,0.344,0.42,-11.73,0.0454,0.605,2.11e-05,0.206,0.519,91.766,0.742070,0.665594,0.312299,0.644154,0.605834,0.795920,0.478778,0.446666
62icwjSJXfM58V3L7iLXHB,Krystina Alabado;Shereen Pimentel,Teen Time Travelers: The French Correction,Turbulent Flow,0.496,0.354,-9.983,0.0499,0.741,0.0,0.0865,0.705,146.133,0.686061,0.597284,0.745796,0.603111,0.351637,0.908003,0.860945,0.663981
48f9zJZNKuFwC2wfTGwmfJ,Lara Fabian,Lara Fabian,Adagio,0.329,0.388,-9.854,0.0302,0.284,6.39e-05,0.106,0.0683,128.508,0.449702,0.458320,0.153489,0.928644,0.797621,0.295949,0.747526,0.564127
1l4pW7Tklvcc3k38rDFMkk,Cigarettes After Sex,Cry,Touch,0.483,0.5,-9.403,0.0241,0.354,0.912,0.103,0.368,95.981,0.458551,0.626141,0.699575,0.693959,0.836642,0.475379,0.963597,0.654622
6lkVbijlh932FSS2I0gDrR,Nightwish,HUMAN. :II: NATURE.,How's the Heart?,0.543,0.643,-8.649,0.0278,0.00448,9.51e-06,0.111,0.272,104.006,0.351662,0.676533,0.493672,0.484543,0.865065,0.256545,0.264600,0.701822
0pnUgsOzr3V6XA6IZ7CQQr,Ray Price,The Essential Ray Price,You Done Me Wrong,0.568,0.389,-10.035,0.0286,0.72,0.0,0.0748,0.882,143.679,0.633307,0.647503,0.741133,0.324698,0.321095,0.608816,0.633784,0.638504
5W7YROOF6bFfBexY81LFjt,Styx,Cornerstone,Babe,0.267,0.204,-13.714,0.0317,0.527,0.0,0.0924,0.0903,169.486,0.726509,0.511934,0.117566,0.966519,0.772957,0.340040,0.763382,0.265185
15SAAkMN4UoJGKTTfp7dpj,Horace Andy,Serious Times,Rasta Words,0.649,0.559,-8.074,0.191,0.202,1.28e-05,0.0746,0.52,167.334,0.192361,0.881446,0.852426,0.507998,0.510645,0.301661,0.440767,0.843038
5h1SyX4QXZWV7EWvO0Dqt5,Christopher Titus,Norman Rockwell is Bleeding,Normal vs. Screwed Up,0.617,0.79,-14.407,0.935,0.742,0.0,0.654,0.204,98.085,0.504956,0.821785,0.387666,0.808421,0.923279,0.649014,0.187892,0.597778
5hsExtdcPmoDQTc9rhK6ui,Feid,Perreo en Halloween,Si Te La Encuentras Por Ahí,0.736,0.569,-3.559,0.0779,0.144,5.27e-05,0.112,0.433,171.973,0.106289,0.848918,0.742341,0.487610,0.879360,0.268544,0.571159,0.877973
4E3sRBOjCjxsotCLduEJcN,Gaye Su Akyol,Develerle Yaşıyorum,Yıllar Yılan,0.662,0.409,-10.455,0.0414,0.325,0.00199,0.116,0.502,119.986,0.370326,0.596638,0.575427,0.588780,0.424869,0.440299,0.672735,0.580080
1hJrWWK74fKL7eeV3CFOvF,The Rolling Stones,Exile On Main Street (2010 Re-Mastered),Sweet Virginia,0.477,0.74,-5.397,0.0446,0.502,1.31e-06,0.263,0.56,107.384,0.425162,0.846817,0.782893,0.647892,0.596288,0.316932,0.634088,0.691653
0jVo3e34A15l6MNu1O3cfa,Nick Cave & The Bad Seeds,Let Love In (2011 - Remaster),Red Right Hand,0.735,0.403,-11.599,0.037,0.139,0.473,0.107,0.453,115.658,0.444950,0.770688,0.586810,0.406427,0.637356,0.461418,0.778878,0.501259
7B3tgMX8jiSNc9qgE6MAOu,Windir,Likferd,Blodssvik,0.3,0.853,-6.708,0.0694,1.16e-05,0.899,0.335,0.167,166.064,0.096327,0.930395,0.548724,0.468734,0.958165,0.075948,0.747588,0.907632
15CTEO3L1CyZ0IVvsuodKC,Jesus Culture;Kim Walker-Smith,Your Love Never Fails (Live),Happy Day - Live,0.435,0.956,-3.941,0.0564,0.000541,0.0,0.636,0.307,131.998,0.034717,0.870031,0.600513,0.354656,0.914176,0.074953,0.053545,0.828132
5j9rPqhsxgh8ZTSWeflHhq,Cri-Cri,Las 100 Clásicas de Cri Cri Vol. 1,El Perrito - Remasterizado,0.582,0.256,-9.549,0.0354,0.78,0.0,0.135,0.473,108.539,0.693403,0.467870,0.446144,0.691478,0.536835,0.872825,0.749266,0.299448
7HVBhTFyZSj1OJYOqd8Wdi,Bruno Mars;Anderson .Paak;Silk Sonic,New Grooves,Love's Train,0.71,0.625,-9.008,0.0295,0.029,1.1e-05,0.108,0.784,140.994,0.176320,0.936714,0.945894,0.155906,0.719025,0.268123,0.505946,0.750824
4gi2e6rh7dKSw14P4pODT7,Sloppy Seconds,More Trouble Than They're Worth,Fifteen Minutes... Or It's Free,0.403,0.955,-4.068,0.0435,0.00136,0.0,0.146,0.58,96.042,0.109311,0.809555,0.849581,0.101656,0.921067,0.103917,0.223515,0.810997
5DS9LiyEdw2zY8bM6kjjgM,Olamide;Omah Lay,Carpe Diem,Infinity (feat. Omah Lay),0.93,0.535,-8.755,0.111,0.303,0.0201,0.146,0.518,102.017,0.476472,0.623818,0.860912,0.241399,0.601668,0.426835,0.692812,0.911964
5aDp5tXD95QXTISgXqAmvZ,Brock Ansiolitiko,Anatomía del sentimiento,Quiérete,0.812,0.649,-9.03,0.245,0.623,0.0,0.0847,0.507,87.005,0.536094,0.871535,0.844033,0.433397,0.843314,0.487460,0.683020,0.834602
5cpJFiNwYyWwFLH0V6B3N8,Ozuna;Doja Cat;Sia,Enoc,Del Mar,0.759,0.636,-5.585,0.0369,0.0224,0.000143,0.166,0.536,109.976,0.179107,0.837584,0.846075,0.408219,0.813166,0.205246,0.499043,0.827273
61cxfQqN4UOhCpNsj3mBl5,Prasanna;Namitha Babu,Chandi Veeran (Original Motion Picture Soundtrack),Alunguraen Kulunguraen,0.57,0.703,-5.51,0.0486,0.313,5.92e-06,0.0556,0.598,172.025,0.191349,0.956624,0.767657,0.368919,0.671443,0.200247,0.507661,0.838120
18UDolpvPEqVzIE69xobUQ,Cupid;Big Pokey,Dance Party King,Cornbread & Greens (feat. Big Pokey),0.69,0.688,-7.994,0.156,0.0313,2.04e-05,0.101,0.794,203.648,0.108102,0.862394,0.873173,0.192054,0.664002,0.088427,0.282463,0.896061
4AUror8X0wwt0KSpTJmGHW,Dinah Washington;Brook Benton,60s Christmas Party,Baby (You've Got What It Takes),0.683,0.668,-8.36,0.0749,0.833,2.75e-06,0.0548,0.77,132.192,0.372921,0.773940,0.834917,0.340580,0.662261,0.712564,0.619258,0.582994
7FQvFYg88JndjHvd5tBxwI,Dream Evil,Dragonslayer,The Chosen Ones,0.563,0.734,-6.207,0.038,0.0123,0.0,0.102,0.231,115.983,0.169986,0.750852,0.818007,0.439955,0.881333,0.137311,0.397319,0.839833
5Sr8FoT81id6W6DJoHhtxp,OConnor,Estamos Pariendo,Hasta Ser Libre,0.473,0.763,-5.783,0.0308,0.000952,3.1e-05,0.214,0.32,123.933,0.218560,0.908518,0.737328,0.213487,0.908450,0.118860,0.240961,0.617192
63yqUtQWSa56EirJZOjpO7,DJ Ötzi,Sei du selbst - Party 2.0,Der hellste Stern (Böhmischer Traum) - Silverjam Mix,0.575,0.957,-2.758,0.0826,0.00328,0.0,0.158,0.929,126.056,0.192651,0.926471,0.971798,0.088860,0.855492,0.206555,0.579841,0.858806
1aTEygvJz9cA86mzGxJVAT,PASSEPIED,&DNA,スーパーカー,0.464,0.845,-3.791,0.0371,0.145,0.0077,0.239,0.662,171.839,0.120412,0.897171,0.925269,0.116087,0.866517,0.224239,0.538204,0.897456
6iFWU1p6UA44mKX5Mnc8rA,Nomadic Voice,Chankente Chembarathi,Chankente Chembarathi,0.801,0.568,-5.789,0.0647,0.123,0.0,0.122,0.704,114.964,0.252803,0.795093,0.841834,0.129949,0.720532,0.268187,0.536852,0.781571
5J4tp32gF3lWNk4RqvsjsO,XXXTENTACION,LOOK AT ME: THE ALBUM,NEVER,0.343,0.12,-19.247,0.0361,0.412,0.0252,0.109,0.0373,105.109,0.796266,0.311776,0.084683,0.914167,0.718679,0.573652,0.699254,0.268434
6gq5YInoFxEUT13bzu9DyC,Lamb of God,Lamb of God (Deluxe Version),Ghost Shaped People,0.235,0.988,-3.291,0.17,1.93e-05,0.814,0.158,0.194,171.599,0.070903,0.871807,0.482217,0.492393,0.979714,0.081859,0.803679,0.872555
15hBh5GGmDSsJvMbl8axF7,Planetshakers,Greater (Live),No. 1 Sound - Live,0.569,0.914,-5.596,0.0606,0.00311,0.0,0.821,0.473,114.0,0.084264,0.925698,0.889871,0.107085,0.849524,0.083055,0.241960,0.911841
1W6txMoK3kxBkc5IttrwiA,The Dynamics,Version Excursions,Move on Up,0.836,0.709,-9.135,0.0352,0.154,0.392,0.0894,0.969,145.952,0.147158,0.883335,0.957916,0.099012,0.583201,0.177704,0.619780,0.805306
1wOpMjWFiYm9xuRvqATOiS,Alejo;Feid;ROBI,El perreo es el futuro,Pantysito,0.83,0.739,-5.395,0.0627,0.136,2.11e-06,0.162,0.631,97.993,0.253954,0.943690,0.920945,0.216536,0.789042,0.222340,0.259168,0.866645
4YnKb0qfI6j56S0UiaewIC,Austin George,Manners,Manners,0.677,0.612,-7.197,0.0441,0.482,1.25e-06,0.129,0.597,94.033,0.495579,0.859761,0.781204,0.568328,0.666541,0.471645,0.615726,0.680511
69FipCnQCCKgWk9NQGmsQT,Pink Sweat$,US Pop 20s,I Feel Good,0.803,0.75,-4.67,0.0551,0.0233,3.87e-05,0.045,0.628,106.0,0.246726,0.753139,0.928832,0.267861,0.849825,0.325460,0.322543,0.691703
4BxzNZpcm1j3JczZzGNe2k,Don Omar;Tego Calderón,The Fast And The Furious: Tokyo Drift (Original Motion Picture Soundtrack),Bandoleros,0.662,0.896,-5.311,0.251,0.318,0.0,0.186,0.79,90.622,0.245035,0.826723,0.903371,0.172030,0.742811,0.372558,0.369223,0.810178
3zBCFogk8iIYzhSjCEvo4x,巫啟賢,永不棄絕的情書,永不棄絕的情書,0.2,0.292,-11.011,0.0352,0.863,1.59e-05,0.0902,0.265,75.839,0.853398,0.370224,0.082001,0.957199,0.481580,0.853647,0.823066,0.326313
3YtH56k2TgTVKlR2iGmt9u,Rebecca Luker;Peter Marinos;Kimberly Mahon;Joel E. Chaiken,The Secret Garden (Original Broadway Cast Recording),Opening,0.265,0.141,-22.492,0.0399,0.887,0.00514,0.333,0.0584,92.84,0.940863,0.215547,0.069774,0.967409,0.630680,0.930763,0.827718,0.187692
2CnCvYssfRhJ3yDngUcOuJ,Pablo,Um Novo Passo,Filmes e Histórias,0.649,0.567,-5.726,0.0314,0.316,0.0,0.397,0.635,131.91,0.297786,0.897996,0.819367,0.242295,0.568820,0.533490,0.388114,0.762789
4VKgqolJpYl6HhcLGhGogR,Baby Sleep;Baby Shushing;Dreams of Dreams,Shhhh Baby Shusher Mama Shushing Background Fan (Loopable),Shhhh Baby Shusher Mama Shushing Background Fan (Loopable),0.153,0.119,-25.16,0.0501,0.704,0.913,0.543,0.0342,84.886,0.924126,0.170110,0.182868,0.941376,0.669095,0.824805,0.885615,0.122397
5JzM7QO7lYUaCkechDWAeG,Barış Manço,Hal Hal,Bahçede Hanımeli,0.405,0.0659,-20.696,0.0599,0.971,0.0,0.181,0.219,120.961,0.907739,0.191297,0.105362,0.971070,0.527990,0.860782,0.823251,0.514427
0io12zlEXifJzUbTx2d127,The Smashing Pumpkins,CYR,Adrennalynne,0.674,0.705,-8.003,0.0344,0.0032,3.11e-05,0.0837,0.199,146.058,0.195069,0.917520,0.798641,0.547472,0.904165,0.090694,0.507228,0.813316
0F1Yc1N29pSyBYHYlPRK1P,Rolf Zuckowski;Sasha;Oonagh;Benedikt Geiger,Rolfs neue Vogelhochzeit,Ein Vogel wollte Hochzeit machen,0.652,0.208,-17.627,0.544,0.907,0.0,0.627,0.632,94.74,0.947183,0.430935,0.460107,0.818466,0.435080,0.876238,0.312479,0.633978
6xyCDjT4FoMs9N2tfctIE3,Verge Collection,Feel Bad Songs,Feel Bad Songs,0.427,0.915,-6.563,0.101,0.00165,0.525,0.199,0.482,172.938,0.096418,0.876497,0.901827,0.404582,0.870842,0.142151,0.528277,0.855575
7fSqV7QeQSZaihS4X5O78n,Stevie Wonder,Halloween Kids Party 2022,Superstition,0.611,0.583,-14.182,0.0668,0.057,0.0195,0.0857,0.877,100.82,0.444249,0.673570,0.872026,0.141789,0.774507,0.532175,0.527893,0.674328
30KPG6tcT4DAYsYdTEBoXh,Ellie Goulding;Juice WRLD,pov: it's 2019,Hate Me,0.658,0.791,-4.66,0.0512,0.102,0.0,0.139,0.744,75.017,0.238007,0.606122,0.911408,0.119168,0.775779,0.332783,0.429599,0.732883
5iLKsySETJuZuzckphh3fF,Garhelenth,The Entrance to the Realms of Garhelenth,Possessor,0.156,0.794,-4.727,0.0527,1.42e-05,0.663,0.0558,0.24,107.259,0.193127,0.759599,0.553479,0.527966,0.937251,0.121651,0.819596,0.398675
0voYwjeuMfvXlF76oesZKu,Joshua Radin,"Here, Right Now","Here, Right Now",0.496,0.391,-9.844,0.0311,0.826,0.0126,0.108,0.492,108.868,0.757548,0.508625,0.453251,0.903603,0.442375,0.892420,0.713341,0.467247
3byriDdeSmBZk2tx1CCbWw,N'Klabe;R.K.M & Ken-Y,La Nueva Escuela,Si Ya No Estas - (Remix),0.651,0.82,-3.927,0.038,0.772,0.0,0.237,0.965,167.966,0.321237,0.922784,0.922194,0.288207,0.607045,0.671448,0.729365,0.805237
0v9efJ1lA4yhp3P2PLNKqM,LIL DUSTY G,All I Have Is My Smile,All I Have Is My Smile,0.636,0.808,-3.288,0.0534,0.0699,0.0,0.153,0.508,75.013,0.197292,0.745933,0.896652,0.305960,0.839159,0.294054,0.438666,0.582806
11X4Gw3T4hoktVruLgTnm1,José González,Veneer,Heartbeats,0.554,0.15,-16.746,0.0338,0.974,0.735,0.0698,0.314,87.956,0.938006,0.441748,0.607364,0.890276,0.478179,0.790208,0.928745,0.249617
0xL3jzqMdIo6Aznb0BThZH,Ilaiyaraaja,Voice Of Isaignani Ilaiyaraja Vol -1,"Kannu Pada (From ""Chinna Gounder"")",0.649,0.757,-7.511,0.0582,0.817,0.0,0.34,0.913,142.123,0.640165,0.950038,0.933586,0.265519,0.343201,0.598904,0.660985,0.849380
5zYOd44weo0Le4VhlM3wmQ,Los Caligaris,Circología,Pero No Puedo,0.611,0.934,-3.905,0.0359,0.0669,0.0,0.27,0.962,157.966,0.071323,0.908312,0.963867,0.039814,0.799772,0.509777,0.141669,0.943125
1ap4zdsBydWPSXJqDBqtNL,D.O.D;Raphaella,Like You Do,Like You Do,0.69,0.847,-4.565,0.0374,0.0145,0.041,0.0777,0.49,124.015,0.132386,0.898347,0.865181,0.244994,0.895416,0.306742,0.239285,0.901175
31K20zczQywSJQskRGmrve,Poop Emoji,Best Nintendo Music,The Animal Crossing New Horizons Song,0.65,0.638,-8.007,0.299,0.0158,1.79e-06,0.378,0.688,180.274,0.058179,0.913025,0.832805,0.153276,0.733040,0.152507,0.236120,0.846265
2mdbAB4rwGYFLmie9zGNBO,Tyree,Now or Never,I Need a Girl,0.658,0.647,-5.901,0.0414,0.0431,0.0,0.333,0.418,88.104,0.217280,0.718846,0.730005,0.587181,0.904256,0.209660,0.422196,0.646679
0tBTnrMcc91qKP9dHqhsS7,Joe Jackson,Night And Day,Steppin' Out,0.584,0.474,-9.431,0.0296,0.0366,0.000363,0.0518,0.651,160.173,0.164861,0.803557,0.859262,0.276156,0.708994,0.249882,0.636191,0.753717
0g1LeNUl168WghKchHKFbW,Hans Zimmer;Lisa Gerrard,Hans Zimmer: Epic Scores,"Figurines - From ""Gladiator"" Soundtrack",0.348,0.173,-23.524,0.0477,0.931,0.969,0.128,0.0395,88.467,0.928448,0.287102,0.050404,0.982700,0.452033,0.852339,0.979758,0.188167
6ShcmN8c6rQjA27t0X8MBB,Synergetic Emotion;Who Knows?,Sleep Talking,Sleep Talking,0.674,0.684,-8.168,0.0401,0.00922,0.532,0.11,0.149,140.014,0.163535,0.810372,0.580511,0.385726,0.936540,0.247731,0.814266,0.877473
2EqlS6tkEnglzr7tkKAAYD,The Beatles,Abbey Road (Remastered),Come Together - Remastered 2009,0.533,0.376,-11.913,0.0393,0.0302,0.248,0.0926,0.187,165.007,0.365457,0.699692,0.553605,0.727261,0.867308,0.154249,0.841503,0.551612
6j6U7oxsHa9pYsJvuuXPpR,Christopher Zondaflex Tyler,Mr Chris' Holiday Mixtape,Halloween Dance,0.847,0.515,-12.189,0.257,0.00834,0.0,0.115,0.365,100.059,0.194829,0.701021,0.811574,0.431365,0.858597,0.222372,0.591771,0.762319
4FeczSomVWVyU4FW7xDeAI,A.R. Rahman;Chinmayi;Murtuza Khan;Qadir Khan,Guru (Original Motion Picture Soundtrack),Tere Bina,0.744,0.7,-7.663,0.0375,0.278,0.000155,0.068,0.867,144.033,0.236982,0.914236,0.886546,0.198617,0.660610,0.405146,0.311370,0.731446
11g9GgpchfORJxVEYFFDoL,Kristen Bell;Agatha Lee Monn;Katie Lopez,Frozen (Original Motion Picture Soundtrack),"Do You Want to Build a Snowman? - From ""Frozen""/Soundtrack Version",0.306,0.121,-15.551,0.0554,0.85,0.000176,0.257,0.166,174.055,0.957279,0.650074,0.134684,0.975263,0.593369,0.689733,0.842441,0.240379
0zhGFpuiYroEopRgqD04F5,Sam Smith,TickTok Back To School 2022,I'm Not The Only One,0.684,0.487,-5.887,0.0367,0.495,4.57e-06,0.0821,0.456,81.997,0.779736,0.813877,0.838590,0.663517,0.554837,0.670506,0.536975,0.598054
05WsoThz68cuRT2rrJQMNh,Altijd Larstig & Rob Gasd'rop;Kalvijn,Helden,Helden,0.454,0.948,-4.149,0.08,0.00633,0.00181,0.188,0.302,167.944,0.036679,0.945692,0.786910,0.308577,0.920804,0.076971,0.221709,0.821086
5TfUomWhqo4D9oKZZ7Dafq,Joe Vasconcellos,Esto Es Sólo una Canción,"Valparaíso, Ay Rosa",0.612,0.721,-4.096,0.0508,0.857,0.0,0.0903,0.962,177.507,0.349881,0.874144,0.919359,0.189724,0.530556,0.760532,0.533850,0.888887
1UM3RVanAaakxcx9GkfNTL,Ice Prince;Oxlade,KOLO (feat. Oxlade),KOLO (feat. Oxlade),0.629,0.741,-1.521,0.146,0.532,0.0,0.119,0.816,103.715,0.409279,0.790024,0.931963,0.228089,0.754484,0.598497,0.500008,0.662067
06Stw5UCrKYwPBxsTOfBtA,Ghost,Twisted Halloween Hits,Mary On A Cross,0.467,0.9,-4.505,0.0451,0.000187,0.000493,0.105,0.554,130.027,0.091442,0.839746,0.795629,0.182065,0.878890,0.153349,0.350989,0.798028
2tsIWi4o3Nkbq4yF9OPNg9,Jasleen Royal,Shivaay,Raatein (Reprise),0.52,0.408,-11.099,0.0311,0.644,0.0558,0.128,0.173,94.991,0.758928,0.461550,0.324962,0.791001,0.673145,0.717705,0.729712,0.550945
2JpY6VUIdy9Nx42eOR7vao,Sujatha,Aparichithan (Original Motion Picture Soundtrack),Kuyil,0.732,0.613,-6.837,0.0384,0.165,0.0,0.0926,0.765,96.019,0.307469,0.832471,0.812164,0.158837,0.664490,0.258699,0.656520,0.668897
0Zf1BPkkFAWGtVHeBwHHz4,Ingrid Michaelson,It Doesn't Have To Make Sense,Light Me Up,0.417,0.595,-7.84,0.0396,0.158,0.000269,0.101,0.117,147.928,0.314645,0.772851,0.717597,0.598880,0.917933,0.214603,0.431846,0.805773
3zjnB2JEVilLMUnpllsqHT,Fäaschtbänkler;DualXess,Can You English Please (The Mixes),Can You English Please - DualXess Radio Edit,0.7,0.862,-5.11,0.0349,0.000846,0.0108,0.107,0.539,129.993,0.064895,0.944616,0.878056,0.128381,0.845543,0.134042,0.606264,0.819624
6vqntrDix0GPOCrfNsiARm,Cattle Decapitation,Medium Rarities,Cannibalistic Invasivorism,0.271,0.989,-3.271,0.122,7.84e-06,0.736,0.286,0.257,122.206,0.107979,0.686147,0.564371,0.400445,0.957415,0.083609,0.656895,0.786028
3FRPqVwG14wKc0fAb8Nj3O,Nat King Cole,Home For Christmas 2022,The Christmas Song (Merry Christmas To You),0.32,0.21,-15.231,0.0345,0.92,8.01e-05,0.138,0.208,73.196,0.888890,0.274113,0.074603,0.902971,0.522666,0.882124,0.844064,0.104676
2t0wwvR15fc3K1ey8OiOaN,The Strokes,The New Abnormal,Selfless,0.538,0.679,-4.297,0.0333,0.191,0.00175,0.0889,0.0888,121.99,0.272533,0.831116,0.436066,0.637196,0.951544,0.225873,0.475019,0.751782
2CWGQwGJdssqTsOqBtORE7,The Laurie Berkner Band,Halloween Train,Halloween Train,0.64,0.492,-8.326,0.0534,0.687,0.0,0.31,0.627,157.906,0.505720,0.683647,0.616885,0.479279,0.412443,0.857334,0.597639,0.656249
3XzAKoTEjmVCZLi118Yfyu,Los Prisioneros,Pateando Piedras,Estar Solo,0.788,0.522,-14.554,0.0384,0.439,0.339,0.119,0.971,122.712,0.411722,0.682204,0.907455,0.287342,0.196446,0.613352,0.715343,0.650626
6WnGITNOKFXawCwqnFuYbW,Stylo;Space Motion,Madan,Madan,0.756,0.815,-8.327,0.0799,0.0184,0.598,0.568,0.775,121.973,0.083583,0.795184,0.909697,0.161479,0.754985,0.298540,0.728991,0.885105
77SpOg95Gx49w23XyXv9B7,Euskefeurat,Sista Färden Hem Till Byn,Det Är Hit Man Kommer När Man Kommer Hem,0.423,0.265,-20.454,0.2,0.814,0.0,0.917,0.655,95.594,0.759816,0.268177,0.517569,0.587261,0.383976,0.917202,0.477499,0.314370
3w5x1B7KOXuZ1zUZANmyn4,Preto no Branco;Kennto,Ninguém Explica Deus (Preto no Branco) [Kennto Remix],Ninguém Explica Deus (Preto no Branco) [Kennto Remix],0.64,0.903,-6.138,0.171,0.0197,0.000142,0.167,0.38,125.095,0.082490,0.890814,0.747772,0.279255,0.944405,0.142961,0.251773,0.915546
3IT6wMBpuSOiTmM79vanaE,Nessa Barrett,Your Perfect Soundtrack,die first,0.444,0.669,-6.727,0.125,0.0669,0.0,0.124,0.44,183.441,0.237476,0.854357,0.625369,0.258879,0.854781,0.159319,0.466051,0.883755
1ONAnqPDDWhrjvqS4Jpx4J,Hackensaw Boys,Love What You Do,We Are Many,0.463,0.627,-8.174,0.034,0.575,5.1e-06,0.179,0.89,83.474,0.443879,0.794733,0.840148,0.252411,0.370156,0.770693,0.656071,0.680232
5HMJgPXgoCbBKwgRvnrhTm,Years & Years;Gryffin,Beats Electro Mood,Desire - Gryffin Remix,0.543,0.875,-5.069,0.0514,0.0622,0.0,0.157,0.415,122.058,0.148217,0.849329,0.668250,0.451705,0.913208,0.083956,0.379651,0.758716
2t39ZezrkDhpvGkWs089vc,Nando Reis;ANAVITÓRIA,NANDO REIS E ANAVITÓRIA JUNTOS (Ao Vivo),Luz dos Olhos - Ao Vivo,0.437,0.595,-8.546,0.0401,0.588,3.42e-06,0.685,0.393,79.511,0.405702,0.677795,0.518130,0.687605,0.737815,0.641265,0.285721,0.801959
4d7n7mUGhi9ss7cXWkS6Yl,Freestylers,We Rock Hard,Feel the Panic,0.696,0.925,-9.858,0.067,0.007,0.827,0.432,0.56,119.919,0.105888,0.918632,0.970531,0.105263,0.754132,0.374578,0.813342,0.825282
3y6h0VvSiZREDgu3hf4mTk,John Rutter;Bryn Terfel;Côrdydd;Sioned James;Welsh National Opera Orchestra;Tecwyn Evans,Classical Christmas,Shepherd's Pipe Carol (Adapted by Chris Hazell),0.443,0.208,-19.566,0.0399,0.969,0.332,0.0629,0.636,129.926,0.824533,0.500522,0.329827,0.740344,0.361153,0.914200,0.944364,0.335717
3nZiCfdFj6xsCIBGydkxDG,Grupo Raça,Jeito De Felicidade,Tô Legal,0.586,0.837,-8.655,0.0558,0.207,0.0,0.197,0.892,152.903,0.053469,0.869455,0.884307,0.093094,0.655406,0.364726,0.302670,0.892034
6Xnx7ApHVMbNN6j7npAXRJ,My Hair is Bad,時代をあつめて,卒業,0.45,0.651,-5.106,0.0448,0.0276,0.0,0.131,0.606,166.301,0.108179,0.856193,0.839322,0.282496,0.848233,0.117097,0.390664,0.766098
0X48tmPQTHN2vtoyAnJK8M,Great Good Fine Ok,Someone To You,Someone To You,0.805,0.598,-6.027,0.0345,0.101,0.00031,0.128,0.435,134.963,0.244487,0.921348,0.878223,0.338382,0.904452,0.350122,0.257777,0.833644
7dGksgOyGuJ9QCNZhxxN5e,Valesca Mayssa;Stella Laura,De Janeiro a Dezembro,Dias de Guerra,0.568,0.616,-5.372,0.0351,0.366,0.0,0.119,0.391,137.845,0.303541,0.901023,0.545392,0.627366,0.773859,0.385247,0.679170,0.763487
4NplV1ZtrLM2dLm8fi2UFb,Tipe-X,Dischography Hitam Putih,X-Friends,0.738,0.721,-5.959,0.0308,0.0172,0.000214,0.0912,0.979,137.026,0.124084,0.951463,0.956440,0.060608,0.631329,0.274179,0.338862,0.694199
49AQAXswd32dFJUWOegVWO,Wu Bai,愛情的盡頭,Last Dance,0.463,0.62,-7.27,0.0289,0.0158,1.26e-06,0.195,0.492,151.311,0.083327,0.868746,0.749776,0.407059,0.755861,0.258667,0.606207,0.694517
0vLaSLUZKz7piNFTTtXRy8,Los Twist,Serie De Oro,Ricardo Ruben,0.714,0.538,-11.453,0.0594,0.0183,0.0,0.0881,0.965,136.181,0.338954,0.752801,0.952179,0.143234,0.364788,0.558301,0.634186,0.751562
0HiPErvTKTysE3iQy2n5XV,Sirkazhi Govindarajan,Mangalam Arulvaal Amman Murugan,Sivanukku Isainthathu,0.434,0.265,-12.428,0.0699,0.95,0.0,0.485,0.574,137.78,0.757493,0.517938,0.464642,0.802672,0.511432,0.838918,0.732970,0.494566
7BkC2ioCrseNYouUq8pCnJ,Wolfgang Amadeus Mozart;Staatskapelle Dresden;Karl Böhm,Mozart - A Classical Dawn,"La clemenza di Tito, K.621 / Act 1: Marcia (I)",0.638,0.22,-13.991,0.0374,0.964,0.938,0.104,0.452,93.46,0.920039,0.520022,0.426681,0.850913,0.387566,0.855972,0.978903,0.348101
4UJSwhYjFagghe56JphrVD,Ratones Paranoicos,Inyectado de Rocanrol,Rock Del Pedazo,0.608,0.837,-7.845,0.0371,0.00497,0.000503,0.402,0.656,118.806,0.085428,0.842870,0.893170,0.071959,0.885923,0.254386,0.142377,0.791362
3UM15EeyHsRCbbIym5bmIt,Ardhito Pramono,Ardhito Pramono,Di Senayan,0.433,0.276,-11.829,0.0306,0.649,0.73,0.111,0.0702,127.639,0.506874,0.482848,0.288324,0.930861,0.601256,0.472456,0.951701,0.472244
6yyNJbdf5ysREkntoCqPTz,Bad Omens,Finding God Before God Finds Me (Deluxe),Limits,0.312,0.968,-3.316,0.418,0.000305,4.37e-05,0.113,0.3,103.005,0.051074,0.815616,0.720642,0.373260,0.976103,0.158294,0.269767,0.532296
0Ne5BxmfLXFVHCLnImpsrr,Nervz;Navaz,Street College,Chappa Fi True,0.834,0.442,-7.749,0.133,0.563,0.0,0.0714,0.722,113.478,0.766615,0.608002,0.824610,0.550555,0.415387,0.654769,0.699958,0.778820
7MZNoEydVZUL0EbwbzufUO,Malini Awasthi,Siya Sang Jhule Ram Lalna,Siya Sang Jhule Ram Lalna,0.554,0.83,-3.271,0.152,0.379,0.0,0.26,0.879,167.984,0.100321,0.882933,0.880917,0.189661,0.787306,0.261158,0.529652,0.892750
5CR87wvKHb3b5Wkm1s66kk,Gersson Edinbaro,Ummaal Koodaatha,Ummaal Koodaatha,0.583,0.711,-4.995,0.0288,0.247,5.5e-06,0.248,0.46,148.1,0.186127,0.917186,0.652932,0.581196,0.777073,0.434742,0.564400,0.716471
2dykyGTXNyZA3zN6zX2g12,Dream House,Your Best Night's Sleep - Jazz Piano,Snuggle Down,0.2,0.0191,-24.818,0.0446,0.988,0.911,0.126,0.169,72.652,0.976820,0.110937,0.054101,0.986801,0.428319,0.876203,0.977887,0.058143
4dUOiTUovOCy91uztDlUp3,Prateek Kuhad,Favorite Peeps,Favorite Peeps,0.611,0.525,-9.683,0.0354,0.767,0.799,0.112,0.299,113.946,0.768780,0.771611,0.529568,0.737534,0.582157,0.646419,0.934472,0.667305
0XeLKdRkrfKj1061X3DTYc,René LaVice;Jess Young,Bad Luck,Bad Luck,0.607,0.84,-2.14,0.0492,0.00834,0.00109,0.353,0.451,174.038,0.068433,0.927878,0.812843,0.180873,0.911422,0.059536,0.248195,0.892160
63WCEt2C8EUDUvQlCLpHkz,Bii,Be Better,除不盡的傷悲 - 電視劇《我是顧家男》片尾曲,0.424,0.725,-6.29,0.0539,0.136,0.0,0.164,0.339,171.826,0.154866,0.851570,0.656112,0.504524,0.920395,0.165821,0.472325,0.855300
3bFCmv5uojftAq9ZeZFDUZ,Anupam Roy,"Shohage Adore (From ""Belashuru"")","Shohage Adore (From ""Belashuru"")",0.659,0.321,-11.66,0.0287,0.629,0.00108,0.153,0.242,113.952,0.639109,0.622991,0.523441,0.779354,0.698559,0.752906,0.433009,0.642197
70VR5PujCWbTnjQ8LXalUx,Samba De Dom,Segredin,Segredin,0.751,0.683,-6.287,0.0527,0.724,6.13e-06,0.413,0.801,147.951,0.316277,0.899832,0.798720,0.471888,0.521232,0.824797,0.549727,0.873102
0aH8SQxdgigxxGaH0RvIyM,Roberto Jordan,Roberto Jordán,Hazme una Señal,0.683,0.6,-12.877,0.0503,0.699,0.111,0.419,0.921,123.019,0.779677,0.828833,0.890565,0.201661,0.397279,0.824153,0.650558,0.863224
3Nk4gmH1268AT0xWAFUhf3,Randy Newman,Toy Story 4 (Original Motion Picture Soundtrack),"Ducky, Bunny & Tea",0.382,0.0215,-21.105,0.0424,0.967,0.0326,0.1,0.0842,100.844,0.885702,0.202096,0.144155,0.968549,0.437820,0.878303,0.898908,0.335348
2V1RrgegPQB1ymG9JTqIDc,Валерий Агафонов,Я вас любил. Романсы,Всегда и везде за тобою,0.438,0.117,-16.616,0.0524,0.985,0.221,0.106,0.0773,113.905,0.935540,0.496362,0.173447,0.957029,0.552417,0.777535,0.945892,0.188212
18lJtRd5zSqezlKjD5treG,Håkan Hellström,Håkan Boma Ye! (Live),Nu kan du få mig så lätt (Live),0.166,0.369,-16.221,0.0516,0.903,0.0,0.972,0.348,69.835,0.851454,0.306912,0.163158,0.939637,0.430068,0.771429,0.839730,0.387716
5tRwoFD6Fok5kkvnnLdzJB,George Jones,Done Gone,Done Gone,0.634,0.688,-7.409,0.0331,0.905,0.00193,0.072,0.97,104.193,0.829405,0.766547,0.800585,0.225228,0.335745,0.915130,0.614229,0.728778
17x6eyS7sD6uqWfc8yn1EY,Don Omar,Última Misión Reggaeton,Dale Don Dale,0.831,0.818,-7.827,0.0824,0.0245,0.000319,0.0892,0.819,95.022,0.145629,0.913785,0.954535,0.151429,0.856255,0.252284,0.448387,0.890920
6QZp4JizxusKLidg7vTRSn,Die Toten Hosen,Alles aus Liebe: 40 Jahre Die Toten Hosen,"Steh auf, wenn du am Boden bist",0.348,0.656,-4.286,0.0388,0.0739,0.0,0.1,0.258,149.777,0.154099,0.834376,0.652197,0.420593,0.867938,0.177955,0.487232,0.708418
5M2urKCPnhOPNeGCi6Jm9W,Brennan Heart;The Prophet,Midify 019,Wake Up!,0.632,0.668,-4.466,0.0559,0.107,0.137,0.0961,0.0893,150.017,0.112306,0.874989,0.621922,0.579608,0.928844,0.068151,0.749350,0.796893
4gA5cbfSvXAEE6cw2tGYOF,The Rare Occasions,It's You - Fresh Hits,Notion,0.309,0.883,-3.825,0.0808,0.0673,0.00111,0.0849,0.312,159.488,0.052944,0.941880,0.569983,0.297756,0.801030,0.113662,0.332511,0.842111
0bhhXULPNfCsVhZp35HrC3,Daddy Yankee,El perreo es el futuro,Dura,0.783,0.84,-3.416,0.051,0.174,0.0,0.412,0.838,95.002,0.240304,0.934561,0.931436,0.085797,0.568391,0.389434,0.302509,0.779032
1AsX7B48DFJZplJEwmhGpl,Alireza Mashayekhi;Ata Ebtekar;The Iranian Orchestra For New Music,Ornamentalism,Aural Blue,0.187,0.975,-8.223,0.236,0.0431,0.98,0.357,0.136,96.548,0.248249,0.679304,0.618343,0.461728,0.959136,0.128778,0.807122,0.625005
22H1LIQdFYnZp3d9sXxFDL,Ethan Dufault,What If,View,0.551,0.687,-6.551,0.0468,0.00808,0.0,0.379,0.23,160.137,0.159878,0.835381,0.516803,0.442085,0.922322,0.122477,0.246740,0.747758
2UkEYLRP5ZyPBEC9pCW4QD,Prabh Deep,Tabia,Taqat,0.751,0.799,-5.664,0.256,0.242,0.0,0.289,0.623,152.987,0.108470,0.893430,0.897191,0.253948,0.779036,0.167071,0.172162,0.931571
5gnuOwxhhGPrQeqs5DBE4n,Krewella;Riaz Qadri;Ghulam Ali Qadri,Coke Studio Season 11 (Sound of The Nation),Runaway,0.653,0.593,-6.498,0.0323,0.0436,0.0,0.309,0.336,106.92,0.428815,0.918200,0.524587,0.732727,0.952658,0.105431,0.547102,0.849535
5Xsh6OAQNRJrjYWdaWUuEN,Zayde Wølf,Modern Alchemy,Rule the World,0.55,0.883,-5.964,0.0937,0.00715,0.0,0.0924,0.417,150.004,0.083656,0.927463,0.676764,0.568416,0.901606,0.124001,0.296715,0.859686
6wXFPlgXTT3k757WSzS6CE,Adelitas Way,Shine On,What It Takes,0.517,0.88,-4.092,0.0776,0.00135,0.0,0.092,0.612,174.144,0.065704,0.882926,0.921061,0.303584,0.871044,0.095556,0.270765,0.892053
3N1McBmL4FxqiHSfKAB413,Future Royalty,The Best,The Best,0.578,0.861,-6.043,0.0995,0.0328,0.019,0.103,0.575,142.032,0.058925,0.923652,0.926011,0.200091,0.844742,0.054225,0.538963,0.758315
4KnnqhdNTtDruXonB0OY9d,Dilsinho;Sorriso Maroto,Juntos (Ao Vivo),Sortudo / Legenda - Ao Vivo,0.318,0.737,-6.093,0.0563,0.516,0.0,0.924,0.653,159.67,0.264041,0.843231,0.841050,0.425711,0.727254,0.665529,0.246258,0.865414
6hNCDSgYDBai0E2AUSaz9f,Dead To Fall,Empire of Pines,Empire of Pines,0.441,0.967,-5.926,0.152,2.63e-05,0.000374,0.139,0.0628,105.02,0.061970,0.869196,0.590200,0.548459,0.978597,0.062308,0.196978,0.775381
5HOlPj1GPGrp8sbad1BPDU,Topic;A7S,Weekend Baby,Breaking Me,0.789,0.72,-5.652,0.217,0.223,0.0,0.129,0.664,122.031,0.128480,0.906463,0.962835,0.459447,0.617308,0.348374,0.545641,0.922297
0N3S2ZjYNqe5r8CBJdZzh3,Grupo Presença;Gaab;MC Hariel,Pagode do Presença | Made In Funk (Ao Vivo),Tem Café - Ao Vivo,0.629,0.842,-6.774,0.169,0.559,0.0,0.203,0.815,169.934,0.236226,0.924637,0.914171,0.504837,0.657955,0.475864,0.405935,0.883639
70YPzqSEwJvAIQ6nMs1cjY,ILLENIUM;X Ambassadors,ASCEND,In Your Arms (with X Ambassadors),0.404,0.806,-4.75,0.0496,0.198,0.0,0.114,0.112,148.036,0.117624,0.751081,0.339042,0.758851,0.940128,0.065934,0.421554,0.764506
7dE07ULna9h2PituTjrinM,Cannon's Jug Stompers,The Best Of Cannon's Jug Stompers,Going To Germany,0.49,0.198,-13.405,0.0341,0.973,0.0212,0.125,0.636,106.71,0.953709,0.555185,0.497919,0.803556,0.263399,0.918321,0.819575,0.541778
3vUTz0lUcDLNUODDL58EPv,Anderson Freire,Transformação,Transformação,0.423,0.565,-8.976,0.0368,0.244,2.79e-06,0.15,0.174,139.946,0.340323,0.855647,0.528679,0.736006,0.916248,0.302302,0.396868,0.517284
7rTwRaALIQYmNcDitHeqlC,Rashid Beibutov,Azerbyjan,Gozleyam Sen Sen,0.341,0.295,-11.256,0.034,0.938,0.00159,0.12,0.2,92.105,0.760923,0.517038,0.083518,0.931706,0.585823,0.905310,0.661788,0.324429
3WBRfkOozHEsG0hbrBzwlm,Porter Robinson;League of Legends,Everything Goes On,Everything Goes On,0.55,0.648,-6.542,0.0309,0.0191,0.0,0.0999,0.323,156.957,0.156295,0.708134,0.767257,0.441521,0.858870,0.161287,0.236794,0.710313
5HTU6n1Jg4xC5NUYVDVQWm,Steve Martin;Edie Brickell,So Familiar,My Baby,0.737,0.269,-12.654,0.0309,0.91,7.69e-06,0.105,0.333,119.988,0.834401,0.477460,0.374133,0.863484,0.583937,0.828734,0.700808,0.489375
4SlCYFaUQ8GRuwdpgniaGF,KSHMR;Lost Stories;Kavita Seth,Bombay Dreams (feat. Kavita Seth),Bombay Dreams (feat. Kavita Seth),0.629,0.821,-4.743,0.0466,0.0194,0.0176,0.0815,0.458,103.998,0.254898,0.825389,0.908849,0.335883,0.933430,0.122464,0.168425,0.840430
3pqHI3UsF0Xqacg4Y6ItcS,Sir Charles Jones;Wendell B,I'm Going Down Slow,I'm Going Down Slow,0.363,0.544,-6.815,0.0955,0.278,1.53e-06,0.167,0.391,170.408,0.256052,0.816392,0.620537,0.393822,0.848057,0.211237,0.459143,0.576639
7gH3Oc5AaQs54XtEoLovox,Flower Face,The Shark in Your Water,Pisces Moon,0.525,0.411,-8.829,0.0261,0.671,0.000338,0.0989,0.197,138.112,0.786885,0.804650,0.306708,0.851781,0.825376,0.674530,0.605843,0.779795
573mudwDhftRSSbvLHC8xS,Kim Walker-Smith,Still Believe (Live),Spirit Break Out - Live,0.185,0.717,-5.735,0.0455,0.0496,0.0,0.546,0.1,73.6,0.303313,0.579974,0.338153,0.608851,0.928447,0.190305,0.201552,0.633189
6GZtfAjLec9oWty0Js8ksO,Costa Mee,Around This World,Around This World,0.742,0.688,-5.123,0.0389,0.0132,0.636,0.0668,0.479,112.013,0.231618,0.745732,0.769246,0.287077,0.882318,0.176890,0.866180,0.863123
6ZkeNE5zlcl13PbnzXdw38,Charlie Brown Jr.,Acústico (Ao Vivo),Tudo Pro Alto - Ao Vivo,0.474,0.983,-5.498,0.0598,0.0182,0.000128,0.691,0.725,92.68,0.217409,0.853126,0.962990,0.200208,0.742022,0.210381,0.102528,0.880978
66bi3vknph0doeatlFafCa,Alvaro Soler,Tutti in piscina Canzoni per bambini,La Cintura,0.707,0.843,-4.036,0.0779,0.0268,0.0,0.374,0.766,100.021,0.146054,0.789777,0.968449,0.052453,0.779372,0.109363,0.189257,0.856364
5x4vgABKiGp4Vg7ZyFRxhn,DJ Snake;Rick Ross;Rich Brian,Shang-Chi and The Legend of The Ten Rings: The Album,Run It (feat. Rick Ross & Rich Brian),0.688,0.725,-7.806,0.044,0.0195,7.63e-06,0.0726,0.225,104.006,0.242007,0.772448,0.814290,0.526717,0.965619,0.161739,0.265906,0.731698
2e1WR9PYEAyuu9k5hNHHI1,The Avener;Kadebostany,The Wanderings Of The Avener,Castle In The Snow,0.664,0.807,-4.855,0.0463,0.0173,2.98e-05,0.0893,0.641,98.017,0.138360,0.805375,0.960365,0.129886,0.706753,0.212683,0.322779,0.720162
2QczXDHtchuZSBVg8fliPn,Feid;Dalex,Halloween 2022 Perreo Vol. 3,Ron - Remix,0.764,0.685,-5.548,0.0599,0.27,0.0,0.318,0.925,82.027,0.322799,0.695225,0.924511,0.068903,0.720939,0.716702,0.552886,0.690394
007t1Fel5tcxHOEfSYWuGM,MFÖ,Ve MFÖ,Bu Aşk Olur Mu,0.693,0.613,-6.304,0.114,0.142,0.0,0.295,0.764,71.967,0.613263,0.730552,0.845694,0.183308,0.638606,0.468478,0.397520,0.587058
6a1e2CD4FjOhk6bDnzlg15,ILLENIUM;Dabin;Lights;Timmy Trumpet,Hearts on Fire (The Remixes),Hearts on Fire - Timmy Trumpet Remix,0.606,0.782,-5.126,0.0558,0.0226,0.0,0.24,0.356,129.963,0.102106,0.909027,0.638497,0.349631,0.832533,0.227042,0.468330,0.855467
16o2AmA4xxtE3vMGl3zi0W,JJ Lin,學不會,Love U U,0.399,0.347,-7.872,0.0299,0.87,0.0,0.106,0.257,129.06,0.758599,0.559449,0.156201,0.900327,0.809053,0.701808,0.844882,0.489155
4gyo8vLgo6MPiqqEiM4Tv6,Glee Cast,Don't Rain on My Parade (Glee Cast Version),Don't Rain on My Parade (Glee Cast Version),0.544,0.797,-5.187,0.162,0.199,0.0,0.0986,0.384,77.565,0.373050,0.805843,0.793076,0.247379,0.939181,0.234289,0.535232,0.608826
0DUqCUEXsRGeaV3CdzFJYc,Oscar D'León;Los Blanco,Oscar D'Leon y Los Blanco,Caminito de Guarenas,0.851,0.767,-5.603,0.106,0.753,8.96e-06,0.0486,0.976,105.992,0.436780,0.829355,0.905876,0.285137,0.563497,0.566687,0.532963,0.909706
5aLmNHoANEqTeW05QIzaZp,Enigma,Seven Lives Many Faces,La Puerta Del Cielo,0.521,0.643,-8.212,0.0364,0.0393,0.00166,0.605,0.308,94.326,0.144812,0.619779,0.565879,0.590254,0.929168,0.289525,0.378219,0.716741
49mfCQenacNj4IXhaRAjQX,Andreas Vollenweider;Walter Keiser,Eolian Minstrel,The Secret Shrine of Icarus,0.284,0.364,-15.026,0.0315,0.607,0.541,0.24,0.0703,102.307,0.615615,0.278323,0.100034,0.912162,0.882138,0.712222,0.743651,0.370008
1nAqLID4ZQTgDx4mkL4Ikt,Jamie Cullum,A Merry Modern Christmas,All I Want For Christmas Is You,0.659,0.274,-11.686,0.186,0.694,0.0,0.148,0.479,127.862,0.764252,0.483526,0.511962,0.795056,0.710222,0.850168,0.723465,0.744176
39PmNHf8HzUmhxrql2J6Rf,ZOH,Trippystan,Trippystan,0.778,0.53,-7.915,0.13,0.0456,0.916,0.155,0.362,86.49,0.354184,0.794607,0.752936,0.394839,0.783244,0.189104,0.936124,0.809198
7mULdwxJbL0Pl7yvrACd2X,Etta James,Christmas time but not Christmas songs 2022,At Last,0.169,0.347,-8.785,0.0309,0.692,0.000432,0.337,0.256,176.118,0.465144,0.659460,0.059834,0.896468,0.835569,0.555926,0.535824,0.471010
6MNY72T605kPIOH3hnioxu,Aimer,Penny Rain,Ref:rain,0.472,0.672,-4.297,0.0287,0.0343,0.0,0.0936,0.313,77.982,0.107634,0.573333,0.686570,0.251449,0.886611,0.171082,0.482141,0.550640
3H6CP6Exv9wVlL0jyseC6f,Gyllene Tider,Puls,Vän till en vän,0.639,0.935,-6.933,0.0333,0.0234,1.36e-05,0.172,0.641,96.969,0.081292,0.811589,0.877046,0.277142,0.759748,0.248688,0.320711,0.772730
0rbbxIeycN5WGoYWryIlWx,Dillon Francis;DJ Snake,Get Low,Get Low,0.674,0.936,-4.477,0.0832,0.0302,0.661,0.556,0.75,101.035,0.076459,0.920085,0.929013,0.198128,0.880800,0.309499,0.670758,0.839364
0hDH0L4aEPK6UV8mbrFwQ0,Donna Summer,(70's) Seventies Collected Volume 2,MacArthur Park - Single Version,0.491,0.921,-4.085,0.129,0.124,0.000108,0.0595,0.222,131.025,0.138447,0.846116,0.577044,0.640771,0.919964,0.098174,0.433537,0.905215
12Q7MehxbfNJj0dY9y7Hko,Hubert Wu,妳幸福嗎?,妳幸福嗎?,0.56,0.382,-10.478,0.0439,0.655,0.0,0.11,0.276,126.922,0.591058,0.399829,0.484099,0.889758,0.758665,0.598610,0.555357,0.514736
0gKNqldG2cL6UZGCre4rAj,Phil Lam,Songs of Love,難得一遇,0.418,0.345,-9.795,0.0354,0.767,0.0,0.176,0.215,172.006,0.627674,0.505543,0.138106,0.870515,0.821176,0.524466,0.623001,0.366687
5fdr0qZcygx9NFbIhFDcaH,Stand Here Alone,Melodichildish,Anak Jaman,0.579,0.945,-2.494,0.0385,0.00421,8.75e-06,0.102,0.667,116.033,0.033283,0.888431,0.911441,0.132802,0.902255,0.205208,0.401579,0.849775
3T9K3rHpNZrcXAnlMBIakW,EZI,in between everything,Take My Breath Away,0.718,0.616,-6.598,0.0901,0.0741,0.00287,0.367,0.354,102.981,0.230884,0.896456,0.856875,0.405396,0.881142,0.261711,0.376296,0.702235
6p7iAQ2E42HuDyOJBI0q1J,The Prophet;Wildstylez,Scantraxx Silver 001,Alive!,0.623,0.891,-6.69,0.0492,0.00788,0.915,0.224,0.128,150.005,0.051140,0.914822,0.509195,0.517077,0.933836,0.042072,0.833480,0.934308
0l1JCo6HrRemmzvFfqudtv,Pritam;Shaan,Desi Boyz,Let It Be,0.665,0.7,-6.781,0.0663,0.126,4.52e-06,0.116,0.861,172.0,0.090299,0.933856,0.946286,0.065337,0.663103,0.263045,0.366542,0.886239
2n33B7iUh4oRF37trcSq3M,Dither;Da Mouth of Madness,Defqon.1 2022,Veilinghallen,0.592,0.964,0.643,0.182,0.00894,0.00457,0.169,0.343,179.969,0.050791,0.921762,0.827676,0.277739,0.944863,0.047501,0.437913,0.852824
3103RdrosXEfnxWqKIRoQh,Perfume,"Perfume The Best ""P Cubed""",Party Maker,0.604,0.994,-1.515,0.0569,0.0533,0.814,0.0897,0.233,130.011,0.052179,0.941071,0.640285,0.243153,0.926294,0.123524,0.796924,0.841770
4hlzUfLHRCr9HKXCBpCPZf,Rend Collective;Hillsong Young & Free,Good News (Deluxe Edition),Marching On,0.488,0.875,-4.645,0.101,0.00585,0.0,0.0793,0.486,119.995,0.095242,0.834728,0.554753,0.343691,0.962683,0.225168,0.364910,0.743525
6oly99hlunwnWWWXB3HwNv,Gonzaguinha,Meus Momentos,Eu Apenas Queria Que Você Soubesse,0.559,0.505,-9.446,0.0335,0.737,0.0,0.0878,0.776,139.12,0.706966,0.769067,0.750146,0.524582,0.450688,0.741773,0.445029,0.708359
2XqqXmfYKFC8z4tj4BXx2q,Trampled by Turtles,Wild Animals,Silver Light,0.448,0.477,-5.681,0.0316,0.185,0.0187,0.133,0.28,122.997,0.599496,0.737610,0.321781,0.558548,0.741413,0.174175,0.490816,0.754933
4ISfM2xZuOc9YEtiCqty7Y,Ozuna,OzuTochi,La Copa,0.918,0.788,-4.581,0.036,0.117,0.000198,0.0996,0.956,126.016,0.127087,0.916020,0.969575,0.035059,0.779548,0.310775,0.460630,0.852604
1I2I4x0SJcK6ccc6qvw76s,My Chemical Romance,Rock - Best of 2022,The Foundations of Decay,0.363,0.67,-6.652,0.0552,0.000582,0.548,0.317,0.198,150.15,0.086728,0.790377,0.365636,0.768344,0.899850,0.082547,0.598298,0.893735
3Pzh926pXggbMe2ZpXyMV7,Cage The Elephant,Cage The Elephant (Expanded Edition),Ain't No Rest for the Wicked,0.636,0.849,-7.075,0.106,0.0438,0.0,0.372,0.917,156.036,0.061243,0.889436,0.914458,0.055888,0.692936,0.202470,0.243617,0.913472
0pUgeEX331seXqWvlXuy8v,Justin Lo,側田演唱會熱身精選,美麗之最,0.629,0.414,-13.757,0.0499,0.587,0.0,0.111,0.41,131.969,0.469988,0.481264,0.533278,0.727353,0.712900,0.532950,0.693720,0.552583
21pfC9RXOdcwxeaxkHPoAL,South Austin Jug Band,South Austin Jug Band,The Ballad of Eddie Mullet,0.575,0.485,-9.172,0.036,0.704,0.0,0.074,0.758,162.134,0.556699,0.893038,0.842748,0.482586,0.477302,0.572256,0.582538,0.693115
7GjQssVu8uKn4WGTIgTOIA,Tiësto;Charli XCX,Hot Mix Pop,Hot in It,0.748,0.841,-5.08,0.177,0.00445,1.33e-06,0.0413,0.717,123.045,0.088630,0.949932,0.933738,0.131588,0.933829,0.344007,0.385413,0.758992
0UEUqZ6WRdwJ6GtxOIJRSP,Amilcar Boscan,Todo Es Relativo,Palabras De Un Adiós,0.768,0.719,-5.702,0.0617,0.583,0.0,0.0835,0.786,82.033,0.442227,0.773898,0.866890,0.200432,0.515880,0.457752,0.657664,0.878968
6njG9CbhFC2FrCEVroE0ma,Alter Bridge,Fortress,Cry of Achilles,0.311,0.983,-4.042,0.177,0.000139,0.000252,0.483,0.213,139.921,0.104637,0.839540,0.416821,0.532304,0.976459,0.092303,0.336089,0.863711
49mdBU2g01KDLPhsbadqgo,"Sarah, the Illstrumentalist",Happy To See You,Everything's Better With You,0.719,0.557,-6.112,0.049,0.0332,0.883,0.106,0.252,94.006,0.312188,0.751920,0.701747,0.598406,0.947220,0.293481,0.921218,0.620320
0pzPfzBwovCvzNkk8OZLw1,Passion;Chris Tomlin,Passion: Even So Come (Live),Even So Come - Live,0.31,0.737,-5.427,0.0317,0.0321,1.25e-06,0.107,0.186,161.982,0.069280,0.867615,0.440938,0.699751,0.929378,0.101367,0.425557,0.700425
2YB6oRXEKmgAcl9ON5capM,Kidz Bop Kids,KIDZ BOP Halloween,Werewolves Of London,0.632,0.875,-4.689,0.0274,0.00492,8.35e-06,0.382,0.908,104.278,0.113147,0.861554,0.968481,0.048595,0.664508,0.266376,0.239363,0.747162
4OpPtBlAU2ayk7rS0SyxlM,Borgore;Sikdope,Unicorn Zombie Apocalypse,Unicorn Zombie Apocalypse,0.676,0.885,-2.946,0.0658,0.00425,0.861,0.0519,0.185,128.04,0.071807,0.969969,0.574264,0.559322,0.960683,0.089355,0.854570,0.929196
6qnULXVFGfFqPj0Hpj0tIG,Le Youth,Underwater / Other Voices,Underwater,0.672,0.679,-6.068,0.0294,0.00745,0.0811,0.0532,0.321,123.019,0.201230,0.685587,0.702424,0.568056,0.861791,0.330909,0.730723,0.725880
6R1Im770Tq8UzZ2uKT01fh,The Knocks;Rivers Cuomo;Royal & the Serpent,Alternative Rock Mixtape,Sound the Alarm,0.688,0.788,-3.064,0.0436,0.0164,0.000306,0.541,0.774,101.006,0.075356,0.702502,0.975156,0.120928,0.802931,0.287283,0.183660,0.818586
6eBrCPJAAUrOk1RgJEqdcP,Cheer Chen,吉他手,小步舞曲,0.592,0.429,-10.355,0.0322,0.837,8.84e-05,0.133,0.426,149.845,0.664066,0.728563,0.506320,0.877862,0.572075,0.631427,0.858497,0.532153
5pYah9TjBW9s1xjYgG9XRT,Alphaxone;XERXES THE DARK,Aftermath,Iridescence Shimmer,0.156,0.237,-23.704,0.0456,0.536,0.852,0.0839,0.0494,108.621,0.822971,0.312080,0.078285,0.930395,0.802464,0.703856,0.945319,0.191499
7qXqt0NEitDLilLTHzz5Zl,Chris Hardwick,Funcomfortable (Deluxe Edition),Dick Poems,0.664,0.889,-5.835,0.924,0.792,0.0,0.461,0.399,49.742,0.583667,0.484527,0.504641,0.501742,0.937095,0.680653,0.177442,0.836448
7y2LdSannuZhlHK3eTOyly,Kailash Kher;Meet Bros Anjjan,Best Of Kailash Kher,"Mere Nishaan (From ""Oh My God"")",0.586,0.524,-8.576,0.0436,0.74,2.98e-06,0.136,0.529,98.077,0.448933,0.542120,0.492197,0.750226,0.614904,0.792623,0.742086,0.634845
4FqwB59uy3uBxjCnzrTcxk,Inner City,Virgin Records: 40 Years Of Disruptions,Good Life,0.727,0.859,-9.545,0.0532,0.147,0.0218,0.0361,0.94,121.3,0.103481,0.899410,0.945947,0.039734,0.735705,0.467682,0.570709,0.620521
56YLNejnyHdf3yiJg8fDUp,Vald,NQNT33,Rhumance,0.52,0.775,-6.284,0.392,0.105,1.57e-05,0.084,0.651,82.89,0.250057,0.829809,0.881376,0.116311,0.803931,0.249038,0.226992,0.787606
7qFAGfNIavKjZT4PhzHo7i,Blackstreet,Blackstreet,Wanna Make Love,0.75,0.562,-7.692,0.0563,0.191,0.0,0.796,0.382,135.521,0.225236,0.886250,0.552799,0.534491,0.787879,0.281572,0.244159,0.829116
3Sgw46k6J4c00Y9XY0xzk1,Yellow Claw;Weird Genius;Novia Bachmid,Lonely,Lonely,0.644,0.671,-7.884,0.0341,0.0149,0.00036,0.102,0.463,149.944,0.119439,0.940281,0.841784,0.274301,0.837462,0.096566,0.414011,0.589093
7xOCvDwHnRvSdLtPKbROSf,Barão Vermelho,iCollection - Barão Vermelho,Amor meu grande amor,0.633,0.57,-5.668,0.0269,0.219,1.39e-05,0.118,0.469,101.889,0.438292,0.626743,0.778701,0.303005,0.801571,0.292287,0.624841,0.687522
3ytTm0iia20PeReYx4ynQV,VNV Nation,"Of Faith, Power and Glory",Defiant,0.535,0.911,-6.568,0.0364,9.48e-05,0.0151,0.428,0.794,142.025,0.117613,0.874882,0.925096,0.081002,0.639376,0.292984,0.141765,0.806614
08GOw3NsrJ0LsCCeyqzt3b,ABBA,The Album,Thank You For The Music,0.283,0.417,-9.124,0.0404,0.835,0.0,0.102,0.373,201.145,0.684313,0.828814,0.356503,0.882340,0.700999,0.609481,0.916702,0.545779
3Zm6QMBYCwNZFUOmVBoVhA,Bethel Music;Jenn Johnson;Mitch Wong,Simple,The Blood,0.478,0.333,-11.441,0.0328,0.316,0.0,0.0646,0.204,74.935,0.573339,0.258447,0.387481,0.836367,0.677424,0.436408,0.692365,0.314014
63UlcXS3kWJXph9FL5zeWA,Evgeny Grinko,Orange Marmalade,See You Tomorrow,0.639,0.028,-29.729,0.039,0.971,0.397,0.116,0.4,130.02,0.940771,0.132487,0.456166,0.920925,0.269506,0.938173,0.937492,0.476599
4WJQ3CFiJf1GwRCmzcMwP8,Project46,Tr3s,Pânico,0.375,0.987,-3.49,0.141,3.3e-05,0.0294,0.764,0.292,136.559,0.027843,0.899670,0.511208,0.533859,0.951459,0.071492,0.130655,0.869305
2woOC3CRkSj2Mac0mazL7b,Eason Chan,"陳奕迅2011 ""?"" 國語專輯",孤獨患者(國),0.348,0.497,-6.496,0.0328,0.783,0.0,0.0643,0.207,136.309,0.781090,0.658493,0.213794,0.940488,0.650069,0.499497,0.657768,0.634185
3SYk0BQzYeuoOOwoSStypY,Windir,Likferd,Despot,0.318,0.623,-5.794,0.0531,1.21e-06,0.935,0.224,0.192,90.051,0.111078,0.508187,0.542346,0.674736,0.938267,0.167633,0.753707,0.660386
51wZeWdtnIHtnvnAlXlonu,Gritando HC,Gritando HC,Velho Punk,0.3,0.816,-11.512,0.098,0.00121,0.0366,0.171,0.634,196.378,0.042775,0.947052,0.828477,0.221867,0.865116,0.095920,0.389848,0.882378
4JiEyzf0Md7KEFFGWDDdCr,Guns N' Roses,Use Your Illusion II,Knockin' On Heaven's Door,0.496,0.739,-7.193,0.0415,0.0211,0.00444,0.106,0.378,132.41,0.129768,0.870940,0.788666,0.523791,0.911468,0.086833,0.341593,0.786142
2HXX7sAKE71YbJ5Wysju9e,Armin van Buuren;Blasterjaxx;24h,Superman,Superman,0.403,0.884,-6.25,0.126,0.0115,6.92e-05,0.805,0.436,103.501,0.185245,0.886267,0.637770,0.322116,0.875401,0.106068,0.151042,0.858276
5JlT1SsR4KxzoFEKV99V0Y,Tony Allen;T$unami811,There Is No End,Très magnifique,0.725,0.875,-7.267,0.276,0.0513,0.227,0.0923,0.725,155.057,0.070027,0.924882,0.845723,0.105450,0.852177,0.217428,0.569180,0.857694
6VD1AgKVmpXSExxnCm8PJp,Ekin Cheng,Friends For Life,感激我遇見 - 劇場版,0.546,0.522,-7.338,0.031,0.662,0.0,0.193,0.458,73.068,0.451951,0.753961,0.391481,0.486124,0.645408,0.482588,0.716412,0.515101
5C1AnMWO7cmmLAxOODICmv,Jax,Am I Ready - Pop Night Out,Victoria’s Secret,0.586,0.556,-7.639,0.0592,0.00655,0.0,0.0836,0.517,167.018,0.107674,0.791019,0.725631,0.349714,0.769958,0.222425,0.310104,0.671498
6HWK9l1BdFncFf9tC8jlrr,Massive Attack;Paul Oakenfold;Steve Osborne,Singles Collection,Unfinished Sympathy - Paul Oakenfold Mix,0.64,0.669,-11.785,0.0356,0.000788,0.461,0.135,0.578,113.672,0.136428,0.717223,0.896595,0.372952,0.868661,0.196743,0.778408,0.760116
7z1uUb32IxZvJ97Fk86igf,Wisin & Yandel,Última Misión Reggaeton,Pam Pam,0.874,0.69,-6.373,0.114,0.121,0.0,0.249,0.735,95.025,0.253743,0.852575,0.834481,0.126002,0.671171,0.202691,0.331800,0.788327
2VhDQRvapFA5av8jhv2c9v,Vybz Kartel,Rio Riddim,Warn Him - Raw,0.767,0.689,-8.757,0.283,0.778,0.0,0.114,0.576,89.969,0.743902,0.734309,0.827939,0.375796,0.673505,0.653201,0.428968,0.551930
3zU9rdflI65tK4dkkNSp77,Alesso;Tove Lo,Forever,Heroes (we could be),0.503,0.748,-4.124,0.0619,0.0305,0.0,0.343,0.356,125.896,0.132867,0.842424,0.828344,0.339447,0.853466,0.178774,0.454017,0.686087
2wbF4sb7IpBMQ7T6Lem10j,=LOVE,Want you!Want you!,アイカツハッピーエンド,0.5,0.92,-2.794,0.0862,0.14,0.0,0.287,0.538,167.171,0.029052,0.959660,0.691993,0.260082,0.814043,0.243617,0.508102,0.829786
5dOtg9LgnUYyUsIpV1AAlQ,Creep Hyp,吹き零れる程のI、哀、愛,傷つける,0.641,0.382,-7.272,0.0286,0.794,0.00508,0.0865,0.216,128.078,0.645183,0.642734,0.311822,0.934844,0.748404,0.628432,0.652987,0.527275
2N6qMBL0E2G55pKKmkCDce,Hairitage,High Life,High Life,0.606,0.989,-0.929,0.0566,0.00569,0.124,0.276,0.408,129.99,0.063431,0.937338,0.844340,0.221145,0.884438,0.087396,0.300536,0.914573
5jawyqbfmVufFM2YDS2jdu,Hillsong Worship;Reuben Morgan,These Same Skies (Live),Hope Of The Ages - Live,0.229,0.503,-8.769,0.03,0.0051,0.0,0.105,0.148,99.938,0.326042,0.416939,0.432136,0.797016,0.864604,0.170306,0.350539,0.378620
4exwQkW1DqtMv3fkCr1jys,Webb Pierce,Golden Hits - Volume I (Vol. 1),More and More,0.531,0.425,-12.091,0.0315,0.636,1.59e-05,0.0814,0.679,113.265,0.412832,0.377459,0.620714,0.587149,0.338257,0.706888,0.757425,0.658011
5ftRQshb4G0ph1a2CTD37S,Elephant Revival,Elephant Revival,Jet Lag Blues,0.67,0.472,-12.537,0.0318,0.72,0.0116,0.119,0.691,95.111,0.402624,0.676148,0.577116,0.402424,0.408656,0.816769,0.739366,0.539753
2AGiLgDmRI00VnFczdoc1b,Stylo G;The FaNaTiX;Nicki Minaj;Vybz Kartel;Banx & Ranx,Touch Down (Banx & Ranx Remix),Touch Down - Banx & Ranx Remix,0.738,0.864,-4.774,0.223,0.0609,0.000156,0.265,0.632,105.978,0.142090,0.950907,0.931964,0.140911,0.725111,0.206476,0.323858,0.762090
377MNWEzFAxc5NJSgWruvK,D-Block & S-te-Fan,Jingle Bang 2013,Built This City - Radio Edit,0.463,0.901,-1.915,0.0353,0.0506,1.14e-05,0.18,0.532,150.146,0.071204,0.904379,0.747631,0.322748,0.914344,0.059932,0.230646,0.864332
3Mq1SOKwAPYgE0ZtPzvWZZ,Plamina,Someone You Loved (Acoustic),Someone You Loved - Acoustic,0.647,0.298,-7.91,0.0311,0.861,0.0,0.12,0.31,106.244,0.878666,0.626591,0.245413,0.908076,0.570489,0.544890,0.660322,0.619240
4KPWs0tm7JgdIak35XZLoL,Kid Cudi;MGMT;Ratatat;Steve Aoki,Fiesta portatil,Pursuit Of Happiness - Extended Steve Aoki Remix,0.721,0.687,-5.189,0.0554,0.00957,0.0041,0.0462,0.619,128.013,0.117983,0.955194,0.947076,0.247420,0.849043,0.322519,0.683123,0.805519
7FfStyaGNfETNagPmV2cI0,Surinder Kaur,"Virasat -E- Punjab,Vol. 1",Chan Kithe Guzari Ayeerat,0.575,0.574,-8.741,0.357,0.5,0.0,0.44,0.719,141.859,0.557018,0.755901,0.839579,0.562510,0.461431,0.555102,0.249265,0.666725
4ncnPmRv1Z5mc1pgQK0CHP,The Jackson 5,Classic Christmas Music 2022,Santa Claus Is Coming To Town,0.691,0.776,-4.177,0.0341,0.458,1.68e-05,0.33,0.961,146.861,0.175492,0.945157,0.950330,0.124032,0.548597,0.630664,0.401110,0.818773
2lrDBWfoEu6ETysJba9ppS,Faith Evans;The Notorious B.I.G.,R'n'B Studying,Legacy,0.582,0.555,-7.1,0.0972,0.625,0.0,0.44,0.468,101.879,0.604840,0.728415,0.522557,0.368829,0.530106,0.557351,0.361921,0.637349
4TYlznN81QeSTTwR6NVao9,Witness the Existence,The Dream,The Dream,0.368,0.955,-3.181,0.0854,4.05e-05,0.085,0.323,0.19,149.973,0.037021,0.955902,0.658112,0.742625,0.928610,0.073629,0.378069,0.854756
4BggEwLhGfrbrl7JBhC8EC,Crazy Town,The Gift Of Game,Butterfly,0.736,0.811,-4.17,0.081,0.00132,0.000142,0.107,0.609,103.502,0.075773,0.874635,0.867537,0.159681,0.899118,0.272865,0.377330,0.892821
1hQcElFh9jzZnyLPfoMI9G,Mohan Kannan;Neha Bhasin,Neerja,Aankhein Milayenge Darr Se,0.725,0.703,-4.948,0.0741,0.433,0.0,0.0632,0.561,82.051,0.441808,0.735510,0.733655,0.397940,0.689256,0.501832,0.453431,0.844491
3Hn3LfhrQOaKihdCibJsTs,Jason Mraz,Human - Best Adult Pop Tunes,Unlonely,0.796,0.667,-4.831,0.0392,0.381,0.0,0.221,0.754,97.988,0.282062,0.656455,0.928977,0.152893,0.656463,0.641840,0.530447,0.730247
4ayJ25yScEzInOA1k3KgdY,Sambô,Sambô (Ao Vivo),Palpite - Ao Vivo,0.472,0.775,-5.903,0.0479,0.186,0.0,0.473,0.537,95.002,0.184040,0.616813,0.710400,0.376849,0.698991,0.259417,0.315758,0.814806
0ybDYDwTq51aP5pSTtbep1,The Temptations,JULMYS,Silent Night,0.277,0.344,-11.713,0.0264,0.215,8.6e-06,0.185,0.241,89.643,0.394517,0.508433,0.246769,0.865725,0.821370,0.516297,0.605868,0.470305
3sAatKUX1OkCIAkopdMRTU,Christian Löffler;Mohna,Haul,Haul - Radio Edit,0.615,0.417,-15.441,0.0373,0.287,0.862,0.215,0.117,117.982,0.578345,0.779823,0.452519,0.765040,0.821821,0.272483,0.911164,0.670476
00tVVn9y5Ar2mmfiN0Bjmq,Frankie Valli & The Four Seasons,Jazzy Christmas Vibes,The Little Drummer Boy,0.613,0.278,-13.709,0.0288,0.633,0.0,0.0848,0.55,74.311,0.846169,0.641752,0.623324,0.592792,0.493785,0.771324,0.890919,0.520781
0zhUSS6VWdliYfZ9pydUCc,Jxve,The Dark Side Files,Bandaids,0.53,0.743,-5.615,0.175,0.081,1.17e-06,0.0779,0.141,110.415,0.168319,0.816375,0.722326,0.356917,0.951344,0.100198,0.308118,0.870149
4oVZmkPSvg50HeI13Uv1i3,Louis Armstrong,World's Best Christmas Playlist,Winter Wonderland - Single Version,0.431,0.215,-11.471,0.0523,0.777,0.0,0.179,0.401,77.108,0.923944,0.245624,0.291024,0.892274,0.539931,0.743842,0.613932,0.407428
0PDUDa38GO8lMxLCRc4lL1,ZAYN,Mind Of Mine (Deluxe Edition),PILLOWTALK,0.584,0.7,-4.275,0.0456,0.117,0.0,0.0939,0.438,124.944,0.251051,0.889441,0.535370,0.503192,0.905211,0.231416,0.600605,0.623549
1tMDudccEXni3tEQrBf6FL,Diana Ross,80s Bangers Vol. 2,Upside Down,0.883,0.923,-6.102,0.0757,0.145,0.0396,0.0407,0.896,108.189,0.109449,0.929802,0.957737,0.057948,0.849070,0.319562,0.404799,0.899473
5QHRON3xuXFOWlXeZU4oVF,Zedd;Alessia Cara,Weekend Baby,Stay,0.689,0.623,-5.025,0.0621,0.254,0.0,0.113,0.546,101.998,0.207538,0.886375,0.826556,0.433501,0.753333,0.676819,0.477033,0.769881
77Sbw4UK1eQvkzDWoge03I,Mungo's Hi Fi;Soom T,Serious Time,Thinking of an Island,0.766,0.58,-9.251,0.259,0.0179,6.76e-05,0.0655,0.64,180.035,0.094138,0.913947,0.890205,0.147288,0.699120,0.272828,0.168295,0.737981
6WyNYIchqhRaBQz5ZTxmm1,Mipso,Old Time Reverie,Captain's Daughter,0.634,0.29,-11.163,0.0318,0.878,0.0017,0.138,0.688,109.972,0.803674,0.359818,0.579803,0.452703,0.185974,0.836351,0.821172,0.695895
0LFjK2gvwECVObNMSBpYzX,Filippa Giordano,Prima Donna (Live),Me He Enamorado de Ti (En vivo),0.347,0.875,-2.605,0.0955,0.705,0.0,0.972,0.266,85.159,0.431462,0.691575,0.549951,0.719326,0.929510,0.625644,0.180012,0.734262
3eAEdJzoA0am4piOYpaeRB,Samba De Dom,Gamei / Nunca Amei Assim,Gamei / Nunca Amei Assim,0.662,0.65,-7.135,0.0325,0.767,6.26e-06,0.768,0.781,159.928,0.427130,0.923430,0.823027,0.594557,0.560389,0.684447,0.458304,0.906900
3IV4swNduIRunHREK80owz,Limp Bizkit,Chocolate Starfish And The Hot Dog Flavored Water,Rollin' (Air Raid Vehicle),0.603,0.933,-3.358,0.171,0.00591,0.0,0.206,0.709,96.306,0.100507,0.950237,0.961312,0.168285,0.855838,0.279562,0.150068,0.780654
3dPQuX8Gs42Y7b454ybpMR,The White Stripes,Elephant,Seven Nation Army,0.743,0.446,-7.807,0.0683,0.0039,0.118,0.337,0.278,123.596,0.222407,0.818426,0.563369,0.671724,0.792507,0.162344,0.390064,0.617734
4OvE09voL1s3y5y4IfiYOg,Kate Baldwin;Norbert Leo Butz;Big Fish Original Broadway Cast,Big Fish (Original Broadway Cast Recording),"Red, White and True (feat. Big Fish Original Broadway Cast)",0.353,0.602,-8.449,0.0958,0.599,0.0,0.123,0.455,181.957,0.467195,0.821531,0.436755,0.765993,0.736587,0.315761,0.736838,0.774739
0ZEigpVOtVunIcimL7dJuh,Katatonia,The Great Cold Distance,My Twin,0.419,0.83,-6.707,0.0313,0.00249,0.00721,0.286,0.386,95.001,0.048397,0.834304,0.811955,0.249797,0.934182,0.132083,0.258158,0.652738
67XAUZv4o1ut9THNit8G3H,Doc Watson,Southbound,Call Of The Road,0.582,0.375,-15.072,0.0288,0.89,0.00499,0.137,0.622,142.08,0.815085,0.635328,0.513841,0.756122,0.294692,0.713511,0.686734,0.510678
00pjRnbDU5A0hmYHFXlsJh,Uada,Djinn,Between Two Worlds,0.127,0.715,-7.886,0.0504,1.43e-05,0.807,0.0809,0.223,95.363,0.302705,0.496521,0.610679,0.551064,0.865957,0.147154,0.894389,0.672968
3joAhd1lWD8ast5zPP5YUS,"Giuseppe Verdi;Riccardo Muti;Samuel Ramey;Orchestra Del Teatro Alla Scala, Milano",Verdi: Requiem,Verdi: Messa da Requiem: IV. Mors stupebit,0.288,0.0456,-29.432,0.0512,0.911,0.000252,0.151,0.0689,95.052,0.963438,0.194963,0.067110,0.987782,0.468480,0.824881,0.793131,0.164005
4EhkMUdkAVAsfsjbWU6PPr,The Bangles,Different Light,Manic Monday,0.685,0.571,-11.623,0.0299,0.335,2.38e-06,0.214,0.869,121.737,0.515904,0.734705,0.954340,0.243169,0.180197,0.515362,0.658261,0.795591
4wZVrrMGdW7J2IPSDRRbRo,Choo Choo Soul,Choo Choo Soul,Animal Sounds - Original Version,0.708,0.728,-6.72,0.205,0.155,2.96e-06,0.0582,0.718,90.301,0.462088,0.883696,0.883463,0.208485,0.760450,0.259626,0.525667,0.813589
5zpp05KjY1h6WDFsujb1yy,Cash Flow,Gayri Meşhur,Mikrofon Biznezz,0.592,0.85,-3.79,0.313,0.0743,0.0,0.241,0.716,79.816,0.175800,0.844182,0.843259,0.279358,0.883991,0.207225,0.439132,0.600652
4GJna3gI2IO4AGWISiSgLk,Rabbit Mac;Sheezay;MC Syze;Psychomantra;Roshan Jamrock;Lady Kash;Nigel Sparks;Switche Stylomannavan;Balan Kashmir;Harvinth Skin;Kidd Santhe;DJ Ruckes;Bone Killa;Lawrence Soosai;Bugz,Vai-Lapalam (All Star Freemix),Vai-Lapalam - All Star Freemix,0.785,0.873,-4.742,0.132,0.0315,0.0,0.361,0.548,98.003,0.102252,0.887056,0.945275,0.144147,0.824227,0.147344,0.267896,0.716618
2ccbaU2kyfRbCIBYSt85Zm,Jason Derulo;Kodak Black,Back to School!,Slidin',0.695,0.884,-1.953,0.172,0.106,0.0,0.134,0.803,100.088,0.077084,0.916590,0.860521,0.081407,0.748424,0.285633,0.431704,0.866554
7KcNh1mK61KnOUWSwsYPWk,Appalachian Road Show,Barry Abernathy & Darrell Webb Present Appalachian Road Show,"Dance, Dance, Dance",0.583,0.781,-5.575,0.036,0.0938,0.00126,0.315,0.849,123.453,0.121387,0.878836,0.960942,0.120300,0.722308,0.253102,0.327564,0.886001
3RRjwk6RIiIHrxkppYoO6n,Pj Panda,Pj Panda's New School,Share With Your Friends,0.844,0.531,-5.252,0.06,0.155,0.0,0.104,0.618,144.954,0.211429,0.785468,0.874695,0.196352,0.757457,0.174273,0.350649,0.719851
65lXKIwtMPW2HCr4CvLPiZ,The Chemical Brothers,Surrender,Under The Influence,0.593,0.936,-8.163,0.0374,0.00283,0.862,0.178,0.0922,134.963,0.060280,0.905417,0.722143,0.396218,0.953966,0.136095,0.701910,0.749440
5BEsYw1foOjENU54YrBKN5,Teoman,Koyu Antoloji,Renkli Rüyalar Oteli,0.562,0.443,-8.975,0.0405,0.244,0.000122,0.225,0.46,99.922,0.472695,0.663576,0.550720,0.437312,0.777216,0.304409,0.501186,0.474693
6kqa34UdMHBvR2VOBLSxE0,Drexciya,Journey of the Deep Sea Dweller III,Unknown Journey IV,0.673,0.871,-8.618,0.0438,0.00049,0.00568,0.348,0.391,140.022,0.065082,0.866431,0.825442,0.333500,0.919743,0.127054,0.389144,0.911161
0T2py5PXPCXu7DmJpKzbNf,Eric Burdon,Remnant From The Ashes The Ultimate Fantasy Playlist,Don't Let Me Be Misunderstood,0.673,0.712,-7.858,0.0273,0.159,0.0,0.183,0.912,113.061,0.123348,0.860651,0.916158,0.111612,0.777599,0.671156,0.745214,0.804674
4A7ugctNkmbjCGCwuo8SlC,Buddy,Ballermann Hits Party 2023,Bis das Licht angeht,0.732,0.842,-12.88,0.141,0.0171,0.00033,0.0876,0.21,139.93,0.103857,0.923183,0.732163,0.405213,0.929294,0.106630,0.388826,0.903285
0sygO45O9Gq8HGJ5ED1UDz,Johnnie Taylor,Wall to Wall,When She Stops Askin',0.428,0.564,-6.179,0.038,0.153,0.0,0.0532,0.452,202.29,0.168509,0.792682,0.527161,0.620811,0.839005,0.199198,0.540373,0.709331
2GPCE96x9Go6acdDt8ex6p,J Balvin;Dua Lipa;Bad Bunny;Tainy,Future Nostalgia (The Moonlight Edition),Un Día (One Day),0.572,0.634,-10.599,0.0617,0.00547,0.0,0.129,0.432,168.136,0.128806,0.906717,0.698775,0.352171,0.876079,0.132598,0.421741,0.789264
1saXUvvFlAQaefZUFVmhCn,Bethel Music;Paul McClure,We Will Not Be Shaken (Live),Jesus We Love You - Live,0.253,0.359,-8.482,0.0317,0.31,6.16e-06,0.359,0.115,115.348,0.699295,0.458048,0.091095,0.941017,0.845097,0.733202,0.589470,0.609039
0Lz32TO8dvwvgYoJ83GCOl,Goblins from Mars;Krista Marina,Vol. 2 (Originals),Cold Blooded Love,0.623,0.85,-5.413,0.0334,0.00832,0.0237,0.289,0.707,134.978,0.159625,0.932636,0.929657,0.192122,0.930370,0.148269,0.438287,0.921238
03FrsymZUDrFC3aBVrvKA1,MEDUZA;James Carter;Elley Duhé;FAST BOY,Ballermann Hits Party 2023,Bad Memories,0.607,0.767,-6.069,0.0474,0.118,0.0,0.122,0.662,123.998,0.159821,0.772349,0.917872,0.266943,0.767706,0.354258,0.604422,0.825808
0DrJPe19LUJm9RqejkeHQC,Mokita,Color Me In,Color Me In,0.599,0.815,-7.399,0.0956,0.0404,3.73e-06,0.131,0.595,140.027,0.149674,0.885276,0.867718,0.205129,0.862066,0.106251,0.315129,0.855235
2UPlUI44smnD96QsWefqRb,Marisa Monte,O Que Você Quer Saber de Verdade,Amar Alguém,0.333,0.259,-11.26,0.0409,0.963,2.13e-05,0.0736,0.183,77.396,0.951406,0.300870,0.103751,0.896115,0.719125,0.910859,0.812477,0.387982
7mTu2ZcNb2Ip79YEzZZnrf,Kid Francescoli,Nopalitos,Nopalitos,0.607,0.583,-8.928,0.0321,0.0774,0.849,0.116,0.166,125.005,0.206704,0.699829,0.727276,0.585318,0.930077,0.204357,0.911474,0.789732
2KMQ4IjWHmiRf32UmJUK9E,Danny Wright,Healer of Hearts,Pachelbel's Canon in D,0.267,0.184,-16.447,0.033,0.822,0.926,0.0919,0.144,74.058,0.942335,0.296032,0.087300,0.971432,0.541907,0.756746,0.985152,0.125216
2Ud1CGW1qtbI72utEWlwzR,Nancy Franck;Cowboy KiTa Bill,Best of Kinderkarneval 2019,Ich kenne einen Cowboy,0.657,0.995,-1.721,0.0376,0.0449,0.00265,0.35,0.977,135.061,0.101468,0.945554,0.971255,0.032517,0.869294,0.247513,0.180410,0.893835
24ot0ptpr1AmuYqUn2OqYR,Chewie Melodies,Tsurumi Fog Island Piano Cover Collection,Through the Mists,0.615,0.0123,-33.484,0.0595,0.989,0.939,0.0913,0.137,140.079,0.912252,0.315163,0.090513,0.955490,0.180814,0.897454,0.961168,0.191089
5olaF84x7e8jKLmLsm4aA4,Billie Eilish,Twisted Halloween Hits,all the good girls go to hell,0.854,0.446,-8.957,0.198,0.313,0.215,0.156,0.57,92.545,0.597870,0.798409,0.651684,0.459514,0.579240,0.513451,0.664278,0.540412
1MKZDMenNYav4AjhMj5us8,Future Funk Squad,Audio Damage,Deep Inside,0.561,0.688,-8.372,0.0304,0.000312,0.684,0.256,0.11,131.998,0.138017,0.640256,0.460326,0.521788,0.906728,0.086608,0.910090,0.841385
6RtnuC14DOUrvpRgS6WMQX,NAALAYAK,Zakir,Zakir,0.613,0.508,-8.489,0.0343,0.275,8.28e-06,0.0809,0.327,144.106,0.366472,0.731319,0.505517,0.424373,0.840824,0.386706,0.494768,0.741358
6TUYIny2p8j3OmVENYFJSm,GIT,Distorsion,Para Pau,0.6,0.309,-14.714,0.035,0.0515,1.38e-05,0.661,0.187,118.927,0.570301,0.655662,0.714994,0.777865,0.828323,0.315071,0.406686,0.650199
69KgPEio6FPa35nwsyKbJ6,Giuseppe Verdi;Mario del Monaco;Orchestra dell'Accademia Nazionale di Santa Cecilia;Alberto Erede,"Grandi Voci – Mario del Monaco canta Verdi, Donizetti e Bellini- Una collana con registrazioni originali Decca e Deutsche Grammophon rimasterizzate con le tecniche più moderne che ne garantiscono eccellenza tecnica e artistica.","Rigoletto / Act 3: ""La donna è mobile""",0.386,0.265,-8.771,0.0363,0.988,7.55e-05,0.102,0.327,93.453,0.946329,0.443615,0.145642,0.937025,0.433871,0.789869,0.854396,0.360326
09u0MdmPQ6gocVCfd0gOCk,Elenco Original Do Filme Ana e Vitória,Ana e Vitória (Trilha Sonora Original Do Filme),Cecília,0.425,0.226,-13.404,0.0417,0.945,0.000385,0.0859,0.219,134.431,0.869097,0.468129,0.267934,0.910152,0.751213,0.722090,0.687443,0.431499
6q1WOIijTtyt7CqfmMhsdz,Pablo Chill-E,S.U.N.O,Majin Boo,0.805,0.667,-7.024,0.0893,0.0737,0.0,0.0661,0.722,140.062,0.108502,0.933080,0.960376,0.094567,0.755641,0.248995,0.354876,0.764223
6lkVbijlh932FSS2I0gDrR,Nightwish,HUMAN. :II: NATURE.,How's the Heart?,0.543,0.643,-8.649,0.0278,0.00448,9.51e-06,0.111,0.272,104.006,0.195507,0.541899,0.705839,0.539077,0.868123,0.177551,0.467064,0.754639
7mjSHL2Eb0kAwiKbvNNyD9,Yusuf / Cat Stevens,Tea For The Tillerman (Remastered 2020),Wild World,0.48,0.542,-8.51,0.0348,0.345,0.000609,0.113,0.567,152.853,0.391307,0.872851,0.443559,0.350065,0.565609,0.358580,0.576537,0.482716
4PQsHmUvAIWfGVtFqJ7EMT,Jon Sarta,Tears in Heaven,Tears in Heaven,0.473,0.137,-15.388,0.0309,0.989,0.903,0.107,0.19,74.578,0.902815,0.211891,0.123206,0.920454,0.682160,0.927788,0.961866,0.215557
3iTgKW7MWI0M0acyEoQXds,KAROL G;Bad Bunny;Quavo,Halloween 2022 Perreo Vol. 4,Ahora Me Llama - Remix,0.668,0.613,-7.05,0.0421,0.0433,4.42e-05,0.139,0.219,135.036,0.142175,0.750607,0.416074,0.373885,0.936922,0.116416,0.679866,0.761224
7CHMY5TN1e8oqDnRwwJR61,Ryan Caraveo,At Least I Tried,Ghost,0.75,0.637,-8.473,0.0673,0.303,0.0042,0.0621,0.33,139.983,0.180471,0.897713,0.732429,0.420219,0.841593,0.416023,0.443493,0.856290
60iHyQYixwVazsifgD9yNq,Sirenia,Nine Destinies and a Downfall,One By One,0.409,0.942,-4.472,0.0848,0.000608,0.0729,0.123,0.141,92.459,0.103237,0.771894,0.312733,0.582621,0.961370,0.091383,0.376155,0.763573
67X2jhG6z2f5qA0jRMwIy0,Alessia Cara,Un tecito y a mimir,Scars To Your Beautiful,0.319,0.739,-5.74,0.272,0.0285,0.0,0.111,0.449,194.169,0.144810,0.946849,0.900820,0.402545,0.899202,0.164513,0.375115,0.550532
2kkvB3RNRzwjFdGhaUA0tz,Derek & The Dominos,Layla And Other Assorted Love Songs (Remastered 2010),Layla,0.404,0.902,-3.88,0.0665,0.577,0.297,0.287,0.497,115.669,0.399231,0.705564,0.531601,0.450124,0.784064,0.370815,0.571056,0.804047
0udA4JmT0H34QPsTllG8vH,George Jones;Dolly Parton,Burn Your Playhouse Down,Rockin' Years,0.407,0.428,-9.373,0.0299,0.632,0.0,0.0857,0.315,82.611,0.711806,0.728414,0.342704,0.861541,0.665504,0.777768,0.635265,0.374702
2V1BAm4Ph2BXEqTjssxjjc,Retroj,Vickeelo (Jersey Club),Vickeelo (Jersey Club),0.856,0.702,-6.083,0.307,0.0357,0.0752,0.0712,0.319,85.042,0.286631,0.856136,0.702843,0.369579,0.950727,0.139745,0.417440,0.744060
2lGujFVgZ3OfWYxdTltdye,Syd Barrett,The Madcap Laughs,Here I Go,0.468,0.328,-16.923,0.0435,0.524,0.0,0.344,0.676,128.469,0.658392,0.508954,0.682190,0.454700,0.487056,0.472635,0.478891,0.700744
3gDMowCL0zgKSKLXQcaCTN,Marc Streitenfeld,Robin Hood (Original Motion Picture Soundtrack),Charge,0.184,0.525,-18.369,0.0505,0.864,0.777,0.628,0.1,98.511,0.574378,0.571908,0.212407,0.959195,0.726647,0.438331,0.930811,0.383356
7CkmTmvyUWzc5hE7oLPZoW,AMARIA BB,Slow Motion (Kooldrink Remix),Slow Motion,0.733,0.479,-9.27,0.301,0.575,0.00053,0.0831,0.485,88.742,0.634500,0.646652,0.569134,0.566148,0.611159,0.617451,0.552973,0.549654
2G6BvdT9iuX7jQv8lwKsyZ,New Model Army,The Love Of Hopeless Causes,Believe It,0.487,0.742,-3.202,0.0365,0.00783,0.00025,0.146,0.414,118.389,0.069002,0.527075,0.865982,0.326096,0.872249,0.149587,0.242356,0.802342
6nZiYSBwPQ7fYnVWkkkj4g,Jasleen Royal;Prateek Kuhad,Baar Baar Dekho (Original Motion Picture Soundtrack),Kho Gaye Hum Kahan,0.778,0.227,-16.191,0.0379,0.983,0.14,0.113,0.38,116.033,0.923133,0.639642,0.226328,0.868662,0.355399,0.852122,0.800582,0.597231
1YffYMKpricZh02Sh5nTMK,Lukas Agustinho,Redentor (Ao Vivo),Redentor - Ao Vivo,0.312,0.632,-6.027,0.0507,0.0377,0.0,0.116,0.342,134.106,0.140417,0.581140,0.491923,0.541321,0.816137,0.239082,0.154451,0.472480
3x048ys8VRKBAe4JHvi8kU,Criolo,Espiral de Ilusão - Deluxe Edition,Lá Vem Você,0.784,0.597,-6.307,0.068,0.685,0.000273,0.11,0.961,81.984,0.560717,0.746461,0.910886,0.308390,0.358999,0.704589,0.730763,0.765995
1Ra8d6lTOlEb6KvDFbi7dC,Vybz Kartel,Pon Di Gaza 2.0,Love of Money,0.804,0.719,-8.017,0.337,0.0812,0.0,0.338,0.593,112.152,0.161150,0.886023,0.854017,0.312212,0.841333,0.211446,0.172514,0.912978
5F79ZdjOwGOhUKRHx94sr1,Mohit Chauhan,Love Aaj Kal (Original Motion Picture Soundtrack),Dooriyan,0.523,0.714,-6.584,0.0511,0.633,0.0,0.0875,0.616,122.969,0.495830,0.707821,0.496272,0.545974,0.690274,0.726223,0.713553,0.835957
3myP5D9V78ayZyEb7cUGRw,Clarice Falcão,Problema Meu,Banho de Piscina,0.654,0.707,-5.103,0.0326,0.263,0.0,0.0736,0.7,126.038,0.380764,0.899236,0.880039,0.365865,0.822814,0.548512,0.498506,0.846209
1ZlhCwUMH0b2gKm8X5qNFg,Paul Johnson,The Groove I Have LP,The Groove Goes On - Original Mix,0.781,0.916,-7.038,0.196,0.068,0.845,0.0777,0.548,129.034,0.112276,0.897575,0.867100,0.177060,0.877636,0.120614,0.647164,0.857623
3L6EOy5OG9JetMXAbEJQu9,O Rappa,O Rappa - Acústico Oficina Francisco Brennand (Deluxe) [Ao Vivo],Fininho da vida - Ao vivo,0.614,0.903,-4.878,0.0515,0.265,0.000178,0.835,0.653,94.41,0.113846,0.845640,0.941768,0.190901,0.770110,0.235036,0.289919,0.839801
4iOeNGGUNms7gNViydA70S,Faye Wong,天空,棋子,0.455,0.304,-12.719,0.0306,0.83,3.62e-05,0.175,0.233,131.842,0.805199,0.591891,0.263468,0.949520,0.613048,0.814681,0.780754,0.458922
4vfzROmNsxedKICcHod5Rh,Ini Kamoze,On Your 90's Radio,Here Comes the Hotstepper,0.852,0.537,-7.424,0.114,0.0328,0.000248,0.229,0.483,100.369,0.209426,0.659886,0.886633,0.263926,0.860012,0.347825,0.499879,0.686591
05EkpKjge1VYQHezY6daR4,Kids Rap Radio,"Kids Rap Radio, Vol. 6: Hip-Hop Holiday Cheer",It's Christmas Time,0.883,0.752,-4.833,0.275,0.438,0.0,0.119,0.691,97.958,0.489607,0.867759,0.880216,0.092817,0.606798,0.510246,0.516194,0.856758
0u0kDkhqxEIntRcpK63Z5T,Moa Pillar;Ушко,Volvo,Volvo,0.562,0.897,-8.494,0.0402,0.00581,0.105,0.114,0.27,140.003,0.145224,0.892412,0.727958,0.341630,0.947389,0.078550,0.258191,0.844923
2RxVyU62OqPMIzvSJruNyL,Narciso Yepes,Jeux interdits (Film Score 1952),Romance Anónimo,0.521,0.226,-12.816,0.0488,0.99,0.844,0.098,0.263,106.783,0.952081,0.469197,0.168934,0.941938,0.815280,0.843085,0.970105,0.428100
4CM2CpR5UpFoObTmuFOUIj,Antônio Carlos Jobim,Chill in Brazil,Favela,0.457,0.224,-19.476,0.0344,0.715,1.2e-06,0.224,0.48,80.845,0.877084,0.419795,0.733596,0.803948,0.695672,0.781624,0.739399,0.393035
6lvJDlBrtabJWiBlMTGxKs,Blonde Redhead,Melody of Certain Damaged Lemons,For the Damaged Coda,0.5,0.47,-9.995,0.0395,0.798,0.88,0.0899,0.0766,141.454,0.630518,0.748012,0.192501,0.847376,0.707435,0.333797,0.948084,0.500256
4viQLOVTSwu9VZ4fX8tTBf,Eterna Inocencia;Bernabe Cantlon,No bien abran las flores,Cuando salgo a tocar,0.491,0.909,-4.188,0.0534,0.00183,0.0,0.025,0.499,150.037,0.045108,0.897727,0.799145,0.355225,0.871631,0.120745,0.314709,0.754622
3dkXSYgqtNE3BlLendqGnU,2T;Chris Beats Zn;Tz da Coronel;SoudCrime,Favelado Chique,1.5.7,0.583,0.635,-6.033,0.0393,0.0327,0.0,0.422,0.236,119.942,0.172633,0.745992,0.725510,0.665261,0.956342,0.095095,0.166318,0.833731
1rIKgCH4H52lrvDcz50hS8,Zara Larsson,So Good,Lush Life,0.694,0.712,-3.923,0.046,0.132,0.0,0.211,0.799,98.023,0.238270,0.704427,0.906115,0.128536,0.818851,0.432742,0.409595,0.718801
6JsxODuwHXWtC5rpCkVLGo,Lykke Li;The Magician,Cardio Tracks,I Follow Rivers - The Magician Remix,0.785,0.7,-5.81,0.0406,0.0179,0.00251,0.0823,0.296,122.031,0.177232,0.843006,0.836037,0.405378,0.968716,0.127661,0.384522,0.902700
0YJogBxgISDK5cTI0U6dX1,Seiko Matsuda,SEIKO STORY〜80's HITS COLLECTION〜,Only My Love(SEIKO STORY〜80's HITS COLLECTION〜),0.516,0.523,-5.419,0.0322,0.787,0.0,0.237,0.292,86.481,0.783622,0.489913,0.363230,0.765800,0.756511,0.723229,0.887865,0.632163
0YZEYxd1oiqZRFhnnmTKKi,Motionless In White,Disguise,Another Life,0.39,0.939,-3.828,0.0787,5.08e-05,0.0,0.0968,0.495,161.997,0.035832,0.883885,0.725980,0.175172,0.905758,0.107567,0.531349,0.889776
0qn89mS4HFZCkN7Urj0E5T,Imelda May,Mayhem,All For You,0.712,0.581,-5.635,0.0326,0.438,4.15e-05,0.096,0.551,119.854,0.573904,0.893845,0.624672,0.464249,0.752388,0.595748,0.534821,0.747800
6dkJvNZ7DJWzTFXv3KHmoT,Hans Zimmer,Interstellar (Original Motion Picture Soundtrack) [Expanded Edition],Organ Variation,0.179,0.00256,-31.258,0.0421,0.933,0.861,0.0826,0.0334,66.138,0.972837,0.134283,0.121553,0.977091,0.529998,0.889489,0.974171,0.061366
5wQlXgGVSwvBVKXf5lmWhp,Rahat Fateh Ali Khan,Kalyug,Jiya Dhadak Dhadak Jaye,0.677,0.533,-9.741,0.0343,0.157,5.92e-05,0.121,0.398,119.954,0.332972,0.806336,0.800201,0.438861,0.704500,0.212860,0.684056,0.512059
0wvf4qWiR269IzZZXboKDe,Larz-Kristerz,Våra bästa!,Hjärtat bankar,0.529,0.884,-4.234,0.0348,0.185,0.000224,0.165,0.868,149.069,0.055991,0.939309,0.873345,0.066236,0.712275,0.189971,0.555317,0.821422
6jWp894FQdLITbdZFZrUq7,Surf Curse,Top of the Rock,Sugar,0.606,0.696,-5.153,0.0613,0.122,0.000188,0.157,0.68,121.347,0.109661,0.812376,0.871798,0.193259,0.835151,0.375240,0.615448,0.620751
4p3jnNlgWYl5e1GDsxVv8q,Najim Arshad;Jyothsna,Chembada (Original Motion Picture Soundtrack),Ente Pranayathin,0.545,0.818,-4.723,0.0829,0.352,7.54e-06,0.171,0.741,171.915,0.156759,0.955508,0.889214,0.212190,0.597705,0.432380,0.534318,0.854512
3AJ0MFDt4OSknQ5D9Jlo4l,Criolo,Nó na Orelha,Samba Sambei,0.87,0.737,-8.372,0.126,0.268,0.00369,0.0504,0.952,136.07,0.100735,0.931795,0.964511,0.061504,0.644594,0.535791,0.646885,0.807517
2kYP8mTOqjJymK3F9v6L5D,Joan Sebastian,Joan Sebastian con Tambora,La Hablantina,0.61,0.404,-8.576,0.198,0.864,1.75e-06,0.0741,0.968,173.039,0.767897,0.735211,0.802223,0.349503,0.241724,0.840102,0.510541,0.578078
01ugCDMaqFgnjKtXl0O2CE,Mylène Farmer,Tubes chansons française,Désenchantée,0.614,0.655,-11.744,0.0297,0.0019,0.126,0.0844,0.342,125.905,0.122562,0.778739,0.715063,0.439886,0.706329,0.223736,0.715880,0.584697
2gauzJG2UlNCWiBP5ppcNc,ANNA;Ravid,Unity Pt. 3,Cosmovision,0.644,0.757,-8.204,0.0388,0.0677,0.864,0.103,0.0462,128.017,0.202801,0.888659,0.429352,0.466404,0.960003,0.190037,0.920625,0.853798
3haCSQpGCrqwoL4lIuVI8y,Sarah Connor,Christmas Dinner 2022,Christmas In My Heart,0.649,0.517,-5.227,0.0273,0.54,0.0,0.0601,0.185,119.968,0.489873,0.734681,0.369143,0.625642,0.903381,0.408843,0.733659,0.777830
7HttMaN4xcGBLhFRHb0DVS,Capital Inicial,Eu Nunca Disse Adeus,Eu Nunca Disse Adeus,0.299,0.686,-7.058,0.0417,0.0132,0.0,0.354,0.366,145.971,0.172435,0.805354,0.488791,0.680302,0.899085,0.124015,0.466270,0.823158
56r3ks5zd81BMGpfeWW0v3,Ron Trent;Chez Damier;Deetron;Steve Spacek,DJ-Kicks (Deetron) [Mixed Tracks],Morning Factory / Choose Me - Mixed,0.808,0.753,-10.546,0.0596,0.000498,0.153,0.17,0.353,124.3,0.197046,0.893272,0.801837,0.117385,0.878685,0.193135,0.706239,0.715346
6yvjTkgVh2NaT1r42nbIyM,Glee Cast,"Glee: The Music, Season 4 Volume 1",New York State Of Mind (Glee Cast Version),0.358,0.418,-7.147,0.0355,0.693,0.000774,0.447,0.171,120.74,0.830211,0.599406,0.323435,0.894651,0.585578,0.575465,0.481011,0.462144
58ieSeFMVmDtSeybyoRity,Kailash Kher,Best Of Kailash Kher,"Tujhe Main Pyar Karu (From ""1920"")",0.556,0.597,-6.364,0.0366,0.342,0.0,0.141,0.331,96.99,0.445174,0.836671,0.454962,0.640001,0.821009,0.372108,0.621499,0.577173
4nOinsAo9Obk6KKdqRr3c2,Christian Kuria,So,So,0.539,0.407,-10.937,0.0328,0.816,0.00291,0.125,0.346,79.985,0.719335,0.358986,0.386493,0.862199,0.715384,0.799471,0.754104,0.478973
17NymnDl7GVw0HvT6pXFKU,CoComelon,"CoComelon Kids Hits, Vol. 2",Bath Song,0.837,0.306,-11.615,0.0719,0.387,0.0,0.0656,0.963,190.125,0.312121,0.773333,0.907246,0.249876,0.638573,0.830567,0.707818,0.814678
2ndzFVbVxeA4vcEphzdx2X,Victor & Leo,Victor & Leo Ao Vivo Em Uberlândia,Meu Eu em Você - Ao Vivo,0.346,0.53,-10.308,0.0442,0.798,0.0,0.967,0.342,90.324,0.659817,0.402768,0.217962,0.774963,0.823756,0.665378,0.359139,0.648120
6deUVkP0yJNo9yMyLsNoSQ,Kim Petras,Halloween Hits,There Will Be Blood,0.563,0.879,-4.735,0.0907,0.00125,1.76e-05,0.166,0.602,107.013,0.113961,0.815404,0.940953,0.109894,0.872564,0.079148,0.458377,0.835502
0V6Eh5pLHczAGAW6punxB6,Os Barões Da Pisadinha,Conquistas - EP 2 (Ao Vivo),BBzinha - Ao Vivo,0.644,0.916,-1.766,0.0899,0.651,0.0,0.723,0.932,172.053,0.347276,0.974510,0.910356,0.212535,0.632444,0.574913,0.441486,0.952645
7zitDeJhVuyQY8ZELmfCSa,Stevie Wonder,Weihnachten Playlist,What Christmas Means To Me - Single Version / Mono,0.545,0.7,-6.961,0.0323,0.0982,0.0,0.1,0.799,83.506,0.373687,0.723994,0.948108,0.222612,0.552165,0.279486,0.432993,0.534462
6mwVh9GJeesKKE0OJWHrMt,Mauvais Roger,Approaching Haumea,Approaching Haumea,0.258,0.125,-24.067,0.0341,0.985,0.92,0.112,0.407,146.305,0.931088,0.259205,0.103316,0.901053,0.465187,0.847268,0.953937,0.258884
5QPUiYsrILht7dBsJ6P552,Netsky,Sick Music 2,Memory Lane,0.535,0.88,-4.896,0.0429,0.000705,0.434,0.117,0.227,175.001,0.026268,0.935379,0.743393,0.363428,0.934272,0.090506,0.716265,0.910290
6ZZw6vR15Tg59f7fl9NZ4X,KILJ,Militant,Militant,0.7,0.63,-7.855,0.0844,0.0183,0.0,0.0824,0.317,186.174,0.139745,0.821296,0.764263,0.587747,0.870459,0.131185,0.329519,0.917352
0Dn20BA3pLwAsZYpYYF9RD,Cuco Sánchez,El Mariachi,Aquella Noche,0.488,0.334,-9.969,0.0311,0.408,0.0,0.398,0.443,88.812,0.698271,0.639765,0.475778,0.608164,0.739530,0.656257,0.359621,0.403417
67Wp7KxeAiTt6f8DlvdtQs,Cameron's Bedtime Classics,Lullaby Duets,The Itsy Bitsy Spider,0.355,0.252,-13.554,0.0356,0.924,0.895,0.116,0.609,162.05,0.864687,0.625707,0.280632,0.855450,0.571469,0.810447,0.978651,0.655843
55Xrxpi5WADlaefkGB6M96,Mike Laure,Boleros Sabrosos,Hoja Seca,0.654,0.477,-6.43,0.0465,0.68,0.0,0.0849,0.853,128.896,0.724439,0.707138,0.811118,0.363595,0.476605,0.799271,0.475429,0.725128
1QdG3nKKTrNWlN9x9t1cH6,Marshmello;Anne-Marie;Borgeous,FRIENDS (Borgeous Remix),FRIENDS - Borgeous Remix,0.439,0.847,-6.258,0.242,0.0246,0.0,0.139,0.298,114.099,0.172762,0.791813,0.766569,0.206314,0.958601,0.151052,0.188475,0.692812
7Is0OPWVcN8DdZpcNuClcy,Mahmut Orhan;Sena Şener,Feel (feat. Sena Sener) [Radio Edit],Feel (feat. Sena Sener) - Radio Edit,0.731,0.756,-4.937,0.0436,0.038,0.162,0.157,0.723,121.004,0.132057,0.876358,0.896470,0.114720,0.884808,0.178081,0.563634,0.843149
6FZmr8xOBFCcaI29eQT8FE,Kabir Cafe,Panchrang,Chadariya Jhini,0.615,0.83,-5.413,0.0892,0.386,3.81e-06,0.118,0.491,106.209,0.313770,0.811095,0.699679,0.466889,0.870708,0.473296,0.506856,0.826090
7i481KZEKvrLdqj03eqDG3,Koo Koo Kanga Roo,Viral: Songs About Cats and Stuff,Catz,0.688,0.866,-7.508,0.125,0.00936,3.13e-06,0.0401,0.924,159.994,0.082850,0.901659,0.977697,0.035993,0.726901,0.248847,0.459892,0.838707
0wRnEXTy6UXhMR1sHFJ4Po,Nat King Cole,A Very 60s Christmas,The Christmas Song (Merry Christmas To You),0.32,0.21,-15.231,0.0345,0.92,8.01e-05,0.138,0.208,73.196,0.937110,0.199238,0.103730,0.940231,0.539780,0.864633,0.808288,0.263122
2SabxRgV7VMc1LRHgw0HIo,Lil Peep;rainy bear,nuts (feat. rainy bear),nuts (feat. rainy bear),0.576,0.741,-7.404,0.0356,0.00831,0.0,0.111,0.143,124.091,0.065170,0.837295,0.649045,0.506588,0.910368,0.169117,0.494185,0.705535
2u00DQoxKIsaI0bGpZ4pZ7,Lemon Jelly,Lost Horizons,Ramblin' Man,0.599,0.789,-6.538,0.0263,0.234,0.897,0.381,0.602,134.02,0.131056,0.937546,0.943618,0.435436,0.460468,0.247564,0.841778,0.855975
0P5eb6K1JqpTE2u3qRQSRf,Warmoon Lord,Battlespells,In Perennial Twilight,0.114,0.808,-13.192,0.0534,1.62e-06,0.225,0.313,0.0487,159.719,0.049185,0.881536,0.397945,0.762597,0.975287,0.092614,0.520919,0.616530
2AtBtTANT1RAWLyAMq6R2k,Jacky Cheung,走過1999,她來聽我的演唱會,0.695,0.212,-14.412,0.0412,0.889,3.86e-05,0.65,0.328,124.072,0.891184,0.512273,0.352652,0.754868,0.698224,0.834465,0.573159,0.543736
5ScYUv4grVUOvOECp6TiKZ,Armin van Buuren;Diane Warren;My Marianne,Live On Love,Live On Love,0.681,0.76,-6.331,0.062,0.0382,1.11e-05,0.119,0.548,122.895,0.157734,0.907370,0.745803,0.198434,0.819266,0.152053,0.443791,0.837325
5uVTI56iJmFyiLEDEej0CF,Jammy Weirdo;Mustafa Zahid;Pranay.M. Rijia,Teri Yaadon Se (Lofi Flip),Teri Yaadon Se - Lofi Flip,0.411,0.548,-11.052,0.0314,0.0129,0.893,0.64,0.0968,96.969,0.418072,0.572147,0.518346,0.782746,0.872389,0.166471,0.884827,0.541871
73RyhUtQnXgHB0Ko51EniR,Adriatique;Marino Canal,All I Ever Wanted,All I Ever Wanted,0.781,0.63,-9.768,0.0628,0.00755,0.792,0.11,0.365,123.021,0.154374,0.814592,0.720675,0.595242,0.845235,0.185104,0.936893,0.808742
4WAFGB14LqG3LHsi1GlSwB,Georgio;S.Pri Noir,Ciel enflammé - Sacré,Full Moon,0.669,0.569,-7.458,0.146,0.703,0.0,0.237,0.387,149.922,0.634455,0.856617,0.657815,0.729524,0.673074,0.308328,0.460892,0.679297
1yUV3xzgaFWG2Koe9Sfcwd,BURNOUT SYNDROMES,Good Morning [New] World!,Good Morning [New] World!,0.39,0.916,-2.859,0.0579,0.0229,0.0,0.197,0.483,92.118,0.077754,0.852993,0.769584,0.324821,0.906874,0.073371,0.568852,0.830597
4khjcb6Mpegp1N596VVyf6,Clementine Duo,There She Goes,There She Goes,0.724,0.28,-12.788,0.0303,0.755,0.0,0.326,0.527,106.966,0.832562,0.413966,0.730582,0.797255,0.451715,0.778626,0.632798,0.711434
5tM6eTpydHiDAeyUOcDNHm,Meshuggah,Immutable,Ligature Marks,0.53,0.892,-5.987,0.0451,5.9e-05,0.368,0.0984,0.709,149.995,0.078504,0.861039,0.931431,0.121810,0.864839,0.129940,0.545741,0.873474
5RBRNvoqGCVO5U1DQ2MggW,Avslappning Sound,"Avslappnande Musik - Sova Musik för Begrundan, Sömnproblem, Avslappning, Positivt Tänkande",Naturens Ljud för Sömn,0.219,0.0592,-22.161,0.038,0.985,0.978,0.131,0.0368,72.68,0.973430,0.116964,0.065452,0.972094,0.485042,0.886322,0.987913,0.169655
0XL6MrReH2SJwPdlISewPc,Linn da Quebrada,Pajubá,Bixa Travesty,0.597,0.905,-5.288,0.149,0.0344,6.57e-05,0.108,0.513,134.725,0.106995,0.883159,0.814244,0.309600,0.836087,0.134862,0.330353,0.820751
1rIoZ8H3v3InBt8YbMBapx,Lane 8,Brightest Lights,The Rope (feat. POLIÇA),0.711,0.489,-11.962,0.0375,0.0902,0.38,0.133,0.0514,122.002,0.276094,0.725374,0.422870,0.810601,0.868010,0.165351,0.725485,0.735499
7sV7mOO4k0RNz9Un8d8OWg,The Monkees,Christmas Music - Holiday Hits,Unwrap You at Christmas,0.671,0.801,-3.366,0.0322,0.247,0.0,0.328,0.473,127.994,0.155367,0.896954,0.836502,0.496967,0.632513,0.355617,0.301145,0.833894
33dN3Nd9aRz4nzha4oIGnX,Omah Lay,What Have We Done,Godly,0.64,0.574,-8.951,0.091,0.138,0.00492,0.342,0.538,198.014,0.142851,0.864825,0.725812,0.213216,0.734854,0.102542,0.520597,0.897579
6wfehLk3AmW9ybIwPK59SZ,Lauana Prado,Raiz (Ao Vivo),Tá Brabo / Terapinga - Ao Vivo,0.72,0.729,-2.696,0.0337,0.186,0.0,0.892,0.72,127.954,0.171673,0.903092,0.869829,0.199504,0.648928,0.398379,0.169719,0.830436
3lUwCryVobacobYrN5f2Je,Celldweller,Celldweller (Deluxe Edition),Switchback,0.44,0.834,-6.655,0.0412,1.76e-05,0.000131,0.284,0.356,112.932,0.140317,0.771207,0.700308,0.338435,0.912469,0.168437,0.193978,0.684984
77XOYoYeK1CoTfnKUIXTjk,Lamb of God,As The Palaces Burn,Vigil,0.326,0.949,-5.027,0.12,0.0002,0.00115,0.091,0.12,106.145,0.120457,0.721957,0.468572,0.420773,0.952005,0.142640,0.272626,0.757027
0cDWCh9u46tQ4fN833vR9L,Crazy Ken Band,樹影,The Roots,0.679,0.399,-8.215,0.0369,0.465,0.0,0.1,0.705,82.021,0.721632,0.519774,0.816615,0.264826,0.755301,0.593144,0.609659,0.286659
5N1ede3QcEvtJNtM1een6B,Thaikkudam Bridge,Fish Rock,Fish Rock,0.579,0.767,-6.916,0.0399,0.00475,0.0,0.394,0.475,149.975,0.181625,0.883608,0.742865,0.212319,0.918605,0.072832,0.536229,0.891987
2c8I6RNicR89mlT3ZSzsu2,Kiasmos,Bloomingdale 2020 - Mixed by The Palindromes & Dave Winnel (DJ Mix),Blurred - Mixed,0.808,0.515,-12.577,0.042,0.486,0.874,0.119,0.104,113.995,0.548089,0.759209,0.190227,0.680205,0.870707,0.466886,0.957129,0.730531
2oWex6rYoQ7Bl2D9zG8d3F,Fela Kuti,The Best of the Black President,Water No Get Enemy,0.641,0.926,-7.718,0.0572,0.11,0.0246,0.09,0.883,90.934,0.088901,0.822481,0.949820,0.049894,0.671567,0.347446,0.441742,0.837555
38oFd1l8b5fkXSgKCjiWxT,Atención Atención,Vamos a Bailar,Cheki Morena,0.758,0.724,-5.61,0.0892,0.208,0.0,0.0541,0.953,110.022,0.114109,0.814751,0.940237,0.131173,0.567745,0.684262,0.500799,0.802442
0P73ytAPCC75fK8uXryskh,Cassiane,Não Pare Agora,Não Pare Agora,0.521,0.534,-7.343,0.04,0.436,0.0,0.129,0.168,138.119,0.379703,0.722067,0.509464,0.690291,0.877755,0.327940,0.726645,0.797260
0EyPK7qor5t10aO8ddptlB,Los Solitarios,Colección De Oro,Nunca Digas,0.339,0.632,-9.629,0.0317,1.47e-05,0.00845,0.457,0.773,93.362,0.368958,0.445988,0.800601,0.084116,0.618378,0.274015,0.180951,0.686518
4IcLNRtHFMTEAvoLklnZjA,Easton Corbin,Mientras hago aromaterapia,A Girl Like You,0.733,0.768,-4.481,0.0354,0.0197,1.03e-06,0.0643,0.83,105.006,0.120431,0.888782,0.946595,0.098554,0.577962,0.293127,0.414088,0.734825
2ov8L95QD25TLpZAZPYWXL,Ozzy Osbourne,Blizzard Of Ozz (40th Anniversary Expanded Edition),Mr. Crowley,0.307,0.748,-6.514,0.0568,0.212,0.000153,0.368,0.347,108.227,0.345239,0.693565,0.598022,0.547911,0.814596,0.248270,0.168528,0.532147
2ZUEopklc3lUm4OXUPB6WS,Bethel Music;Brandon Lake,Too Good To Not Believe (Live),Too Good To Not Believe - Live,0.355,0.734,-8.221,0.0509,0.00177,0.0,0.0965,0.237,143.964,0.215819,0.868070,0.332483,0.498352,0.914635,0.081151,0.289968,0.691392
2MgcPgxFvAlJCVITsEghCI,Ruffneck;Yavahn;Sharam Jey;Kolombo,Everybody Be Somebody: All The Classics And...,"Everybody Be Somebody - Sharam Jey, Kolombo Remix",0.875,0.511,-6.677,0.0474,0.204,0.0445,0.139,0.587,122.169,0.276033,0.781112,0.788889,0.207081,0.650941,0.259362,0.407888,0.746349
3nkc3rqJAiudzkWTK4luep,YOU LOSE,No Rules,No Rules,0.325,0.969,-2.994,0.0945,0.000608,0.00527,0.276,0.219,154.328,0.026060,0.846033,0.606230,0.439483,0.880709,0.084298,0.209602,0.821326
10Q819dtkrkh0edVOZWC84,Alfie Boe,Bring Him Home,Tell Me It's Not True - From 'Blood Brothers',0.219,0.441,-9.51,0.0339,0.848,2.6e-05,0.0959,0.152,125.018,0.571178,0.780932,0.133771,0.942940,0.692986,0.496046,0.690042,0.618338
6PIltGJHvV1bfAwl4JhMk4,Every Time I Die,Ex Lives (Deluxe Edition),I Suck (Blood),0.225,0.974,-3.919,0.184,6.88e-06,1.55e-05,0.259,0.343,130.399,0.065999,0.931076,0.538391,0.307725,0.926246,0.066233,0.252278,0.761431
1xUl4v2uK0hi7ZT3fF7ZII,Ingrid Andress,Never Leave - Country Magic,Blue,0.488,0.175,-9.5,0.0491,0.952,1.01e-06,0.105,0.201,117.291,0.870189,0.458353,0.289207,0.958294,0.591280,0.897701,0.806507,0.472188
6suYoN4gFkanqOBn5yRnJC,Cavetown,Animal Kingdom,Boys Will Be Bugs,0.486,0.528,-11.722,0.0463,0.00387,1.4e-05,0.106,0.452,178.519,0.157172,0.690651,0.821001,0.331724,0.759960,0.134409,0.575953,0.838511
03B8ZXUmuDpf59j5PIMFHq,Wolfgang Amadeus Mozart;Heinz Holliger;Academy of St. Martin in the Fields;Kenneth Sillito,Mozart - All Day Classics,"Ma che vi fece... Sperai vicino, K.368: 1. Andantino",0.29,0.049,-24.072,0.0555,0.98,0.753,0.108,0.114,76.473,0.963503,0.193526,0.064436,0.971692,0.754027,0.885445,0.938616,0.086919
2qjM3qghmU9gU2BvNQlIav,Rustage;Frazer,Joker (Gotham City),Joker (Gotham City),0.813,0.9,-5.012,0.282,0.297,0.0,0.232,0.316,95.0,0.286852,0.822395,0.714592,0.433842,0.877891,0.131668,0.393419,0.919972
7LtT7h4dgF37YSPf8FipNP,Dunamis Music;Rapha Gonçalves,Outro Na Fornalha,Outro Na Fornalha,0.501,0.672,-6.249,0.0318,0.000643,1.31e-05,0.0984,0.125,135.053,0.158683,0.799428,0.499049,0.792563,0.956840,0.131725,0.320002,0.740826
6p7NrRPfrrcOUI1pPHJ7cU,Busta Rhymes,Rap Homage,Bladow!!,0.765,0.705,-7.39,0.28,0.0398,0.0005,0.0392,0.642,88.316,0.434699,0.751189,0.912076,0.311214,0.773521,0.349666,0.266762,0.724862
7ifOnwJC0oH7cfbJQbUye1,Celtas Cortos,Cuentame Un Cuento,20 de abril,0.611,0.866,-5.135,0.0285,0.0274,2.89e-05,0.278,0.826,114.016,0.093994,0.945362,0.924810,0.121083,0.511096,0.205115,0.446975,0.876746
7lPM8uXuIO5MDWv6L0TPaZ,for KING & COUNTRY,Burn The Ships,"Fight On, Fighter",0.616,0.641,-6.696,0.0354,0.0104,0.0,0.0813,0.134,107.979,0.125259,0.882830,0.434837,0.480113,0.920028,0.200148,0.493888,0.622071
5ivhfpfnoHhD8rUI2t3aJG,Eir Aoi,D'AZUR,IGNITE,0.414,0.972,-2.41,0.258,0.00721,0.0,0.3,0.395,170.957,0.030610,0.922259,0.745924,0.229387,0.911852,0.037590,0.122688,0.880871
4JuKzBOcFT6ZDX1bINNI1C,Royal Blood,Hot Mix Pop,Honeybrains,0.523,0.8,-5.243,0.101,0.00537,0.0,0.398,0.604,125.886,0.165107,0.859607,0.871563,0.206255,0.898413,0.217231,0.158042,0.798726
3RDWPnDrE0GTOaYTqpeX3X,Ed Solo;Deekline,No No No,Hail Up The Lion,0.634,0.891,-6.856,0.0522,0.000197,0.000167,0.182,0.537,176.02,0.039064,0.968593,0.881870,0.208406,0.861716,0.096873,0.184312,0.836709
1RouRzlg8OKFeqc6LvdxmB,Maluma,F.A.M.E.,Felices los 4,0.766,0.756,-5.861,0.132,0.213,0.0,0.349,0.716,94.027,0.275200,0.912077,0.962609,0.321907,0.846291,0.462557,0.231239,0.890507
4lDYedHtcFwkMTVwpdSRUN,DJ Snake;Burna Boy,Carte Blanche,No Option (feat. Burna Boy),0.631,0.877,-4.072,0.0345,0.00837,1.09e-05,0.204,0.876,150.162,0.046768,0.863132,0.958951,0.092155,0.793078,0.265461,0.326181,0.861777
2bCsFEdKi0EXK8GWSkNClD,Chuy Lizarraga y Su Banda Tierra Sinaloense,Mudanzas A La Luna,Las Güilotas,0.729,0.899,-1.492,0.0468,0.423,8.44e-05,0.106,0.974,145.095,0.044342,0.961406,0.960646,0.045467,0.543256,0.270729,0.486501,0.952614
1RPyzOPdcg0QhVOlkOJzty,Romanthony;Oliver Dollar,Let Me Show You Love (2013 Remixes),Let Me Show You Love - Oliver Dollar Remix,0.867,0.876,-6.81,0.106,0.00276,0.784,0.0697,0.624,124.008,0.096571,0.936959,0.819098,0.277248,0.847228,0.331576,0.807250,0.901696
5YTAptJrRRYMCTEax5KyhI,DJ Ruffneck;SPLT SCND,BazeFaze (SPLT SCND RMXS),BazeFaze - SPLT SCND INTERLUDE RMX 4,0.503,0.935,-5.676,0.0738,0.00473,0.077,0.389,0.188,150.038,0.089800,0.917355,0.539436,0.540939,0.966883,0.098745,0.186419,0.906062
6xEjSe0vNCKMtIs5pbVSjW,Aseem,Tu Main,Tu Main,0.697,0.299,-11.315,0.0415,0.766,5.87e-05,0.364,0.338,139.898,0.830379,0.736737,0.407955,0.837162,0.750928,0.773623,0.674290,0.629608
3YgQmd3NhIymCCDmMpIX5w,Claude VonStroke;Barry Drift,I’m Solo,I'm Solo,0.82,0.682,-8.146,0.0514,0.0196,0.804,0.104,0.439,123.976,0.091616,0.868157,0.863632,0.284813,0.827934,0.222125,0.810935,0.871324
3aDhgouoRk6awklXL4QBGQ,Chester Young;Castion,PYRO,PYRO,0.718,0.977,-1.824,0.0668,0.143,0.0318,0.374,0.259,125.983,0.179680,0.939755,0.790574,0.238980,0.893330,0.158579,0.318654,0.899301
2qgXrzJsry4KgYoJCpuaul,The Local Train,Aalas Ka Pedh,Choo Lo,0.512,0.695,-6.349,0.0271,0.0265,0.00815,0.146,0.351,145.957,0.143433,0.899547,0.626303,0.257271,0.922582,0.206291,0.542927,0.761722
1U6nlCjzE08CrfxufRo1Bc,Stephen Sondheim;A Little Night Music Original Broadway Cast Ensemble;Harold Hastings,A Little Night Music (Original Broadway Cast Recording),A Little Night Music: A Weekend in the Country,0.56,0.396,-10.27,0.0825,0.931,0.0,0.153,0.604,113.565,0.814578,0.652869,0.703045,0.706783,0.302994,0.916914,0.639110,0.723706
7e38sajG53PZsyKRDX8OAR,Bebe Rexha,US Pop 20s,Sabotage,0.562,0.565,-5.111,0.044,0.438,0.0,0.138,0.208,89.862,0.505580,0.602884,0.486303,0.834089,0.919469,0.377001,0.552832,0.714708
77u3cpprulNjIUYkjYwlhU,Ellie Goulding,Del gusto de mamá,Starry Eyed,0.51,0.816,-5.331,0.0352,0.13,8.66e-06,0.224,0.588,149.929,0.192761,0.930230,0.658372,0.262501,0.786014,0.214955,0.417798,0.834200
1hsbxu82J3uqLyvd5qxhdC,Hillsong Worship;Integrity's Hosanna! Music;Darlene Zschech,Shout to the Lord (Live),Jesus Lover of My Soul - Live,0.476,0.396,-10.916,0.026,0.31,0.0,0.658,0.199,72.157,0.689806,0.458080,0.231202,0.863408,0.748430,0.358167,0.612655,0.456956
4xPfKBa4fKf8O8NHctfdyI,D'banj,Africa Rising Vol.3,Shoulda,0.762,0.742,-5.161,0.0367,0.288,0.000145,0.0971,0.912,110.001,0.276383,0.863758,0.934144,0.156166,0.603832,0.361294,0.551862,0.893117
0qskt9mMS5koGAjytKOBzD,Matt Large,Knowledge Is Power,A Smoke and a Pancake,0.784,0.88,-6.298,0.0629,0.118,0.841,0.11,0.8,90.988,0.059105,0.866204,0.967781,0.062653,0.762628,0.240268,0.911439,0.877625
0xCeGlvwV32WdwkbJKuyGW,Alex Ceesay,Resurrected,Glömmer aldrig bort dig,0.529,0.398,-14.927,0.24,0.0918,0.0,0.0698,0.203,75.385,0.467943,0.467038,0.596369,0.622358,0.853933,0.515646,0.648724,0.418399
0KLlwu3u2VYM8K3Exg6aIO,Dimmi;Zeeba,"Chill Executive Officer (CEO), Vol. 21 [Selected by Maykel Piron]",Found U,0.773,0.646,-5.15,0.0401,0.0034,0.00054,0.188,0.535,121.994,0.301492,0.777896,0.918925,0.321372,0.844894,0.195072,0.440888,0.769581
1zpJLInz6gwWPmkigI4zoc,Ceephax Acid Crew,Box Steady,Eurozone,0.755,0.975,-4.897,0.0338,0.00123,0.801,0.17,0.554,133.006,0.040723,0.917658,0.939306,0.154195,0.834337,0.230992,0.766904,0.856182
0VF7YLIxSQKyNiFL3X6MmN,The Neighbourhood,Chip Chrome & The Mono-Tones (Deluxe),Stargazing,0.512,0.483,-7.798,0.0298,0.00304,0.0011,0.12,0.367,160.009,0.289902,0.853130,0.540453,0.482467,0.878312,0.179873,0.567390,0.698955
31yDpJjmuvXqALS2U48HKs,Oscar Mbo;C-Blak,Groovy Since 90 Sumthin',Groovy Since 90 Somethin,0.725,0.797,-8.048,0.0359,4.97e-05,0.555,0.0972,0.377,120.0,0.171475,0.895583,0.824241,0.238456,0.873643,0.172607,0.728694,0.897697
6VcsrxdEnAMC4u6u9ssjse,Jeito Moleque,Me Faz Feliz (Ao Vivo),Para Tudo - Ao Vivo,0.31,0.73,-10.903,0.0501,0.416,3.9e-06,0.876,0.583,145.331,0.411790,0.881022,0.608242,0.359792,0.815659,0.591472,0.267366,0.798999
5qCcAxWwbiQIEOOsogAajT,Novo Som,Herói dos Heróis,Pra te Conduzir,0.492,0.489,-6.342,0.0287,0.402,3.44e-05,0.116,0.0904,140.037,0.585974,0.670402,0.239979,0.797009,0.831856,0.165559,0.554023,0.647601
3UaQy1ix1NtWK6rh63PVkn,Stevie Wonder,Happy Haunted Halloween Tunes,Superstition - Single Version,0.637,0.745,-8.607,0.0748,0.0173,0.000554,0.0372,0.859,100.384,0.212646,0.854100,0.921010,0.112374,0.771839,0.485042,0.293461,0.636450
4EofI2VbCtXKZU0MlgBr1k,Nobukazu Takemura,Scope,Icefall,0.364,0.47,-17.925,0.0342,0.942,0.951,0.104,0.425,162.769,0.707833,0.648788,0.376944,0.770307,0.376706,0.793023,0.980752,0.826195
5BiS6PxemC60bAn6CZmacz,Oyh!,Pass The Dessert,Pass The Dessert,0.727,0.227,-17.031,0.285,0.637,0.59,0.158,0.383,134.916,0.869243,0.561381,0.689316,0.548572,0.451222,0.708864,0.854393,0.487454
09FYielISRGvCiJVplF81B,Anuel AA;KAROL G,Fiesta portatil,Secreto,0.807,0.803,-4.156,0.126,0.6,0.0085,0.136,0.706,91.982,0.475364,0.880744,0.929911,0.418726,0.787668,0.506344,0.677197,0.922593
0ICLbQyVK7TaGKfAdPBCFa,for KING & COUNTRY,Crave,Love's to Blame,0.471,0.551,-6.897,0.0326,0.188,0.0,0.133,0.195,135.866,0.370268,0.781560,0.478450,0.761904,0.774732,0.126904,0.470959,0.669609
22oU174hVHEZ1FssSXSS0d,Grupo Fundo De Quintal,Do Fundo do Nosso Quintal,Do Fundo do Nosso Quintal,0.66,0.85,-6.456,0.117,0.54,1.46e-06,0.224,0.912,109.32,0.462747,0.896099,0.931762,0.161279,0.554378,0.575748,0.482615,0.889623
643KA1xhBJCulImSKjxSBN,John Dahlbäck;Agnes,10's Dance Classics,Life (Diamonds In the Dark) - Feenixpawl Remix,0.778,0.66,-5.003,0.0617,0.00506,0.486,0.0474,0.162,127.977,0.108279,0.837046,0.669415,0.270877,0.929083,0.154163,0.741744,0.853395
4cIDajUp2dMjKiDmDvFDg8,Oceanvs Orientalis;Be Svendsen,Indoor Voyager EP,Tarlabasi - Be Svendsen Remix,0.854,0.599,-12.259,0.0604,0.206,0.861,0.0899,0.216,114.001,0.266303,0.837127,0.701817,0.524297,0.844805,0.244516,0.863674,0.786856
38Z3z5CfZXylRZ1XebToJc,Silvanno Salles,20 Melhores Recordações,Frentista,0.771,0.869,-3.52,0.0336,0.664,0.0,0.147,0.933,139.144,0.261054,0.919154,0.912877,0.196655,0.603349,0.688021,0.552663,0.927222
0VzBKgimNRMauaqzT2rEnS,Spice;Shaggy;Sean Paul,Go Down Deh (feat. Shaggy and Sean Paul),Go Down Deh (feat. Shaggy and Sean Paul),0.817,0.8,-4.475,0.108,0.12,3.9e-05,0.187,0.534,90.016,0.303801,0.883224,0.884349,0.255683,0.786457,0.274273,0.385576,0.777853
4NfmgQBtbe0YesCwGHU8Ne,LANKS,twentyseven,Bitter Leaf,0.8,0.528,-4.425,0.106,0.326,2.63e-05,0.116,0.423,144.955,0.314390,0.883565,0.791662,0.233651,0.869729,0.276751,0.468680,0.777704
7aLh3kqOguvlZQdBioa5cP,Eduardo Araujo;The Fevers,O Bom,O Bom,0.681,0.831,-6.45,0.0739,0.315,0.0,0.0627,0.887,141.414,0.119441,0.932579,0.951165,0.093728,0.534757,0.411599,0.614810,0.856203
7BqCXqDOZxpSZir10oz8RF,The Wiggles,The Best of The Wiggles,Come on Down to Wiggle Town,0.74,0.664,-5.626,0.0758,0.0376,0.0,0.13,0.772,139.979,0.189842,0.844455,0.905155,0.155835,0.888927,0.186420,0.645245,0.727639
1tBRvypHC7yuyxsVLm9ZIA,Mastifal,Rock Podrido (Covers),Que sea Rock,0.484,0.846,-4.493,0.207,0.000194,0.00387,0.0922,0.491,154.968,0.069659,0.911301,0.906530,0.252284,0.843625,0.119164,0.202133,0.891785
2vOAHp8PBBFYqvQUWSoITY,Mrs. GREEN APPLE,Attitude,インフェルノ,0.533,0.918,-2.095,0.0616,0.00894,0.0,0.643,0.662,92.504,0.101671,0.840440,0.885200,0.145074,0.865645,0.102925,0.154654,0.873040
4AJ99UeL45ibxRT7GzMWqS,Laura Story,Great God Who Saves,Grace,0.699,0.304,-11.567,0.029,0.764,0.0,0.141,0.457,104.143,0.782576,0.639631,0.528972,0.752620,0.492883,0.746450,0.616888,0.568696
0b60pJt8WY8mMfVzsCwfz4,PASSEPIED,もののけだもの,もののけだもの,0.653,0.798,-4.57,0.231,0.284,4.86e-06,0.069,0.766,183.992,0.044823,0.888384,0.884703,0.179873,0.739038,0.219693,0.542230,0.826259
7J5d8EHVjEYbMgOXGi0PKD,Papa Khan,Get To U,Get To U,0.673,0.737,-5.444,0.0586,0.0713,0.0,0.102,0.179,144.928,0.131907,0.889731,0.570212,0.430519,0.910081,0.071483,0.380505,0.912887
2FHF6hx8qegq0wHqCgGISh,Star Darlings,Wish Now,Wish Now,0.609,0.762,-5.118,0.0592,0.00478,0.0,0.0723,0.607,154.944,0.081706,0.829218,0.843259,0.176761,0.796860,0.097396,0.291073,0.927314
7feSbMqJGg9yL0s6ypxy9S,Duran Duran,Decade,Girls on Film,0.708,0.855,-6.301,0.0931,0.00548,0.0477,0.0447,0.656,131.955,0.036438,0.902521,0.914829,0.150304,0.777844,0.234806,0.529497,0.865944
6W96SrxH05Z4mMKBecUOXS,AMARIA BB,What's Done in the Dark,Take It,0.747,0.552,-5.247,0.225,0.172,0.000886,0.155,0.494,83.925,0.269952,0.598309,0.641951,0.306993,0.855199,0.465291,0.281898,0.642437
1yj5peLptaD52rdZ7imRPJ,De Doelleazen;Henk Wijngaard,Hé Suzie,Nachtrijders - Radio Cut,0.578,0.958,-4.567,0.0554,0.00366,0.0123,0.258,0.666,190.012,0.040561,0.911593,0.949375,0.077529,0.862746,0.048298,0.221584,0.968158
3VSH4Sf48KMwRzt788M5B7,Damares,Apocalipse,Apocalipse,0.596,0.752,-2.41,0.0497,0.444,0.0,0.141,0.529,145.961,0.168238,0.892123,0.830893,0.438802,0.694028,0.384520,0.594983,0.748335
1R6eZlhLv81JqiDH9gi05e,Carlos Gardel,TANGO Latino – Por una cabeza vol. 02,Desden,0.748,0.238,-12.565,0.156,0.99,0.000404,0.399,0.587,120.277,0.772183,0.543976,0.643831,0.694469,0.269846,0.933376,0.587104,0.300110
0zoEMUSUYLuZteAxG2QEez,Nacha Pop,"Románticas 80s, 90s, 2000s",Lucha De Gigantes,0.308,0.617,-7.652,0.0311,0.051,0.000151,0.111,0.122,169.683,0.175317,0.771463,0.422000,0.679381,0.897527,0.133757,0.519819,0.670221
4g3o3KScQl3MVW8THLDBVQ,Ace Aura;Voicians,UMBRA,UMBRA,0.438,0.953,-2.085,0.152,0.0126,0.00394,0.104,0.124,149.871,0.068051,0.936421,0.633314,0.552670,0.973393,0.165239,0.441416,0.860020
5oMLOe7ams9wPzBiQLt6Na,Danny Olson;Jadelyn,Fix You,Fix You,0.379,0.6,-6.89,0.0406,0.0117,0.00505,0.114,0.0874,140.035,0.117141,0.537074,0.286846,0.724328,0.926307,0.111502,0.474187,0.666585
7uCBGNn991AM68fR4tSDco,The Score,Carry On,Born For This,0.411,0.675,-6.251,0.0591,0.063,0.0,0.092,0.545,130.134,0.218296,0.613186,0.676868,0.323047,0.714694,0.176273,0.487717,0.551229
0YPRVJzRmpp3UnejEGaKVq,The Smith Street Band,More Scared Of You Than You Are Of Me,Birthdays,0.489,0.865,-3.334,0.061,0.12,0.0,0.117,0.373,108.125,0.107939,0.784128,0.623582,0.336775,0.793554,0.115895,0.337778,0.883113
5zJoKPj2KqgO7pyJPqhoYa,Axwell,Barricade,Barricade - Radio Edit,0.736,0.966,-3.567,0.0954,0.000642,0.0564,0.0921,0.0751,128.033,0.075925,0.959430,0.654058,0.656262,0.972243,0.083301,0.529554,0.875022
4LMWqY6n9uZxJxqmuCyBzD,Ernest Tubb,The Definitive Collection,Letters Have No Arms,0.728,0.271,-10.226,0.0313,0.698,0.0,0.623,0.631,126.463,0.820126,0.741505,0.688740,0.679939,0.376364,0.582841,0.585163,0.609761
0CeEwrS98KNBkuP8kZ9yPY,Kemuel,Graça,Graça,0.413,0.68,-8.236,0.0335,0.00543,0.000162,0.522,0.118,137.904,0.350164,0.917191,0.359669,0.584647,0.911200,0.138086,0.252197,0.611447
6w5aPn3t2c2dYid5zaItjf,Zed Yun Pavarotti,Beauseigne,Mon frère,0.663,0.445,-7.364,0.0306,0.217,0.0,0.104,0.28,120.115,0.457901,0.710522,0.275783,0.727458,0.789139,0.316652,0.803391,0.682000
5FeIwnHme2zk6YJMyd6odO,Shane & Shane,Psalms,Psalm 145,0.314,0.264,-15.305,0.0417,0.698,0.0,0.101,0.454,92.669,0.855192,0.139067,0.381529,0.807940,0.648204,0.779710,0.598761,0.270053
4k2AjlWruIygEiZyJEy01I,Os Paralamas Do Sucesso,Acústico (Live),Tendo A Lua - Ao Vivo,0.492,0.794,-5.823,0.046,0.196,2.62e-06,0.873,0.683,167.815,0.096780,0.961611,0.930491,0.197336,0.875439,0.230529,0.240412,0.808847
0ydR92kMvsKzbHskETB2QR,Delit Quirion,Quand je te vois,Quand je te vois,0.135,0.00723,-34.017,0.0416,0.992,0.9,0.0789,0.106,75.275,0.981810,0.070549,0.072263,0.985614,0.541401,0.930290,0.982515,0.081667
1oZztsvCFx6dkjm8ws5v4O,Mes Souliers Sont Rouges,Tape la galoche (Ou quand le public s'en s'melle),M'en va-t'à la fontaine,0.715,0.696,-9.901,0.54,0.828,0.0,0.492,0.721,118.682,0.534826,0.803580,0.766857,0.475212,0.561077,0.689382,0.179729,0.802824
4SvPnO208C9aXb0I4VZyFa,Masters of Ceremony,Oldschool Hardcore Volume II,A Way Of Life,0.723,0.716,-11.396,0.0786,0.13,0.515,0.0745,0.414,167.524,0.149691,0.872736,0.897393,0.463053,0.758609,0.068013,0.826793,0.836099
4fM2DdT03XruTYZfIvALUv,Os Mutantes,"""Mutantes""",Não Vá Se Perder Por Aí,0.322,0.925,-3.266,0.196,0.487,0.0,0.34,0.596,169.618,0.088416,0.921612,0.707692,0.359801,0.781047,0.206351,0.333852,0.785999
3i9uGfgo9kXoRUNAl3M8Mr,Feid,Esto me suena a Farra,Ferxxo 100,0.705,0.562,-3.378,0.0674,0.257,0.0,0.137,0.569,163.893,0.228304,0.880877,0.766780,0.440592,0.642501,0.366058,0.579737,0.920820
2NEMHuhxoYu13Kw96stZC7,Carl Smith,The Essential Carl Smith,I Overlooked an Orchid,0.55,0.187,-12.243,0.0333,0.883,0.000591,0.299,0.373,116.858,0.879185,0.346799,0.243172,0.889601,0.455544,0.649777,0.738543,0.327495
4LwBxSuZQUJ6kKD1qbcQK7,Zion & Lennox;J Balvin,Tropical Vibes,Otra vez,0.829,0.772,-5.43,0.104,0.0559,0.000488,0.44,0.702,95.995,0.227918,0.790452,0.949086,0.171433,0.877601,0.272566,0.182512,0.939723
4cucslsiEgezV2o900Ykg3,DJ Shadow,Endtroducing.....,Building Steam With A Grain Of Salt,0.613,0.832,-9.187,0.0281,0.388,0.95,0.0865,0.48,164.876,0.131447,0.897111,0.871247,0.380761,0.800013,0.318917,0.853152,0.873918
7F2LsC5nFX9KxM9ZZwC89x,Jody Chiang,"台灣名謠, Vol. 1: 秋風夜雨",碎心戀,0.506,0.481,-8.411,0.0328,0.751,0.0,0.302,0.387,124.519,0.730619,0.656038,0.478748,0.700365,0.448697,0.667860,0.594831,0.758458
2zME1tNgLyHCJ29E2uSeJM,Solardo;Vintage Culture;LOWES,Adidas & Pearls,Adidas & Pearls,0.589,0.893,-8.24,0.0428,0.000875,0.00822,0.0917,0.433,125.0,0.046241,0.894222,0.849001,0.440716,0.915144,0.171273,0.289153,0.732613
4ITIaQ64inKaI9rjRoNcLo,Bishop Briggs,Обратно в клас - rock,River,0.726,0.484,-6.708,0.0477,0.274,2.42e-06,0.0874,0.561,62.492,0.651167,0.728074,0.772414,0.474371,0.815971,0.451835,0.756834,0.601587
19mM8MZLnS27poKhi2vDhn,SwitchOTR,"Coming for You (feat. Loski, Bandokay & Izzpot) [Remix]",Coming for You - Freestyle,0.898,0.303,-6.68,0.403,0.219,0.000962,0.0633,0.68,140.23,0.180617,0.772811,0.805986,0.274083,0.544835,0.530608,0.479794,0.834667
7MmCtSgteCZnHA40oOSGSp,Stealers Wheel,Fiesta temática 70s,Stuck In The Middle With You,0.768,0.759,-4.472,0.0348,0.134,9.56e-05,0.0531,0.96,124.201,0.323521,0.877068,0.937983,0.125708,0.730708,0.381401,0.419339,0.814054
78NE0GPCrpOVGkWKopqhHI,Tough Love,Toolroom Amsterdam 2022,Annihilation,0.739,0.798,-5.446,0.0839,0.00195,0.85,0.0818,0.34,124.01,0.061035,0.910610,0.792755,0.344317,0.870466,0.201919,0.853877,0.832591
1eJZGGcsqMhvtZaSOFQSJm,Alfredo Kraus,The Voice of Spain,Júrame,0.275,0.217,-14.65,0.037,0.952,0.0,0.24,0.395,90.518,0.901281,0.449033,0.249343,0.919934,0.316867,0.802797,0.731574,0.228349
1s4ZKdemS4cQJJvs0IYjZ4,Papon,Niyoror Ghodhuli,Jonake Bisare Ki,0.664,0.543,-8.362,0.0308,0.419,4.05e-05,0.0713,0.561,149.971,0.337862,0.871205,0.828231,0.285010,0.660532,0.636227,0.525580,0.819530
5elW2CKSoqjYoJ32AGDxf1,ENHYPEN,DIMENSION : ANSWER,Polaroid Love,0.738,0.67,-3.766,0.0439,0.458,0.0,0.361,0.651,138.055,0.291191,0.900878,0.873919,0.382219,0.722849,0.341383,0.537303,0.830575
7K8ynCu1uyHNR23IokFDK5,Sweet Little Band,Les Tout - Petits Ecoutent Beatles,Yellow Submarine,0.643,0.262,-9.201,0.0333,0.324,0.0,0.158,0.776,113.051,0.633776,0.693218,0.860414,0.230541,0.310660,0.624405,0.810897,0.444611
6GGALcTTJ5jSvRtm4kHVcU,Die Flippers,Mit den Flippers um die Welt,Mitternacht in Trinidad,0.651,0.755,-11.768,0.0359,0.274,0.0,0.0807,0.74,130.733,0.205039,0.743644,0.909787,0.130934,0.720337,0.353958,0.524296,0.797224
6q7bXTv3yBedHblKRoC5uu,Prateek Kuhad,Karwaan,Kadam,0.55,0.356,-14.142,0.0405,0.637,0.187,0.32,0.343,159.911,0.538592,0.801033,0.483939,0.851575,0.754982,0.582437,0.785686,0.624085
6126lbKcz91f4wgSwBF0vG,Eddy Tyler,Guitar Instrumental Covers,Somebody That I Used To Know,0.749,0.332,-10.815,0.0417,0.881,0.597,0.107,0.734,128.9,0.766992,0.819712,0.751382,0.615115,0.296048,0.754712,0.926721,0.693155
1ATferEk4ehSWQ4uoA3U6S,Celia Cruz;Johnny Pacheco,La Experiencia,El Tumbao Y Celia,0.713,0.534,-9.026,0.0349,0.59,0.000198,0.496,0.806,96.316,0.724456,0.706910,0.854544,0.270583,0.619535,0.749534,0.432911,0.748885
00tVVn9y5Ar2mmfiN0Bjmq,Frankie Valli & The Four Seasons,Jazzy Christmas Vibes,The Little Drummer Boy,0.613,0.278,-13.709,0.0288,0.633,0.0,0.0848,0.55,74.311,0.906880,0.456075,0.455371,0.613662,0.512778,0.798470,0.735410,0.396767
7MvuFyAPlXazo6NUuei5Di,Therion,Les Fleurs du mal,Lilith,0.328,0.8,-4.682,0.0374,0.00193,0.00171,0.265,0.428,81.455,0.192322,0.759627,0.596447,0.280612,0.912559,0.312209,0.407883,0.654669
0g4fzRkbLeCDUCoe5iUOcf,Lykke Li,so sad so sexy,sex money feelings die,0.789,0.534,-6.347,0.0709,0.323,3.42e-06,0.0645,0.631,134.055,0.355853,0.766818,0.781034,0.282505,0.787630,0.298958,0.474630,0.690933
67oyFnjJnn78fZP9KjeZx0,Supertramp,Breakfast In America (Deluxe Edition),Goodbye Stranger - 2010 Remastered,0.42,0.668,-7.35,0.0517,0.607,0.016,0.0585,0.338,125.391,0.652835,0.832460,0.477751,0.565315,0.742966,0.200508,0.724779,0.795972
70EAPHQagNqQz3Do73iMh6,Don Omar,Feliz Cumpleaños con Perreo,Salió El Sol,0.886,0.708,-5.915,0.0911,0.107,0.0114,0.044,0.965,109.976,0.354253,0.877488,0.988160,0.043480,0.708445,0.310513,0.448105,0.779302
7pdODLWQQcPNKeNdD94bC4,fenekot,Slowed + Reverb,Habits (Stay High) (Slowed + Reverb),0.703,0.284,-12.47,0.0787,0.885,0.000997,0.111,0.0979,91.824,0.867478,0.469211,0.354137,0.789921,0.572555,0.809764,0.631969,0.590600
5E3RRVmYMaVXC6B8TaJ7aK,Lordi,To Beast or Not to Beast,Candy for the Cannibal,0.484,0.953,-7.097,0.0662,0.00256,9.44e-05,0.273,0.481,148.032,0.054463,0.947906,0.744880,0.215623,0.873139,0.138883,0.285435,0.840034
3qNdhSgbiZMbZRc0ZCeeZe,Tony O'Connor,Uluru,Uluru,0.112,0.1,-19.091,0.0419,0.866,0.925,0.0917,0.145,70.905,0.909760,0.143654,0.034017,0.973315,0.453934,0.724684,0.978110,0.173302
5TmFTHZp7HjBXjjsFvCY6h,Alex Gaudino;Crystal Waters,Destination Calabria,Destination Calabria - Radio Edit,0.627,0.954,-4.804,0.0425,0.0015,0.000814,0.292,0.312,128.016,0.119127,0.918059,0.881866,0.160540,0.953339,0.033365,0.283320,0.888188
7G8wXQyYA7lfJ7LEzYGCC8,PXNDX,Poetics,Un Tipo de Indulgencia,0.45,0.933,-3.963,0.128,0.0115,0.00324,0.119,0.525,154.18,0.046759,0.860016,0.767576,0.286224,0.889098,0.091331,0.218027,0.899325
4v1EzxLxaKMBC3vwkegyIx,Kainbeats;softy,Finding Beauty,Cloudy Springs,0.574,0.0863,-23.725,0.0387,0.952,0.919,0.0852,0.193,136.11,0.964045,0.361131,0.196066,0.934725,0.392466,0.877731,0.984182,0.559646
1u8FVpugCoTfwuAcYESZe6,Rashid Beibutov,Arshin Mul Ullun,Hasrat(gizil Deglama),0.268,0.142,-10.601,0.0343,0.987,0.0,0.175,0.253,70.684,0.924167,0.265962,0.074880,0.961624,0.546298,0.780815,0.691724,0.136080
2nF4CJQfTfwft6TYVYLKiI,Zaeden,kya karoon?,kya karoon?,0.723,0.561,-8.322,0.035,0.642,7.11e-06,0.228,0.616,145.02,0.599690,0.630025,0.669172,0.604820,0.852144,0.501651,0.551335,0.783001
2h3VsZVKQeT0yLNQtCIRjn,Jonah Baker,Girls Like You (Acoustic Version),Girls Like You - Acoustic Version,0.543,0.138,-14.331,0.0531,0.791,0.0,0.185,0.3,115.65,0.851393,0.429057,0.193197,0.900364,0.556423,0.800324,0.756465,0.197029
0BiVnPxkDSfZx3BjNDQrGg,Kevin Roldan,El perreo es el futuro,PPP,0.798,0.625,-6.83,0.13,0.383,3.33e-05,0.125,0.774,92.994,0.398764,0.794422,0.923788,0.335914,0.591367,0.658381,0.382674,0.621729
2wlJT4GJkQNXeI4GxLUhLQ,Clara Mae,Drunk On Emotions,Unmiss You,0.732,0.658,-5.932,0.0432,0.397,0.0,0.0964,0.578,104.983,0.310732,0.732859,0.721710,0.358377,0.705520,0.597497,0.416656,0.750464
5wavgUwXeiMoFal1h1AC05,G.E.M.,啓示錄,冰河時代,0.619,0.569,-7.393,0.0367,0.11,2.64e-05,0.105,0.207,129.947,0.285931,0.683456,0.748275,0.627889,0.954849,0.187517,0.600409,0.777205
0IgOpNUZUewUakkBGzRCQV,Los Baby's,Tributo a,Negrura,0.703,0.838,-2.228,0.0292,0.14,0.0,0.299,0.817,119.079,0.181912,0.859390,0.956272,0.114775,0.670696,0.168870,0.413997,0.841776
224hSzD77teIxEspp7MNTt,Belfa;Kayli Marie,Late Night Thoughts,Late Night Thoughts,0.752,0.129,-16.94,0.0531,0.845,0.0529,0.0938,0.207,118.022,0.856767,0.522041,0.158865,0.945462,0.417584,0.770862,0.728544,0.399366
57n605a9nDDzchHanKhP0u,Lucas Lucco,O Destino (Bonus Track Version),11 Vidas,0.624,0.622,-5.78,0.03,0.804,0.0,0.155,0.457,140.021,0.413483,0.853365,0.606128,0.682742,0.670620,0.749894,0.550726,0.845185
75wgzW7NT0mJ0Fln507xzG,Sérgio Reis e Filhos,Violas e Violeiros,Escolta De Vagalumes,0.561,0.678,-4.79,0.0295,0.648,0.0,0.48,0.388,111.879,0.502695,0.732167,0.703705,0.691562,0.826010,0.593338,0.545166,0.652053
0VuMYPVXdyIKcfmbMKzaSi,Jhayco;Bad Bunny,Clásicos de ahora: Perreo,CÓMO SE SIENTE - Remix,0.807,0.606,-8.871,0.0872,0.0946,0.0,0.119,0.304,92.988,0.303046,0.642865,0.661883,0.535991,0.916409,0.248105,0.548163,0.753157
33JQOzpOleGvqQrhgYw1ny,Miss Chantal,Darf ich bitten,Darf ich bitten,0.703,0.918,-3.036,0.0509,0.255,2.86e-06,0.0934,0.511,123.957,0.147582,0.947727,0.919437,0.324294,0.884606,0.188226,0.515443,0.919967
5fKyecQMay6dMwjf9VdYkk,The Phantoms,World Gone Mad,Made For This,0.478,0.776,-5.457,0.0345,5.49e-05,1.7e-05,0.295,0.378,82.019,0.292917,0.791228,0.621762,0.434156,0.890346,0.189386,0.319027,0.703887
2Wc2tcQl7cPetPKeXH3GD3,Zella Day,Kicker,East of Eden,0.598,0.803,-3.203,0.0349,0.0355,9.66e-05,0.107,0.567,122.889,0.096356,0.927407,0.852825,0.252436,0.744410,0.192841,0.451661,0.877804
3w9rbjxB0vGRaEZH0G2qCo,Sabotage;Helião;Cascão;DJ Cia,Rap É Compromisso (Edição Comemorativa),Na Zona Sul,0.892,0.519,-7.568,0.348,0.162,0.0,0.0938,0.653,84.14,0.458564,0.603595,0.909882,0.312578,0.803962,0.448681,0.233142,0.474744
6BXz5aIbAqHT75w5z3hG3u,Maneva,Tudo Vira Reggae (Ao Vivo),Eu Te Devoro - Ao Vivo,0.704,0.404,-8.877,0.0464,0.322,4.69e-05,0.0903,0.378,87.919,0.749315,0.709589,0.636896,0.694244,0.713089,0.650094,0.670183,0.400459
40gGeC397vLmz4eETZDSrG,Five Finger Death Punch,AfterLife,AfterLife,0.472,0.989,-4.214,0.0597,0.000655,4.87e-06,0.341,0.327,93.985,0.173590,0.849424,0.646893,0.251069,0.931715,0.183376,0.178851,0.805626
1mEmpPOgLzbDKwi5Us6Haz,Blondie,Halloween 2022,Heart Of Glass - Special Mix,0.659,0.78,-8.425,0.031,0.0144,0.0351,0.181,0.807,114.422,0.130412,0.873096,0.951910,0.067918,0.694102,0.424873,0.362128,0.861798
2Hll5oRnCZZ9oaHV2wQCvp,Håkan Hellström,För sent för Edelweiss,Inte skyldig nån nåt,0.547,0.912,-6.14,0.0323,0.107,3.99e-06,0.0484,0.969,148.66,0.090532,0.952732,0.944777,0.041384,0.789338,0.183836,0.353898,0.844998
41gpMwpQh5JqwaONDJXZJ2,Röyksopp,Röyksopp's Night Out,Sparks - Live,0.518,0.879,-9.349,0.0548,0.0767,0.00525,0.516,0.369,124.972,0.062880,0.872834,0.837300,0.161101,0.889341,0.248203,0.326640,0.690220
1G5jj2IF9I6V5m9heHq01r,Antonín Dvořák;Wiener Philharmoniker;Herbert von Karajan,Classical Running,"Symphony No. 9 In E Minor, Op. 95, B. 178 ""From The New World"": 3. Molto vivace",0.319,0.0541,-20.544,0.0388,0.949,0.537,0.0929,0.1,129.399,0.971368,0.172032,0.074541,0.965793,0.554089,0.895874,0.952575,0.394668
0chYhbmecFWGmfysKa3vO5,CORBAL;Shiloh Dynasty;itssvd,Love Is the Same as Sadness,You Know That I Don't Play,0.476,0.563,-13.965,0.469,0.956,0.0173,0.123,0.376,79.463,0.833434,0.352325,0.214845,0.874140,0.792169,0.728637,0.641168,0.422636
726mGvnRdaFnW6dmlOqTBu,Zoe Wees,Daddy’s Eyes,Daddy's Eyes,0.571,0.654,-4.552,0.0509,0.453,0.0,0.557,0.19,123.767,0.351433,0.854161,0.429635,0.645350,0.876053,0.376622,0.605981,0.818899
5aA6v3KHuI62C4WHWjYmMl,Blake Rules;Netherfriends,Kids Trap 14,Camping,0.898,0.351,-13.396,0.0649,0.0962,0.0,0.36,0.682,139.968,0.323840,0.836793,0.925973,0.262007,0.664225,0.397350,0.449621,0.772203
7phQYZpDdrK06KZTKnaYBI,Israel Salazar,Fé Inabalável,Fé Inabalável,0.523,0.585,-5.366,0.0299,0.572,0.0,0.174,0.297,112.018,0.538410,0.665090,0.308014,0.679401,0.893167,0.528301,0.620280,0.624089
7nBeVCe5XQ6sn6dzqFvglv,Kid Abelha,Greatest Hits 80's,Alice (Não me escreva aquela carta de amor),0.585,0.7,-8.591,0.0847,0.0851,0.245,0.103,0.951,177.596,0.160674,0.871668,0.941554,0.114772,0.817478,0.241379,0.469386,0.663822
7hTyEBBgIPW8GyMT37KPxl,Jarico,Landscape,Landscape,0.826,0.647,-7.002,0.129,0.359,3.68e-05,0.101,0.178,99.994,0.229168,0.889830,0.650183,0.556139,0.823018,0.259037,0.645990,0.846005
3m0arPTNoYaVzUt4w6M3Ij,Ed Gein,Judas Goats & Dieseleaters,A Conflict of Interest,0.205,0.975,-2.621,0.0856,2.23e-06,0.00733,0.374,0.118,81.328,0.052252,0.722176,0.352606,0.534330,0.978244,0.119367,0.263603,0.617697
7sYajCGYZCbsZbk997CPA8,George Jones,Mr. Country and Western,For Better Or Worse (But Not For Long),0.623,0.463,-11.7,0.0289,0.576,0.0,0.169,0.871,95.363,0.746714,0.458298,0.876005,0.184934,0.475439,0.760072,0.706801,0.620708
61gLyY13fBlwh9Kp2gvmlL,George Strait,World's Best Christmas Playlist,O Christmas Tree,0.499,0.295,-11.782,0.0287,0.794,0.0,0.0829,0.323,154.938,0.741166,0.737059,0.322320,0.848699,0.412456,0.666712,0.842591,0.626512
69GXaKmq1wdZ8zFedogQKg,Arctic Monkeys,One For The Road,One For The Road,0.415,0.668,-6.849,0.036,0.212,0.0615,0.27,0.842,180.048,0.118667,0.874191,0.857300,0.363259,0.716755,0.431397,0.409276,0.837607
6xLGj05sCgZxMdDTQI3150,Slaughter to Prevail,Kostolom,Zavali Ebalo,0.555,0.992,-1.483,0.135,0.000276,0.0146,0.355,0.489,160.026,0.026099,0.890469,0.932778,0.223819,0.925570,0.075075,0.373575,0.883460
1SZp7sIqzHHh1YMaMu8FL2,Wolfgang Amadeus Mozart;Danielle Laval,Mozart - A Classical Dawn,"12 Variations on an Allegretto in B Flat, K.500: 11. VariatiIon X",0.372,0.0722,-24.857,0.0331,0.993,0.898,0.0886,0.324,100.924,0.952122,0.311435,0.102087,0.899343,0.485774,0.871240,0.971290,0.181473
5So7fa1VDWpsQaSRnS16H3,Peter Wackel;Chriss Tuxi,Best Of Karneval,Joana,0.763,0.906,-4.856,0.0336,0.174,1.35e-06,0.176,0.961,126.043,0.119814,0.927175,0.989104,0.047749,0.760009,0.283107,0.581642,0.851377
7bd6i95HUlQkNkTQClwcW5,NAALAYAK,Hindi Gaane,Zakir,0.613,0.508,-8.489,0.0343,0.275,8.28e-06,0.0809,0.327,144.106,0.277386,0.899609,0.652728,0.706417,0.747020,0.504241,0.453754,0.539501
5vn0OLU5oirXcxhpV4qcwV,Herva Doce,Série 2 em 1 - Herva Doce,Amante Profissional,0.742,0.946,-3.629,0.0651,0.173,1.48e-06,0.0251,0.959,142.618,0.094300,0.953592,0.972389,0.034782,0.699649,0.114979,0.372458,0.931507
4EJBMWkzBDS9Cz3GsUKVoN,Outsiders,Molotov,Molotov,0.417,0.688,-6.234,0.0358,2.32e-05,1.96e-05,0.0796,0.578,170.014,0.125791,0.849560,0.829730,0.351981,0.880073,0.195921,0.428286,0.635112
7vodwj1T4yf0xitWOg2fSA,KAROL G;Maldy,Feliz Cumpleaños con Perreo,GATÚBELA,0.627,0.858,-2.824,0.386,0.263,0.0,0.21,0.342,92.523,0.160009,0.923160,0.742169,0.263575,0.934698,0.326318,0.290818,0.801507
3cG1HLC7TJCIJVK8IGmVUh,Mindi Dickstein;Jason Howland;'Little Women' Original Broadway Cast,Little Women - The Musical (Original Broadway Cast Recording),How I Am,0.52,0.324,-10.238,0.055,0.906,5.56e-05,0.0596,0.443,77.565,0.894637,0.544974,0.327843,0.810510,0.518148,0.926637,0.800892,0.236756
4NAIR0YyWdpxMDuEtcujeO,Burgerkill,Berkarat,Berkarat,0.288,0.889,-6.648,0.112,0.00444,0.000427,0.193,0.119,102.367,0.168327,0.865167,0.271497,0.712968,0.887792,0.122924,0.365766,0.739683
6TClJ8jXi3OBV7gcrU3jx5,AP Dhillon;Gurinder Gill,HIDDEN GEMS,TERE TE,0.692,0.488,-10.96,0.135,0.0508,0.0,0.154,0.299,171.9,0.150686,0.798910,0.650363,0.578262,0.805593,0.243206,0.301467,0.863067
0ikGlLB4TCgjWZyJfktLMs,Chico Buarque,Ao Vivo,João E Maria (Ao Vivo),0.343,0.516,-9.701,0.0444,0.392,3.56e-05,0.981,0.447,105.556,0.469621,0.585757,0.663523,0.655088,0.674983,0.434712,0.369125,0.715391
4FmlL5OdnOLPLzTJNstL3n,Die Toten Hosen,Alles aus Liebe: 40 Jahre Die Toten Hosen,Liebeslied - Neue Aufnahme 2022,0.518,0.995,-3.412,0.0901,1.11e-05,0.00161,0.0931,0.342,135.013,0.058018,0.969510,0.876099,0.331576,0.924780,0.071869,0.401255,0.852451
4CWP7Zw5iq6Pwy69xlhpvl,Astrid S,Rainy Day Chill,Hurts So Good - Slow + Reverb,0.611,0.533,-7.746,0.0397,0.0562,0.0,0.0923,0.288,95.046,0.288972,0.681398,0.428686,0.508860,0.935683,0.185917,0.419361,0.612222
3WeWaUyTww9gLKmimlwm5w,Lamb of God,As The Palaces Burn,Ruin,0.195,0.958,-4.391,0.194,5.19e-05,0.128,0.371,0.11,198.151,0.054565,0.976576,0.505315,0.487504,0.963281,0.026650,0.223922,0.883824
5VyVQuqtPkKZt1jaXKuQkR,Claptone;Dizzy;Nora En Pure,Queen of Ice (Nora En Pure Remix),Queen of Ice - Nora En Pure Club Mix,0.714,0.891,-6.752,0.0381,0.0513,0.0837,0.152,0.0415,123.0,0.126573,0.960455,0.617626,0.450854,0.968644,0.161556,0.727031,0.888539
5JDcQAztvZTIkrWoZihgvC,Ron Pope,The Bedroom Demos,A Drop in the Ocean,0.447,0.393,-8.65,0.038,0.785,0.0,0.28,0.564,73.139,0.830150,0.594022,0.498077,0.826861,0.488244,0.800604,0.452115,0.473741
7HSi0K1ryVMOC9T6fWKMK5,Randy Travis,Country Holiday,Meet Me under the Mistletoe,0.626,0.422,-13.618,0.0492,0.246,0.0,0.342,0.661,151.466,0.500795,0.718367,0.811261,0.485520,0.451518,0.542247,0.625274,0.748834
6yoEBvEehjyf8JHHrlqgOj,MC Hariel,Pirâmide Social - Spotify Singles,Pirâmide Social - Spotify Singles,0.67,0.686,-6.537,0.17,0.654,0.0,0.14,0.836,96.072,0.768008,0.847812,0.815554,0.284294,0.416522,0.611525,0.624564,0.571210
1YIT13nWaJ3riPwe2LwGZW,DJ Fresh;The Fray;Professor Green,Nextlevelism (Deluxe Version),Forever More (feat. The Fray & Professor Green),0.611,0.879,-4.263,0.0446,0.0208,0.0,0.186,0.381,139.963,0.086713,0.911913,0.721668,0.291000,0.955616,0.101794,0.521066,0.930222
4BppmhMgZbObWXLwFRxOjC,The Head And The Heart,Feeling Good - Adult Pop Favorites,Don't Dream It's Over,0.433,0.73,-4.934,0.0315,0.0824,2.03e-06,0.105,0.348,84.142,0.273468,0.747254,0.714755,0.581409,0.859122,0.304961,0.609043,0.716685
5aJsZdmc9DKHPgN8P9uzvP,The Supremes,Best Christmas Music 2022,My Favorite Things - Stereo,0.236,0.555,-7.383,0.031,0.0392,0.0,0.213,0.325,80.718,0.242030,0.561836,0.363071,0.839711,0.633462,0.267391,0.426236,0.540218
5guEzy7yKc1vpyC6YrxBOz,Gioachino Rossini;Jesús López-Cobos;Orchestre de Chambre de Lausanne,40 Most Beautiful Arias,"Rossini: Il barbiere di Siviglia, Act 1, No. 5: Una voce poco fa",0.305,0.145,-18.889,0.074,0.98,5.91e-05,0.0889,0.166,67.656,0.882842,0.276633,0.092987,0.983385,0.647010,0.857846,0.781838,0.187049
7lihjNUhcrpaennBT2nuWX,Hideyuki Hashimoto,Kanade,Kanade,0.586,0.161,-28.224,0.0399,0.992,0.945,0.106,0.331,73.436,0.953819,0.161829,0.372836,0.892262,0.492064,0.889045,0.971886,0.271636
3kp0sG1Vxb3rbxqYjTYtvl,New Found Glory,Alternative Christmas 2022,Ex-Miss,0.489,0.906,-5.825,0.0339,9.02e-06,1.16e-06,0.331,0.673,97.056,0.144845,0.860579,0.869814,0.154587,0.807527,0.207380,0.394757,0.731102
5N4YxET8jqtlvYDy5zmvjY,Carcass,Surgical Steel (Complete Edition),Unfit for Human Consumption,0.144,0.993,-4.663,0.124,2.23e-06,0.597,0.311,0.238,76.399,0.029930,0.847348,0.436761,0.421031,0.971903,0.163534,0.648234,0.737336
2RoQPsAz89XfmsYBvBQQhZ,Shiritsu Ebisu Chugaku,イヤフォン・ライオット,イヤフォン・ライオット,0.665,0.784,-4.693,0.0499,0.00781,0.0,0.12,0.846,138.029,0.119348,0.927282,0.964044,0.049798,0.797408,0.153271,0.359982,0.795555
4h7KTxO9eS389M2qG3jm6O,Marilyn Manson,Mechanical Animals,Coma White,0.347,0.741,-7.937,0.0324,6.73e-06,0.115,0.267,0.0994,159.918,0.108426,0.846960,0.457522,0.570109,0.953693,0.071357,0.376164,0.762116
5r7OKhOQl2vM8SZnCXSQk1,JPEGMAFIA;Helena Deland,All My Heroes Are Cornballs,Free The Frail,0.553,0.509,-7.955,0.353,0.515,0.0,0.154,0.264,153.674,0.403218,0.840663,0.497591,0.744397,0.691294,0.599326,0.581659,0.755806
2hQykQxAGtmbMBvAN7T4Z0,Armandinho,Armandinho,Folha De Bananeira,0.834,0.562,-9.667,0.0373,0.0982,0.0,0.29,0.953,129.086,0.362479,0.842482,0.950491,0.060266,0.484660,0.385240,0.374093,0.738925
03EuhmMsEHVFI9ytainStU,Flux Pavilion,Lines in Wax,I Can't Stop,0.513,0.775,-7.202,0.0304,0.000672,0.248,0.409,0.205,139.932,0.193700,0.884831,0.355810,0.578793,0.972810,0.103368,0.459225,0.781413
4ipbXq1KBTFNCh6R9bAleD,Justin Quiles;Robin Schulz,WORKOUT MOTIVATION,AEIOU,0.689,0.856,-3.394,0.0813,0.0493,0.0,0.232,0.706,126.108,0.173208,0.838945,0.914597,0.253742,0.824106,0.123489,0.301818,0.850641
5WLaJoYalaASb9JB7Yk5U6,BURNOUT SYNDROMES,檸檬,ヒカリアレ,0.313,0.941,-1.741,0.133,0.0112,0.0,0.363,0.35,178.061,0.047883,0.950323,0.711259,0.261183,0.953727,0.073528,0.185169,0.905445
4xhWOVLsr9VsMiaUH4aCrx,Benny,Cielo,Sutil dolor,0.596,0.529,-8.958,0.0327,0.0276,0.00187,0.0811,0.535,144.954,0.114278,0.589164,0.824379,0.423615,0.818174,0.138260,0.718311,0.586722
5t9QtifHOBsN5hWjmInJNG,Saratoga,Secretos y Revelaciones,El Planeta Se Apaga,0.478,0.933,-3.659,0.06,0.000301,0.000715,0.361,0.607,99.93,0.071178,0.831025,0.914432,0.210710,0.893132,0.249337,0.217440,0.848923
6tXCw4NYlgQufigIAwb2HP,Ed Motta,Ed Motta e Conexão Japeri,Vamos dançar,0.689,0.731,-12.323,0.0453,0.377,0.162,0.0422,0.814,123.076,0.278498,0.825958,0.869143,0.218362,0.657649,0.649701,0.751121,0.821289
4WFYHBYhFA6tmCRYKng2MB,Slayer,World Painted Blood,World Painted Blood,0.476,0.994,-3.19,0.175,0.000247,0.152,0.0793,0.126,92.865,0.166407,0.863362,0.522472,0.316618,0.979247,0.063340,0.364574,0.764969
14YRlgVNiKHu0Xts9Xexbu,Soda Stereo,Comfort y Música Para Volar,Disco Eterno - MTV Unplugged,0.547,0.845,-6.146,0.0361,0.015,0.102,0.696,0.352,149.961,0.073170,0.908212,0.783048,0.262419,0.954285,0.100945,0.225202,0.919944
2Pe2uda2pqu1CyK3RqtOAW,Lianne La Havas,20's R'n'B,Bittersweet,0.57,0.409,-7.555,0.0331,0.345,0.000188,0.219,0.304,137.8,0.320440,0.761635,0.256551,0.631733,0.671200,0.384393,0.465520,0.700761
00Ofee5Bbfstz49RfSL0oM,Gloria Groove;Sorriso Maroto,LADY LESTE,TUA INDECISÃO,0.571,0.692,-6.82,0.0371,0.6,0.0,0.214,0.724,141.917,0.356801,0.708317,0.741556,0.469110,0.613514,0.542439,0.563645,0.683193
41oY4WCTj5kccfesTVFnvN,Bad Bunny;Jhayco,Un Verano Sin Ti,Tarot,0.795,0.684,-3.971,0.0419,0.0225,0.0,0.658,0.419,114.011,0.201634,0.718008,0.888572,0.334684,0.863555,0.136793,0.223646,0.747231
4gS4KNWCPUdNWWkn69B52Q,Maneva,8 Anos (Ao Vivo),Lembranças (Ao Vivo),0.576,0.498,-10.775,0.0542,0.492,8.86e-06,0.973,0.788,172.187,0.235567,0.850157,0.710339,0.569597,0.530233,0.504866,0.586715,0.909127
18KjYhghq6K3ZmfcewWDp6,Martin Garrix;Matisse & Sadko;Alex Aris,Mistaken (feat. Alex Aris),Mistaken (feat. Alex Aris),0.424,0.694,-4.912,0.0386,0.0573,0.000937,0.133,0.0801,128.034,0.156581,0.893359,0.416410,0.684696,0.934287,0.123524,0.369651,0.602016
6q9XTgfWilsnyiFofvYrIF,Badshah;Neha Kakkar;Varun Dhawan,"Garmi (From ""Street Dancer 3D"")","Garmi (From ""Street Dancer 3D"") (feat. Varun Dhawan)",0.788,0.87,-5.217,0.177,0.123,1.43e-05,0.0692,0.884,109.974,0.084518,0.934502,0.961628,0.035938,0.690863,0.511757,0.261830,0.783673
1wIE2nfv5oF3ld71AriEDP,My Darkest Days,My Darkest Days (Deluxe Edition),Still Worth Fighting For,0.474,0.873,-2.926,0.0435,0.00326,0.0,0.188,0.372,115.969,0.182665,0.850137,0.768612,0.290375,0.933624,0.149925,0.421709,0.663275
7Lbp0AizgtTGyQyRyJOm7f,Eason Chan,情歌集10 壓軸篇,一絲不掛,0.516,0.545,-7.837,0.0296,0.722,0.0,0.159,0.534,143.99,0.579638,0.794451,0.519855,0.638537,0.630428,0.811416,0.747613,0.581949
40GPRs5W6SAXCcyLNPw7O1,Rick Astley,Hold Me in Your Arms,She Wants To Dance With Me,0.654,0.83,-12.099,0.0513,0.0864,5.19e-05,0.268,0.938,118.031,0.267019,0.906507,0.968749,0.108606,0.799200,0.505288,0.345297,0.729664
7gV7oUjA9WnCzoaVVVjvUV,Andy Karl;Groundhog Day The Musical Company;Tim Minchin,Groundhog Day The Musical (Original Broadway Cast Recording),Day Three,0.339,0.686,-8.343,0.167,0.567,0.0,0.229,0.51,169.367,0.307518,0.839431,0.496800,0.600612,0.689493,0.631966,0.422442,0.791887
5Ihn17ITiif3OcLPoYdQbv,Keanu Silva;Toby Romeo;SACHA,EDM Gaming Music Autumn/Winter 2022,Hopeless Heart,0.727,0.835,-4.981,0.0419,0.179,1.06e-05,0.108,0.408,124.027,0.276581,0.942627,0.736570,0.364750,0.798770,0.193614,0.391971,0.491639
0A2nt7MC3sipIRZ0D1jhZg,J Alvarez;Sak Luke;DJ Valdi,Canciones de Regueton,Loka Loka,0.775,0.794,-4.167,0.0486,0.162,0.0,0.337,0.84,94.018,0.290390,0.878863,0.895280,0.098730,0.871768,0.284479,0.415694,0.801938
5Y1ZwJHNKXql7ZgdJnNt9d,Armando Filho,Final Feliz,Outra Vez,0.47,0.52,-9.717,0.0378,0.815,0.0,0.253,0.331,139.854,0.676112,0.739043,0.252133,0.761221,0.665585,0.773899,0.705233,0.619673
6gRHFhr81eJui2ybVskzI9,Caster,Duel Of The Fates (Star Wars),Duel Of The Fates (Star Wars),0.433,0.894,-2.534,0.118,0.00225,0.326,0.0937,0.268,82.502,0.079489,0.736658,0.565682,0.450744,0.960945,0.215233,0.417702,0.738999
1CvHZE3J5m5suRaKPAAt4p,Ted Gärdestad,REGNIG DAG,Ett stilla regn,0.496,0.339,-9.674,0.0249,0.821,0.0,0.124,0.181,78.711,0.751433,0.448177,0.154195,0.780209,0.782563,0.623095,0.541144,0.444560
16YhZ5rkIbMzsbjU3R6hJd,Germaine Franco,Encanto: La fantastique famille Madrigal (Bande Originale Française du Film),La découverte de Mirabel,0.108,0.29,-14.76,0.0504,0.611,0.911,0.049,0.0394,166.161,0.640073,0.374516,0.034979,0.971029,0.715793,0.390573,0.875980,0.394175
7Dxwcjwp6K8iXketst7YxP,Brett Eldredge;Meghan Trainor,Cuddle Up Christmas,"Baby, It's Cold Outside",0.609,0.575,-4.789,0.0387,0.723,0.0,0.176,0.662,113.958,0.643540,0.815707,0.713942,0.442206,0.510126,0.708593,0.719976,0.787467
104buTcnP2AsxqB7U1FIZ4,Linkin Park;Kiiara,One More Light,Heavy (feat. Kiiara),0.59,0.671,-6.098,0.0706,0.0484,0.0,0.0604,0.438,149.982,0.186696,0.674792,0.699789,0.363473,0.527400,0.100958,0.403143,0.824495
0SoSGyMnR4NJL6aK2IA0ea,Gruzja,Vulgator (Priest Simulator Ost),Happy End,0.575,0.863,-4.917,0.05,0.000795,0.0226,0.154,0.637,120.033,0.090536,0.853527,0.926138,0.109877,0.867545,0.125431,0.438522,0.849557
3Ty7OTBNSigGEpeW2PqcsC,Portishead,Dummy,Glory Box,0.51,0.434,-10.004,0.0361,0.177,0.516,0.0603,0.207,119.695,0.277106,0.592425,0.646844,0.712448,0.855766,0.156100,0.649925,0.451986
6xUBXdVdzs50AvqARndD1A,FLOW,COLORS,COLORS -CODE GEASS OPENING MIX-,0.524,0.815,-5.414,0.0369,0.0482,0.0,0.122,0.638,136.072,0.185819,0.770504,0.852868,0.173581,0.935049,0.255918,0.499618,0.557365
517bz7zkWELmyL4eZzJ5R9,Ankit Tiwari,Best Of Shraddha Kapoor,"Galliyan (From ""Ek Villain"")",0.552,0.75,-5.215,0.039,0.445,7.37e-05,0.291,0.4,89.999,0.387689,0.503544,0.685697,0.359895,0.845985,0.359466,0.349438,0.687937
5V1XV69gOtDelQ6or9BEIP,Faithless;Way Out West,Reverence / Irreverence,Salva Mea - Way out West Mix,0.577,0.775,-10.091,0.0354,6.72e-05,0.828,0.12,0.413,133.007,0.138303,0.881772,0.808662,0.419005,0.862772,0.076789,0.839025,0.674184
13CYT9XLC54qtyg0U8aqb7,Yonatan Awate,Hush,Hush,0.0917,0.00935,-32.99,0.0438,0.97,0.931,0.106,0.0689,73.055,0.976695,0.066759,0.023501,0.990745,0.463014,0.925649,0.991461,0.062501
5toSzfFqh7gfTLGWW3Z8Zv,Rita Lee;Roberto De Carvalho,Rita Lee,Doce Vampiro,0.626,0.493,-14.668,0.0454,0.366,0.000137,0.0873,0.831,135.481,0.667514,0.737730,0.813297,0.279731,0.520444,0.678398,0.581221,0.532701
4pW2CBb6dUUG6tJRl2PEEL,Farzad Golpayegani,Two,Thirty Eight,0.344,0.975,-4.395,0.191,0.0297,0.811,0.362,0.332,192.084,0.033712,0.929106,0.708195,0.237377,0.942376,0.049910,0.440098,0.932846
7eMBsNnxJ0oTy4frrkqdgg,Luke Abbott,Holkham Drones,Sirens for the Colour,0.59,0.341,-18.156,0.0282,0.851,0.92,0.109,0.158,110.012,0.933008,0.357594,0.128638,0.899561,0.740664,0.700991,0.970599,0.295268
3xKJA2UdkdiTvH7g4LFX7A,The Lawrence Arms,Apathy and Exhaustion,Navigating the Windward Passage,0.315,0.973,-6.158,0.103,3.74e-05,0.00195,0.441,0.5,148.642,0.051624,0.900684,0.755928,0.329501,0.909344,0.064935,0.208058,0.858788
6eW5pTcSZXpJmk56xv9pxX,Jane Leslie,Starlight Reflection,On a Quiet Night,0.352,0.045,-24.471,0.049,0.988,0.944,0.0997,0.122,71.907,0.972645,0.137751,0.026581,0.946857,0.661568,0.894779,0.992420,0.063122
0Ze1fY5EP6bLJjPJMRfJKw,Ikke Hüftgold,Ich schwanke noch (Austrinken Remix),Ich schwanke noch - Austrinken Remix,0.58,0.928,-4.05,0.239,0.0938,0.0,0.293,0.366,135.903,0.040122,0.948561,0.732316,0.154076,0.922441,0.082602,0.174554,0.936757
7zlGyAsvNMOdhTU068f79f,Teqkoi;Ondi Vil;Thomas Reid;Bonjr,Please Come Back,Please Come Back,0.737,0.241,-16.034,0.0882,0.51,0.00572,0.108,0.345,100.0,0.849795,0.408051,0.561275,0.822721,0.465319,0.491563,0.586550,0.358844
3waAhmiU3Qu840OiDDdq9U,Rod Stewart;Michael Bublé,Weihnachtslieder 2022,Winter Wonderland,0.684,0.491,-7.655,0.0361,0.71,0.0,0.144,0.4,117.916,0.557298,0.772266,0.609359,0.552454,0.711914,0.402972,0.783985,0.740544
20MbFadCkGIjIMELFz6e6x,Malon,Espíritu Combativo,Los Ojos del Niño - Bonus Track,0.549,0.95,-3.209,0.046,7.76e-05,0.778,0.0901,0.433,128.017,0.042327,0.945737,0.883646,0.176103,0.889784,0.099812,0.709988,0.844191
13MF2TYuyfITClL1R2ei6e,BLACKPINK,SQUARE ONE,BOOMBAYAH,0.661,0.836,-3.164,0.059,0.00268,0.0,0.497,0.396,124.952,0.072792,0.941039,0.925660,0.314291,0.877176,0.118046,0.291576,0.833811
5nEdELdRfQOV9DZgYS9NcN,Sarah Gayle Meech,Tennessee Love Song,Stay Gold,0.481,0.359,-7.712,0.0308,0.359,0.000157,0.175,0.18,67.279,0.536020,0.509529,0.305240,0.642829,0.809100,0.641681,0.739984,0.534512
6LufdDsNUVkawg7eH9DLRL,Jan Blomqvist;Maybemahri,Armada Electronic Elements - ADE 2022,Kaleidoscope Colours,0.6,0.817,-8.693,0.0737,0.01,0.0114,0.116,0.0387,122.022,0.185591,0.842158,0.543628,0.578492,0.941841,0.114871,0.386643,0.673527
4bLCib4WnSGbkPTx6hln2x,Steely Dan,On air 70's Hits,Reelin' In The Years,0.52,0.758,-9.92,0.0363,0.115,0.0,0.109,0.706,135.349,0.130071,0.643664,0.818350,0.098515,0.753953,0.359411,0.344387,0.595519
4yKFAIgwISeVWcNnatlxx3,Tři Sestry,Sex drógy rokenról,Já jsem Aleš,0.503,0.874,-5.0,0.0406,0.055,0.0,0.256,0.524,137.989,0.077282,0.884675,0.740938,0.355570,0.916623,0.201535,0.410229,0.918062
31jdflvTFQhJ4zmMJNTgl7,Bobby Day,The Rockin' Adventures of Bobby Day,Little Bitty Pretty One,0.803,0.467,-10.171,0.0752,0.789,0.28,0.0565,0.935,85.731,0.729869,0.693823,0.825870,0.353309,0.425545,0.901635,0.867161,0.678806
0DCmkHy3eZl8ht8OciCZk8,Eddie van der Meer,"Cover Songs, #1",Pirates of the Caribbean Theme,0.315,0.516,-8.112,0.0622,0.859,0.947,0.115,0.184,188.325,0.713723,0.845498,0.131306,0.926079,0.787157,0.288713,0.931605,0.587835
26HTczHXyN2wkeM6ajQcRt,Stephanie J. Block;Teal Wicks,The Cher Show (Original Broadway Cast Recording),Half-Breed,0.654,0.802,-3.843,0.0556,0.393,0.0,0.135,0.749,104.718,0.448416,0.860228,0.945503,0.166931,0.664253,0.486326,0.366287,0.795571
0D3Sk50zjkHC7RZCSntomo,Mc_team,Música Relajante Para Calmar La Mente,Cantos Gregorianos Sanadores,0.144,0.0389,-27.084,0.0463,0.985,0.688,0.096,0.0334,77.219,0.893329,0.150338,0.023846,0.981472,0.438661,0.833593,0.974253,0.102450
2hIzjuxyItTpPuZZIULExJ,Deep Sleep Music Collective,"Sleeping Music: Calm Music to Help You Sleep, Natural Sleep Aid and Relaxing Piano for Sleep Music",Sleeping Music (Deep Sleep),0.153,0.00197,-36.815,0.0524,0.968,0.913,0.121,0.039,134.697,0.885655,0.106439,0.080297,0.990750,0.479352,0.897461,0.976552,0.203309
5Na9065LqL8u2HsUNqw0RR,Ralphi Rosario;Xaviera Gold;Razor-N-Guido,"UC Fresh Cuts, Vol. 1",You Used to Hold Me - Razor n' Guido Vocal Mix,0.765,0.637,-11.104,0.0503,8.39e-05,0.701,0.114,0.323,129.109,0.230855,0.871935,0.711043,0.464734,0.898113,0.179351,0.826510,0.685972
09l5WCAnOB6puLBjglf8yf,Jax,Victoria’s Secret (feat. Harper) [The Metal Version],Victoria’s Secret - Stripped Strings,0.499,0.185,-9.264,0.0354,0.798,0.0,0.135,0.488,144.555,0.866492,0.505853,0.362219,0.863530,0.471208,0.794313,0.748639,0.450616
62sJMWU7DcKopMRkOzVZuP,H Dixit;Lofi Person,Silent Love Lofi Mashup (Slowed & Reverb),Silent Love Lofi Mashup (Slowed & Reverb),0.423,0.372,-10.938,0.0416,0.901,0.00356,0.138,0.114,149.737,0.849312,0.679714,0.133751,0.957521,0.660194,0.738942,0.834262,0.350920
7xhiWMe7NBTHgultplYXPz,Black Roots,In Session,Confusion,0.795,0.412,-16.38,0.0713,0.0247,0.000214,0.0915,0.897,123.735,0.381152,0.740868,0.896412,0.081393,0.463142,0.433350,0.511620,0.601747
6qynl60zV0oHvGY57xXaG1,Deep Chills;IVIE;Alex Grey,Run Free (Alex Grey Remix),Run Free - Alex Grey Remix,0.598,0.764,-6.289,0.0592,0.0623,0.00302,0.387,0.669,200.042,0.049679,0.902006,0.786150,0.306595,0.786134,0.173830,0.269405,0.854428
0g4fzRkbLeCDUCoe5iUOcf,Lykke Li,so sad so sexy,sex money feelings die,0.789,0.534,-6.347,0.0709,0.323,3.42e-06,0.0645,0.631,134.055,0.349886,0.855802,0.847923,0.348784,0.558060,0.311395,0.520105,0.860522
7KAWe3JvPTugKW2zIrYo88,The Beach Boys,Santa Claus Is Coming To Town,God Only Knows - Mono / 1997 Remastered,0.524,0.487,-7.525,0.0299,0.253,0.0,0.0579,0.482,117.108,0.362920,0.652869,0.775927,0.473249,0.759427,0.171785,0.398021,0.558538
37i4ehp6JPOenvQQEcoYv7,Daddy Yankee,Noche de Halloween Latino,Shaky Shaky,0.899,0.626,-4.228,0.292,0.076,0.0,0.0631,0.873,88.007,0.242924,0.821134,0.941567,0.063055,0.782804,0.407368,0.454977,0.890180
6EPyPNp1db6gQ0NefdL0Eh,Nogizaka46,逃げ水 (Special Edition),女は一人じゃ眠れない,0.477,0.914,-2.705,0.0512,0.0604,0.0,0.0347,0.632,156.949,0.096932,0.877901,0.922530,0.226964,0.824891,0.229285,0.185603,0.856651
5y6DhwlDmP9BX83aD5BZnS,Morbid Angel,Illud Divinum Insanus,Nevermore,0.546,0.897,-5.875,0.0786,1.31e-05,0.00668,0.629,0.244,116.957,0.084210,0.906534,0.815985,0.415464,0.928373,0.113421,0.310525,0.856279
5e0cpLRbShZxK2w3LOR5Zb,Amelie Lens,Little Robot EP,Little Robot,0.606,0.867,-8.57,0.0559,0.000156,0.834,0.0847,0.033,131.985,0.091570,0.919130,0.583339,0.489367,0.977194,0.059559,0.935646,0.881146
7eSWgAlmLPXbGxgH3RNoWh,Tourist;Ardyn,We Stayed Up All Night,We Stayed Up All Night,0.519,0.843,-6.508,0.0431,0.214,0.000446,0.21,0.592,84.997,0.283073,0.892683,0.826260,0.299053,0.893163,0.501598,0.397547,0.897614
4GroumsjzAcgCwJzTGY7px,Bonobo,Migration,Ontario,0.54,0.461,-9.427,0.0341,0.236,0.531,0.0865,0.107,89.995,0.503545,0.569903,0.382008,0.871127,0.876442,0.457383,0.608136,0.502730
3H6D0q6pvzaLyqaMLWGR69,Kochetkovv,I Think You Left Your Scarf,I Think You Left Your Scarf,0.613,0.142,-21.628,0.0426,0.897,0.93,0.109,0.0355,76.995,0.936009,0.386128,0.111404,0.954529,0.740332,0.851482,0.977581,0.274382
6CTG85NJI1Wm60pxTSRNwL,Flying Lotus;Kendrick Lamar,You're Dead!,Never Catch Me,0.526,0.936,-4.576,0.263,0.316,0.000384,0.261,0.283,81.305,0.133925,0.817002,0.790899,0.594298,0.913162,0.194137,0.221679,0.749025
4lCjq7OxoVJzdbHmLpT1Bd,Starfarer,A New Horizon,A New Horizon,0.359,0.575,-10.779,0.0342,0.00891,0.938,0.106,0.21,198.031,0.161832,0.763749,0.488472,0.574709,0.857101,0.102749,0.898767,0.895229
009MGoCC568mI1yvsbmTxw,Justnormal,Guessing Game,Park Bench,0.805,0.503,-7.887,0.0716,0.75,0.788,0.293,0.515,97.964,0.816219,0.711660,0.833573,0.647492,0.752450,0.694853,0.903612,0.669738
0vFaWaqU8AGed1slnaP1rn,BiSH,GOiNG TO DESTRUCTiON,STAR,0.457,0.841,-4.252,0.0354,0.000791,0.00113,0.399,0.613,140.134,0.212650,0.919314,0.854087,0.263124,0.728158,0.034717,0.327744,0.792048
2GFpwGDVszrgQNe1k4hLNH,Skank;Michael Fossenkemper,#1 Hits,Tão Seu,0.778,0.784,-3.538,0.0628,0.0292,0.000297,0.244,0.969,153.813,0.117020,0.903652,0.977894,0.095179,0.733883,0.279971,0.292378,0.782757
4iP9fCaYMidR4alRIjBJH0,Don Valiyavelicham,His Grace,Ethrayum Snehichal Pora,0.592,0.57,-7.11,0.0535,0.401,0.000141,0.187,0.317,147.764,0.291837,0.440923,0.614801,0.586153,0.648455,0.333619,0.745714,0.576448
55YClWYJCtrXLc6bOgeVGZ,NTO;Innellea;Tricky,Loving You Like Always (Innellea Remix),Loving You Like Always - Innellea Remix,0.73,0.552,-8.331,0.0397,0.00736,0.817,0.114,0.296,119.993,0.108624,0.576669,0.685899,0.381000,0.845086,0.147295,0.896452,0.895142
693l6uEsdczvJ32j7Ib2ba,Tim Toupet,"Saufen morgens, mittags, abends - Die Party",Eine neue Leber ist wie ein neues Leben (Eine neue Liebe ist wie ein neues Leben),0.697,0.981,-3.644,0.0312,0.119,0.0,0.268,0.922,138.054,0.051161,0.976740,0.983620,0.124514,0.747066,0.231076,0.397163,0.911854
34JS7SWgCH3282btYwsPWQ,In Flames,A Sense of Purpose (The Mirror's Truth Version),Alias,0.427,0.93,-3.734,0.0592,0.0194,0.000844,0.2,0.361,170.027,0.029069,0.912549,0.644650,0.339981,0.967024,0.124123,0.258745,0.804582
1kOfQVjzwH96tdrz2emKus,Anupam Mukherjee,Aaj Phir Kyu,Aaj Phir Kyu,0.521,0.476,-8.608,0.031,0.727,0.0158,0.0936,0.427,139.863,0.773465,0.608762,0.417196,0.750784,0.742988,0.616547,0.636000,0.562355
3HKcA3RHjWhKOKG37thGZZ,Promo,Last Men Standing,I Come Correct,0.689,0.931,-4.467,0.144,0.0114,0.589,0.0753,0.145,147.852,0.104808,0.880583,0.762139,0.411021,0.946766,0.082768,0.824805,0.895743
18ONQnZsstfBATeq0yusPN,Yuvan Shankar Raja;Karthik;Reeta,Yaaradi Nee Mohini (Original Motion Picture Soundtrack),Oru Naalaikkul,0.706,0.735,-7.564,0.0322,0.37,0.0165,0.107,0.827,119.969,0.301766,0.747423,0.909787,0.133038,0.688447,0.339199,0.574604,0.741176
7HsGtxpInhLpgIH3OREKDr,Jeanne Added,Radiate,Before the Sun,0.524,0.764,-9.53,0.049,0.266,0.0299,0.0886,0.0388,121.923,0.514623,0.804271,0.554731,0.745130,0.912542,0.096548,0.807799,0.750409
6rmlfJjZ2kmMIjKFtOQWjZ,Promoting Sounds;Eredaze,They Distort My Reality,They Distort My Reality,0.659,0.462,-11.42,0.11,0.113,0.0,0.115,0.423,155.877,0.242205,0.752349,0.685361,0.615264,0.809486,0.333016,0.492716,0.542839
2Tq6BARINibFGlYZyY5Gg3,Mark D. Pencil,"Learning With Hip Hop (Today's Music Paired With Educational Lessons For Classrooms And Homes, Ages Pre-K - 5th)",Clean Up Robot - Short Version,0.861,0.821,-8.591,0.143,0.00943,0.00608,0.18,0.961,150.007,0.077020,0.920128,0.953633,0.033786,0.832319,0.432717,0.483327,0.806134
1kPpge9JDLpcj15qgrPbYX,Owl City;Carly Rae Jepsen,The Midsummer Station,Good Time,0.56,0.872,-4.269,0.14,0.0239,6.98e-06,0.371,0.682,126.05,0.094026,0.850362,0.911227,0.136457,0.917497,0.166374,0.170657,0.779406
0GOxBVl062KmJt4Spnvjuu,Colyn,Resolve,Resolve,0.781,0.555,-10.598,0.0464,0.0149,0.943,0.0921,0.175,123.015,0.236639,0.795737,0.487076,0.630412,0.829316,0.088666,0.856137,0.866810
5t1OFHuWDlmusIYUZSNADT,Currents,The Way It Ends,Never There,0.206,0.556,-9.347,0.0309,0.191,0.18,0.191,0.0386,86.927,0.340093,0.551479,0.146549,0.826134,0.894604,0.241704,0.601612,0.380684
3jmelhU4kuytaLPLeiAerH,Ill Niño,Revolution Revolucion,I Am Loco,0.516,0.945,-4.202,0.0979,0.000602,0.0683,0.0841,0.101,174.756,0.081738,0.926689,0.567812,0.600229,0.937347,0.109129,0.514331,0.666261
2S3G868WlDZNtfwZiDKPRx,The Killers;Ryan Pardey,Alternative Christmas 2022,Don't Shoot Me Santa,0.588,0.847,-4.164,0.0705,0.0601,0.0,0.307,0.662,120.041,0.131096,0.939967,0.961244,0.129810,0.852257,0.284111,0.468173,0.868647
30DrIi20MfKnAbLcIfQJ4b,Chrystian & Ralf,Chrystian & Ralf,Loucura demais,0.587,0.642,-8.071,0.0299,0.138,0.0,0.268,0.722,75.916,0.438756,0.714107,0.942336,0.240661,0.849146,0.345728,0.432486,0.760490
4aB9LZg1oFl459DOgPlEHP,Kari Jobe;Cody Carnes,The Blessing,The Blessing - Radio Version,0.427,0.549,-5.669,0.0348,0.0359,0.0,0.104,0.213,139.719,0.376391,0.709401,0.555720,0.510508,0.898305,0.191138,0.388150,0.570230
6nJi2wdbnVaMKCWoeHbMni,Ruth Sahanaya,Greatest Hits,Bawa Daku Pergi,0.708,0.786,-6.729,0.0513,0.186,0.00216,0.118,0.675,113.034,0.272385,0.899437,0.958152,0.362288,0.836974,0.262243,0.594650,0.728165
0jdhHawPag29FgbsTm6q7H,Beshenitar,The Great Wound of History,The Great Wound of History,0.295,0.999,-3.66,0.0828,0.441,0.877,0.985,0.0253,140.002,0.157401,0.887185,0.352572,0.715074,0.928306,0.098607,0.658630,0.904355
4ofwffwvvnbSkrMSCKQDaC,George Ezra,Staying at Tamara's,Shotgun,0.673,0.735,-4.733,0.0457,0.286,0.0,0.242,0.754,115.744,0.447524,0.889261,0.838792,0.259711,0.521986,0.532577,0.489378,0.684570
4k6fepFXineulQlvEnyO9d,Mandy Patinkin;Robert Westenberg;Kay Walbye;Rebecca Luker,The Secret Garden (Original Broadway Cast Recording),Quartet: There's a Man (Transition),0.461,0.192,-17.086,0.0634,0.943,0.000327,0.241,0.498,124.004,0.839887,0.461314,0.212533,0.887909,0.505420,0.916466,0.762318,0.361705
38be6Tha1a4kOJPBaqpeEm,ARTBAT,Flame,Flame - Edit,0.608,0.936,-6.254,0.0583,0.00181,0.736,0.0463,0.0389,127.038,0.045141,0.905866,0.621205,0.531010,0.956610,0.035836,0.862898,0.695096
1oOOiIOR4OXntHkpSvytwb,York;Scot & Millfield,The Awakening (2020 Edit),The Awakening - 2020 Edit,0.848,0.87,-4.014,0.0395,0.172,0.795,0.247,0.25,120.013,0.197879,0.948666,0.719785,0.487854,0.905518,0.121336,0.818390,0.906358
6S8hzeDFZmsJbQCO3w97Zz,Calvin Harris;Justin Timberlake;Halsey;Pharrell Williams,Funk Wav Bounces Vol. 2,"Stay With Me (Part 2) (with Justin Timberlake, Halsey & Pharrell)",0.718,0.88,-6.137,0.0351,0.0245,0.00386,0.263,0.927,126.002,0.147347,0.942711,0.936209,0.056988,0.640895,0.359543,0.277951,0.867855
1sPIy8kKqXUhxbXwXmhyD7,Gabriel Vitel;Monolink,Mind Doodles (Monolink Remix),Mind Doodles - Monolink Remix,0.882,0.543,-7.427,0.0392,0.191,0.000237,0.0897,0.483,118.01,0.198711,0.839955,0.772843,0.656168,0.637768,0.328768,0.596095,0.818942
46KrPzw2hZPICMO5zoqtyz,Out Of Control Army;Dr.Shenka,El Ska No Está en Extinción,Al Fondo del Mar,0.644,0.964,-4.645,0.0909,0.0122,0.00122,0.328,0.935,90.0,0.130714,0.820374,0.978599,0.061511,0.867707,0.245249,0.277881,0.872123
6ZtGz37trOaizvitAyHa5s,Sara Kays,u don't deserve me,Watching TV,0.581,0.571,-6.924,0.0738,0.587,0.0,0.139,0.456,117.965,0.577293,0.838852,0.559187,0.484400,0.648146,0.338815,0.520367,0.638681
5f8xBaP905M0O65CGHwDl4,Joey Montana;Sebastian Yatra,Perreo Tenebroso Vol. 2,Suena El Dembow,0.69,0.858,-4.431,0.0529,0.189,0.0,0.113,0.755,91.884,0.169969,0.907945,0.965031,0.221474,0.846060,0.270833,0.582226,0.751198
5yq2FGKwKq4pOUvHB71qdW,Jehan Barbur,Ürkerek Söylerim,"Sen Bir Aysın, O Yar Gelir",0.355,0.197,-11.617,0.035,0.96,0.0,0.18,0.239,75.991,0.913109,0.199627,0.163029,0.963948,0.582184,0.728767,0.822843,0.182848
0OfQVzxnO17sGMzPOaOJrK,Squeeze,Greatest Hits,Labelled With Love,0.573,0.264,-15.345,0.0323,0.057,0.0,0.17,0.742,93.696,0.346577,0.571298,0.823759,0.332713,0.426691,0.683029,0.634497,0.505853
2GgxS8bUT5G25QJTsfSv0R,Ellie Goulding,Halcyon Days,Burn,0.559,0.777,-5.031,0.0432,0.31,0.0,0.105,0.329,87.016,0.168191,0.643947,0.452671,0.735974,0.888130,0.376307,0.518748,0.782726
6yv0ZjBlZy2oRFq7jAis2C,TWOPILOTS,Riptide,Riptide,0.729,0.836,-4.312,0.0462,0.156,3.27e-05,0.336,0.288,113.998,0.221642,0.951326,0.757319,0.474558,0.925529,0.214722,0.525317,0.915844
7Ja9xfr9nlVNCfpwTZfx37,Joi Barua;Neuman Pinto,Udaan,Kahaani (Aankhon Ke Pardon Pe),0.299,0.178,-11.279,0.03,0.804,0.000366,0.0867,0.0653,98.92,0.920702,0.446017,0.125017,0.946553,0.719566,0.831532,0.740580,0.324720
5La5KVi6MJt8xTqBVvaqAd,Freddy Fresh,Badder Badder Schwing,What It Is,0.753,0.685,-9.502,0.0376,0.00376,0.812,0.087,0.884,127.886,0.202062,0.909106,0.961933,0.050428,0.497906,0.386098,0.921492,0.884526
1tfcYz0Aa61kb2pg5bZfHG,Oleg Pogudin,Городской романс,Троечка,0.367,0.145,-14.366,0.0406,0.959,1.18e-05,0.105,0.186,90.353,0.943485,0.334661,0.062196,0.945766,0.494453,0.907108,0.697301,0.123692
3knUp342DsZsUmcY62m1vU,MC Lemos;MC Liro;MC Torugo;Mc Digo STC,Linda,Linda,0.79,0.523,-4.97,0.221,0.25,0.0,0.103,0.66,129.308,0.340966,0.709390,0.888276,0.227327,0.764797,0.501786,0.422300,0.707210
3TFAeWBzFdIfFWF5eLRph6,twocolors,Night Drive Autumn/Winter 2022/23,NOT YOURS - TC/TC,0.718,0.853,-5.167,0.0419,0.00598,0.818,0.0676,0.134,124.014,0.145962,0.935732,0.584688,0.385279,0.941461,0.040565,0.850751,0.748254
2vMHGXc0owVyHVvkz4ihkt,Zé Vaqueiro Estilizado,Some ou Me Assume,Some ou Me Assume,0.643,0.67,-7.474,0.0379,0.611,6.71e-05,0.103,0.931,156.151,0.444407,0.914315,0.942452,0.135605,0.372129,0.726874,0.696549,0.891842
28IEbk5a7twNTbUEvWslUb,Finger Eleven,Them Vs. You Vs. Me (Deluxe Edition),Paralyzer,0.644,0.939,-3.486,0.0456,0.157,0.0,0.233,0.861,106.031,0.079104,0.894534,0.970120,0.075573,0.638911,0.230269,0.399245,0.752665
1xlrnOygXfYjBhe9aue651,Agoraphobic Nosebleed,Arc,Gnaw,0.213,0.907,-6.146,0.078,2.5e-05,0.807,0.121,0.091,159.903,0.084687,0.952198,0.362008,0.632574,0.960430,0.093894,0.755643,0.803286
3K4HG9evC7dg3N0R9cYqk4,Linkin Park,Hybrid Theory (Bonus Edition),One Step Closer,0.492,0.969,-4.419,0.0491,0.0014,1.32e-06,0.0787,0.538,95.136,0.114618,0.832853,0.927203,0.260957,0.879463,0.235765,0.366256,0.809544
36VlnS3Mx6H2rTVL9utqAO,Orbital,Blue Album,Acid Pants,0.626,0.879,-7.853,0.072,0.00607,0.777,0.333,0.523,140.032,0.058949,0.907134,0.808092,0.228162,0.826455,0.194513,0.721880,0.883353
3lN2hvwBsYssVzyJiSYDQZ,Hva Snakker Du Om?;Anders Matthesen;Bossy Bo,Den Ka' Byttes V:O:L:01:00,Kender De Det?,0.615,0.526,-6.658,0.0929,0.721,0.0,0.132,0.916,116.596,0.552760,0.768143,0.934363,0.427191,0.371441,0.870711,0.619816,0.653774
1Km9uekyhNf8LzAHflscWg,Upchurch,Hideas: The Album,Hideas 9,0.942,0.76,-6.886,0.163,0.0648,5.79e-05,0.134,0.37,110.036,0.160187,0.924017,0.894702,0.349075,0.850240,0.164130,0.337515,0.820242
2zh01m4PiHaZz4BAm0NRxs,Gryffin;Elley Duhé,Gravity,Tie Me Down (with Elley Duhé),0.608,0.845,-2.292,0.0597,0.136,0.0,0.111,0.322,98.976,0.157173,0.737525,0.770548,0.334007,0.898421,0.151544,0.535687,0.678299
35gu3olgH7ibZ7RHBG06UJ,Carajo,Frente a Frente,Shock,0.489,0.982,-4.008,0.0758,9.37e-05,0.00011,0.244,0.378,114.052,0.055626,0.888817,0.803423,0.206241,0.840452,0.305782,0.487685,0.794939
3Dz8VohgvbYkf6OS99H0vT,Bryan Adams,Weihnachtssongs,Christmas Time,0.503,0.582,-4.324,0.0253,0.472,0.0,0.103,0.326,77.321,0.533993,0.637923,0.308878,0.390175,0.914949,0.417430,0.638940,0.734528
0uIYFHlplgxgrJDD7XgMt4,Bruno Mars;Anderson .Paak;Silk Sonic,Upbeat 20's,Skate,0.708,0.598,-8.365,0.0291,0.037,0.0,0.17,0.698,112.027,0.246993,0.839301,0.837796,0.149761,0.529378,0.367077,0.425200,0.764043
0s3DYFA62sx5dUfPPRucOR,Elvis Presley,Elvis 30 #1 Hits (Expanded Edition),Are You Lonesome Tonight?,0.428,0.201,-12.399,0.044,0.917,0.000436,0.116,0.187,88.752,0.931432,0.260026,0.221304,0.929241,0.383042,0.874680,0.840523,0.309451
35EpJBwkHu4uVBiQKokIPr,WE ARE FURY;Gallie Fisher,DUALITY,Nightmares,0.263,0.536,-7.0,0.0454,0.103,0.0,0.124,0.159,158.621,0.259544,0.672761,0.337501,0.623649,0.871236,0.116978,0.521713,0.709608
3jCw4TeJAt4H17uPkWo4M6,Slank,"999+09, Vol. 2",Orkes Sakit Hati,0.38,0.595,-9.742,0.0381,0.547,0.0,0.155,0.909,132.439,0.469832,0.542369,0.804788,0.221534,0.329309,0.599224,0.666150,0.633176
52RjhSDuQO0Yls8iRm6tTz,Ben Lukas Boysen;Paul Emmerich,The Lazarus Project (Original Score),Code Black,0.518,0.26,-18.662,0.0441,0.129,0.808,0.108,0.116,119.963,0.835152,0.416420,0.180362,0.756997,0.873597,0.270281,0.878098,0.482369
4HKHbPMQNdmdGgFgzpCWu1,NEIKED;Mae Muller;Polo G,Arbeitsmusik Herbst/Winter 2022/2023,Better Days,0.717,0.671,-5.077,0.0337,0.0018,2.54e-06,0.0921,0.699,110.054,0.202142,0.823748,0.873295,0.217587,0.661095,0.526033,0.385303,0.704354
61GkJ0y15jxDyBrdcb6PqR,Gojira,Fortitude,Born For One Thing,0.215,0.971,-4.897,0.0761,3.67e-05,0.624,0.308,0.376,145.913,0.084517,0.936685,0.765180,0.550812,0.921263,0.081678,0.700719,0.917922
02oW7CYWjfiCs1rZs7GNes,Within Temptation,The Heart Of Everything,All I Need,0.234,0.73,-4.854,0.0446,0.199,4.77e-06,0.13,0.12,152.972,0.131912,0.847427,0.316854,0.826265,0.888279,0.151463,0.576743,0.695441
3NzTEqeDSkX9loOPor1ISx,夜光性アミューズ,夜光性イントロデュース,もしかして探し,0.515,0.965,-2.892,0.23,0.148,0.0,0.169,0.659,94.409,0.181899,0.847441,0.913495,0.162943,0.765436,0.308497,0.165958,0.891693
7fHvHYRd3qlVUhENGGw4QQ,Casino Versus Japan,Hitori + Kaiso (1998 - 2001),Slow Dance of Dungeons,0.0981,0.368,-19.409,0.0439,0.182,0.979,0.162,0.106,165.462,0.442738,0.723629,0.139546,0.938340,0.795784,0.209389,0.902772,0.336142
1Jc5rVFIyOy6XO3ATB1Lh9,Chuck Berry,World's Best Christmas Playlist,Run Rudolph Run,0.647,0.876,-5.662,0.185,0.881,3.59e-05,0.26,0.949,151.925,0.459480,0.963227,0.876929,0.218671,0.633372,0.691604,0.596165,0.812581
4Ow9QWuxBbjB29FnLka9dp,BCee;goddard.;Charlotte Haining;Emba,Before You (goddard. Remix),Before You - goddard. Remix,0.425,0.757,-2.85,0.0623,0.0216,1.29e-06,0.207,0.153,87.0,0.175016,0.830265,0.405891,0.521463,0.933459,0.140752,0.517084,0.749976
6VztmbKdEMOv2AtFGqHtXe,Stephan Jolk,Blossom,Blossom,0.718,0.759,-6.898,0.0439,0.00136,0.875,0.0879,0.0398,124.0,0.183359,0.851264,0.699309,0.397544,0.902893,0.152338,0.888126,0.747249
4I5Xcdu5Hnki1aP0Uxbs4n,Pritam;Arijit Singh,Barfi! (Original Motion Picture Soundtrack),Saawali Si Raat,0.485,0.291,-15.485,0.04,0.616,0.000345,0.238,0.195,139.859,0.770758,0.697749,0.180909,0.899656,0.592020,0.439122,0.795680,0.602232
2erjvSbTPKGalbZZhPgcCL,Sidhu Moose Wala,Pbx 1,Dawood,0.664,0.834,-3.761,0.0846,0.0326,0.0,0.273,0.47,86.025,0.318913,0.879943,0.906400,0.429270,0.805025,0.166723,0.493036,0.848974
0SHIkGcjuVoAuAbezjBfiT,Rebecka Aether,Becalming,Becalming,0.158,0.0186,-33.662,0.0456,0.992,0.921,0.101,0.0531,135.36,0.979304,0.100299,0.022648,0.988117,0.489879,0.899583,0.981352,0.083415
0elkbnXXjwRikuMEoOkowv,Jason Manford,A Different Stage,"As If We Never Said Goodbye - From ""Sunset Boulevard""",0.197,0.23,-12.415,0.0351,0.822,0.0,0.0968,0.111,89.073,0.890930,0.198310,0.108870,0.965944,0.697789,0.770484,0.697686,0.140782
5QuGjFrnKqRnyOVIanRAgP,The Cranberries,Fiesta temática 90s,Zombie,0.252,0.738,-5.326,0.0446,0.0145,0.000497,0.375,0.256,165.187,0.066787,0.856577,0.458107,0.601608,0.940561,0.110274,0.309073,0.711216
6TfBA04WJ3X1d1wXhaCFVT,The Offspring,"Rise And Fall, Rage And Grace","You're Gonna Go Far, Kid",0.55,0.917,-3.159,0.0638,0.00428,0.0,0.197,0.601,126.115,0.064888,0.856734,0.868967,0.173296,0.824447,0.083904,0.229148,0.871929
5GA1ijnbqpmvPGtJANZZan,Şam,47 Mixtape,İHTİRAS,0.624,0.49,-10.86,0.333,0.266,0.0,0.127,0.494,129.377,0.373945,0.784934,0.775539,0.344979,0.784604,0.463829,0.445107,0.590092
2lgg5VzE1GUtmgxLz8r6u2,Millencolin,Same Old Tunes,Dance Craze,0.333,0.875,-7.958,0.136,0.00256,0.0,0.242,0.615,128.254,0.094887,0.835862,0.825721,0.309684,0.890601,0.284392,0.403845,0.682980
3Z0VzS0JvJ6B40uw58B8g1,Llewellyn,Journey to the Temple,Heart Chakra,0.119,0.185,-22.78,0.0447,0.944,0.868,0.685,0.0389,73.275,0.933629,0.171964,0.036931,0.962153,0.494501,0.749508,0.961336,0.276046
0lGB9TanliqW8rYVj7JusE,Rata Blanca,Rata Blanca,La Misma Mujer,0.531,0.396,-16.702,0.0275,0.0181,0.835,0.115,0.391,104.209,0.259227,0.592477,0.725255,0.571806,0.776848,0.416859,0.916208,0.427181
6BUfqtQcP26I7MNC5fAg7w,Sertab Erener,İyiliğe Ninniler,Uyu Yavrum Yine Sabah Oluyor,0.536,0.237,-10.133,0.0305,0.976,0.000142,0.0981,0.107,78.048,0.926299,0.399502,0.290771,0.951813,0.637369,0.805313,0.844292,0.337410
4OaLdPqqqrtfLPFqSna89W,JJ Heller,Suitcase,Suitcase,0.397,0.312,-10.504,0.0307,0.772,0.0,0.117,0.141,179.605,0.756183,0.535949,0.167227,0.912256,0.507218,0.552392,0.693921,0.700776
01N3dypizZMUHKdcsQ02Jo,Dyewitness,7 Days,Only If I Had - Remix,0.665,0.951,-5.449,0.0937,0.00436,0.0171,0.255,0.787,164.826,0.026141,0.894912,0.928497,0.109031,0.824327,0.175881,0.291117,0.921497
5vop0T5etKiNJ7gyDljnuS,Hans Zimmer;Adam Lukas;James Everingham,Frozen Planet II (Original Television Soundtrack),Daylight Robbery,0.328,0.189,-16.85,0.0451,0.836,0.93,0.535,0.201,124.192,0.866879,0.358045,0.151467,0.954870,0.519801,0.716307,0.941464,0.353847
1p2izsxZ47iA4F5qSfT80n,Jax,Happy Pop Vibes,Victoria's Secret,0.586,0.556,-7.639,0.0592,0.00655,0.0,0.0836,0.517,167.018,0.211121,0.792784,0.797425,0.227848,0.899369,0.191767,0.547425,0.518309
4ngIVcfL0Pm564bTpDIS8H,Anirudh Ravichander;Mohit Chauhan,3 (Original Motion Picture Soundtrack),Po Ve Po - The Pain of Love,0.568,0.62,-6.874,0.0358,0.489,2.16e-05,0.108,0.347,89.98,0.417536,0.685202,0.646466,0.687563,0.740370,0.389214,0.758869,0.543082
5rJxR79Sthj9fhJZSNossM,Hayki,ICONIQUE,Hangisi Doğru,0.751,0.731,-6.601,0.341,0.152,0.0,0.202,0.491,139.841,0.198523,0.912959,0.847387,0.165005,0.928642,0.204946,0.336028,0.854312
7GXsxXkvOvSN8qyOtidFDQ,Armin van Buuren,ASOT 1090 - A State Of Trance Episode 1090,A State Of Trance (ASOT 1090) - Coming Up,0.586,0.626,-8.127,0.321,0.0115,0.0,0.301,0.704,125.716,0.263242,0.748298,0.772869,0.190883,0.630564,0.280857,0.302896,0.745276
4kUWdUJZnxWMxY31AzorKa,Pritam;Abhijeet;Sowmya Raoh;Sameer,Dhoom,Dilbara,0.87,0.747,-5.971,0.118,0.251,0.0,0.0532,0.817,130.032,0.212629,0.882805,0.947437,0.190787,0.697724,0.431767,0.573733,0.903634
1iNAwmUw21s8LQ7Ax0gpH8,林志炫,擦聲而過Ⅱ,沒離開過,0.553,0.518,-6.844,0.0295,0.275,7.01e-06,0.155,0.123,113.865,0.421597,0.793965,0.348938,0.704995,0.855364,0.086535,0.329763,0.706382
1j3LfGESOZGbYW1WGqKPe8,Mindi Dickstein;Jason Howland;'Little Women' Original Broadway Cast,Little Women - The Musical (Original Broadway Cast Recording),Here Alone,0.212,0.202,-11.54,0.0371,0.929,0.000751,0.0998,0.114,143.149,0.890614,0.501597,0.085381,0.958129,0.670131,0.651220,0.853490,0.181821
6sREY9IQvZ06hTXNY0rNqP,Art Popular,Eu Sou O Samba - Art Popular,Valeu Demais,0.605,0.691,-9.766,0.0367,0.548,0.0,0.342,0.718,138.911,0.411316,0.921400,0.798396,0.387770,0.808455,0.632298,0.707507,0.789266
0vH3ZghvyoUSZmMNL1dTls,Skindred,Metal Lives!,Set It Off,0.583,0.915,-4.007,0.0811,0.00214,0.0,0.395,0.88,172.097,0.050276,0.924359,0.969217,0.049259,0.825656,0.267614,0.367205,0.928742
5ApWy8SWLq7q7wgKcOxEQ9,meadowzz,subtopia,wonderwork,0.71,0.415,-11.207,0.0707,0.492,0.843,0.326,0.607,147.944,0.567470,0.751448,0.897286,0.476510,0.624502,0.643467,0.812445,0.671774
6V50MyHPGhEmwYu0Wdyf0t,Bruce Hornsby;The Range,The Way It Is,The Way It Is,0.582,0.689,-12.203,0.0277,0.607,0.0571,0.145,0.531,111.166,0.539295,0.858453,0.587945,0.558812,0.706520,0.630086,0.495141,0.762454
2umqe74ItZBWCdChsHtXjQ,ILLENIUM;Sasha Alex Sloan,Fallen Embers,U & Me,0.563,0.837,-5.025,0.0457,0.0128,0.00922,0.0401,0.631,88.02,0.121719,0.895870,0.915627,0.166151,0.884466,0.160656,0.531873,0.708256
5ZIE2SUAd4Zbc9h7U9vAQA,Nat King Cole;John Legend,Christmas Dinner 2022,The Christmas Song (Chestnuts Roasting On An Open Fire),0.226,0.382,-9.243,0.0288,0.845,0.0,0.111,0.165,81.943,0.777866,0.484204,0.082804,0.947651,0.659438,0.757544,0.840157,0.272031
1F1yF2KSilU2YLOMuYYf71,Blanke;Deathpact,Mitosis,Mitosis,0.582,0.78,-4.519,0.0506,0.00365,0.0447,0.111,0.227,142.022,0.107840,0.828047,0.837433,0.584898,0.917110,0.166458,0.362394,0.802696
4bQQ8DZqANtPIljpS8zGnV,Limão Com Mel,Um Acústico Diferente (Ao Vivo),Fantasias - Ao Vivo,0.607,0.387,-8.824,0.0301,0.822,0.0,0.535,0.536,109.931,0.731421,0.690933,0.508536,0.817738,0.412729,0.802644,0.586246,0.561995
5wwQmWZtmEoV8XSm05zQvA,Anupam Roy,Piku,Teri Meri Baatein,0.653,0.554,-8.156,0.0243,0.157,1.23e-06,0.172,0.455,99.974,0.344423,0.719975,0.826580,0.291105,0.732937,0.425561,0.399945,0.715674
5CPxwWPwUMZXH0jFIzFovQ,Kyuso Nekokami,にゅ~うぇいぶ,メンヘラちゃん,0.483,0.97,-3.748,0.147,0.00091,0.0,0.192,0.636,96.72,0.090979,0.812530,0.838502,0.395370,0.948688,0.237221,0.341170,0.802288
3zjjzKg16tczCMwckGKGuH,Weathers,Happy Pills,Happy Pills,0.521,0.885,-4.934,0.125,0.00327,0.00904,0.324,0.344,115.985,0.126489,0.862728,0.777782,0.131091,0.932689,0.057018,0.198977,0.896763
0zhxUjkXag9iEFccaiua4a,Daddy Yankee,Fiesta portatil,RUMBATÓN,0.685,0.909,-4.034,0.0396,0.0471,0.0,0.35,0.922,95.004,0.092854,0.847883,0.977269,0.072623,0.681635,0.325711,0.126770,0.872754
3tIfOsDW9iRIZoBoYhpGTm,Linkin Park,Minutes to Midnight,Hands Held High,0.565,0.603,-8.597,0.0329,0.324,4.87e-05,0.195,0.132,104.0,0.282652,0.828256,0.605342,0.757218,0.916118,0.411127,0.587895,0.640263
1a4UteUQkqUIOr3YQQ20fD,Feid,Feliz Cumpleaños con Perreo,Si Te La Encuentras Por Ahí,0.736,0.569,-3.559,0.0779,0.144,5.27e-05,0.112,0.433,171.973,0.180324,0.939437,0.740110,0.349929,0.858030,0.236545,0.468379,0.758580
6XWeO4YfQxSC48NoGkbPay,Don Omar;Zion & Lennox,Perreo Tenebroso Vol. 3,Te Quiero Pa´Mi,0.765,0.816,-3.99,0.0595,0.124,8.19e-05,0.197,0.624,89.005,0.138453,0.648530,0.961039,0.261347,0.855632,0.238446,0.249607,0.865288
74dVpbjqoVEok7569iGVRQ,cypherhound,wetness,wetness,0.759,0.253,-17.319,0.0643,0.937,0.941,0.101,0.073,84.935,0.853894,0.467434,0.292055,0.903101,0.622108,0.656087,0.988747,0.341871
2r9hCNjupNy2C2g3r6SNz6,Ina Wroldsen;Alan Walker,Strongest (Alan Walker Remix),Strongest (Alan Walker Remix),0.722,0.787,-4.013,0.0734,0.0785,6.46e-06,0.124,0.852,92.022,0.259919,0.895004,0.960628,0.043818,0.732219,0.416123,0.407571,0.646448
7j8TrYTzW4N8d3D3qRPBwq,Eddie Santiago,Lluvia (Baile Total),De Vuelta A Casa,0.745,0.806,-7.622,0.0491,0.578,0.000962,0.0478,0.873,176.461,0.306588,0.939635,0.905784,0.173140,0.589095,0.374540,0.507645,0.908711
2IMFiHPG7RF5acB0QPFJyj,Phyno;Tekno,Full Current (That's My baby),Full Current (That's My Baby),0.807,0.673,-6.042,0.0705,0.0525,0.000118,0.0874,0.411,113.031,0.154187,0.867810,0.837985,0.375641,0.788709,0.217788,0.569800,0.854227
5b1k8soHjvcK3yfS1KGLEC,Dash Berlin;Bo Bruce,We Are (Part 2),Coming Home,0.606,0.636,-3.182,0.0434,0.029,0.0,0.095,0.0768,127.981,0.181445,0.869396,0.510023,0.432363,0.961441,0.330011,0.551865,0.670642
1WBLtDCMZoLpcKBll83U6V,Yuki Kashiwagi;BiSH,柏木由紀なりのBiSH -BAD TEMPER-,オーケストラ <KASHiWACK version>,0.332,0.86,-3.421,0.0452,0.000525,0.0,0.0821,0.421,180.027,0.071430,0.905311,0.702333,0.307300,0.924125,0.100623,0.419039,0.831364
1mg90rolr4JdohAwpvj3Wx,Wolfgang Amadeus Mozart;Danielle Laval,Mozart: A Night of Classics,"8 Variations on ‘Dieu d'amour’ from ‘Les mariages samnites’ by Grétry in F, K.352: 8c. Variation VII : Adagio - Pt. 3",0.368,0.0722,-25.522,0.0536,0.993,0.963,0.145,0.528,73.975,0.965063,0.257890,0.259976,0.885644,0.218949,0.982789,0.969784,0.083982
2MJz8BxxMsERULatmBikDH,Pink Sweat$,PINK PLANET,At My Worst,0.813,0.415,-5.926,0.0349,0.777,0.0,0.131,0.667,91.921,0.824324,0.707628,0.770816,0.414173,0.221508,0.790947,0.713809,0.760207
3VsqVo7lHy1hN1CwlXlW3P,Leehom Wang,蓋世英雄,大城小愛,0.736,0.515,-8.542,0.0318,0.689,0.0,0.125,0.501,131.483,0.609193,0.667606,0.573594,0.732562,0.575641,0.713453,0.687316,0.811155
0ivAXyBo7oud7Xkffq4aLG,Royal Blood,Here to Forever - All New Indie,Trouble's Coming,0.767,0.694,-5.059,0.0384,0.0629,0.0,0.32,0.78,112.012,0.118737,0.896391,0.974131,0.113600,0.738478,0.311157,0.451044,0.765753
1H27Qrf4EHkDvNQ61OuzZn,Lizzo,Hits à suivre 2022,Grrrls,0.889,0.449,-7.63,0.293,0.0313,0.0,0.0581,0.911,137.941,0.377897,0.639165,0.961456,0.120212,0.335626,0.375233,0.435433,0.693029
3iOlhZ5YJCaZm4K6VWlmNQ,Grupo Revelação;Suel,Revela Samba Beach (Primeira Onda),Aventureiro / Duvido / Já Tentei,0.449,0.68,-7.27,0.0494,0.762,0.0,0.853,0.669,88.875,0.451808,0.750881,0.769812,0.391348,0.585373,0.716995,0.216520,0.539759
0uU7nTpQe6YEMiK80pCk3I,Palavra Cantada,Bafafá,Vai e Vem das Estações,0.475,0.495,-10.181,0.0276,0.749,0.00181,0.17,0.633,79.889,0.697583,0.697983,0.795282,0.379161,0.498098,0.651465,0.700560,0.622775
2vGfjY0JLLiBiEFq7zgQjB,Buddy Holly;The Crickets,Christmas time but not Christmas songs 2022,Everyday,0.731,0.255,-11.732,0.0375,0.485,0.0,0.09,0.564,135.346,0.651027,0.431336,0.508749,0.787447,0.650368,0.625786,0.614586,0.423202
7omxuGYsym1n2RlVf86OF9,The 1975,Being Funny In A Foreign Language,The 1975,0.542,0.433,-10.47,0.0305,0.897,0.173,0.101,0.495,140.939,0.813956,0.759419,0.330131,0.659825,0.684569,0.613159,0.849060,0.427121
7staPerb0ZxnCz5MXHDYC3,YUNGBLUD,Halloween Party 2022,The Funeral,0.576,0.869,-4.339,0.0339,8.57e-05,7.1e-05,0.0573,0.746,92.538,0.198726,0.864267,0.964573,0.175916,0.947817,0.228022,0.199658,0.803557
3CPFHaVEHkkH26hAEPgMMp,The Beatles,Abbey Road (Super Deluxe Edition),Here Comes The Sun - 2019 Mix,0.569,0.557,-10.208,0.0428,0.038,0.000228,0.136,0.292,129.101,0.336295,0.726099,0.542688,0.509748,0.916184,0.409566,0.455496,0.624438
4NO6XC0EV2l7mkKjSJViix,salem ilese,"It's Christmas, Let's Dance",Marry Christmas,0.541,0.753,-6.512,0.0511,0.0677,0.0,0.108,0.572,149.743,0.137331,0.877495,0.882982,0.220732,0.783294,0.234099,0.398019,0.665213
0GA0MWNzKfYNlcuCb4zLer,KilSoSouth,This Woman's Work,This Woman's Work - Dance Version,0.603,0.629,-7.015,0.0762,0.000524,0.0166,0.277,0.0701,165.272,0.227555,0.842965,0.374246,0.415398,0.908165,0.064142,0.411548,0.744130
1dUXyXkSX2jxPp7jONRBcm,CrazyBoy;Michico,HIP LIFE:POP LIFE,Fly Away - feat. michico,0.63,0.757,-5.506,0.0588,0.18,0.0,0.108,0.391,130.035,0.193452,0.927077,0.779405,0.374253,0.792120,0.384655,0.451813,0.653800
2H66zNHEqwFckqVfxeFxIa,Stephan Bodzin;Innellea,Boavista,Boavista - Innellea Remix,0.689,0.773,-7.786,0.0512,0.0673,0.794,0.103,0.141,123.993,0.097846,0.774997,0.748041,0.493848,0.933258,0.166913,0.825295,0.843152
3PJLJVGxQ1lbLiJgI2ivo0,Astronoid,Air,Obsolete,0.418,0.935,-8.481,0.0933,0.000144,0.159,0.384,0.233,160.019,0.046141,0.947712,0.752392,0.677675,0.924404,0.064700,0.291946,0.907696
11eWp7aUhs9RShuCrnglDc,Masala Coffee,Aadiyilalo - Single,Aadiyilalo,0.409,0.865,-5.73,0.0514,0.05,0.0,0.0896,0.464,138.007,0.095375,0.824368,0.723896,0.270399,0.842373,0.184418,0.428191,0.605674
2ZfkAtWcVfs7g7VDbed7JZ,Dutch Master,5 AM,5 AM,0.578,0.781,-6.381,0.0688,0.00533,0.331,0.0824,0.519,147.012,0.126619,0.878910,0.790679,0.160088,0.868878,0.157356,0.662070,0.758970
4ANmPUsA3LAvOSP8xen6Vt,Tchami;Marten Hørger,The Calling,The Calling,0.748,0.873,-6.301,0.0627,0.00867,0.151,0.244,0.348,124.995,0.114989,0.879418,0.850263,0.442128,0.932563,0.154399,0.405461,0.737463
1IKdy34xXokQiNlyRLe38V,Loadstar,Future Perfect,Second Skin,0.413,0.94,-2.468,0.045,0.000327,0.192,0.152,0.173,174.997,0.052216,0.929921,0.560034,0.594894,0.947736,0.038891,0.544653,0.805033
4bOkUr0jyIdtuIXaDznu1U,Tegh,Emergent Errors,Smelled Like Rotting Flesh,0.172,0.133,-17.8,0.0426,0.77,0.921,0.184,0.0256,120.005,0.851363,0.222884,0.047077,0.990864,0.815194,0.782824,0.979160,0.340202
1f9jv3jIHqwZhVW7NMAgYN,Pantera,Groove Metal Roots & Branches,Mouth for War,0.361,0.97,-5.69,0.0837,6.58e-06,0.000162,0.039,0.561,156.96,0.103281,0.815446,0.857092,0.355513,0.943658,0.075366,0.480312,0.724705
1HSVpIU0XU1WuwiBLBWAZd,Collective Soul,Collective Soul,The World I Know,0.514,0.704,-4.724,0.0261,0.0508,0.00214,0.228,0.386,76.972,0.185970,0.861179,0.763061,0.371310,0.922523,0.243946,0.296169,0.713807
7mPoHRn8mVrhJB8hYiAbnr,Los Caligaris,Chanchos Amigos,Game Lover,0.74,0.712,-4.68,0.0318,0.539,1.12e-05,0.325,0.329,115.939,0.330920,0.901899,0.789347,0.653578,0.794570,0.658739,0.459745,0.730903
7ybK1yagEye8Ayoa15TLNb,E-Force,The Edge Of Insanity,Stresstest,0.32,0.992,-4.902,0.102,0.0334,0.847,0.513,0.202,157.584,0.078382,0.935121,0.663797,0.251449,0.982661,0.091057,0.614253,0.931223
75j5Ue04YUwJ1ADxux8iXo,Koba LaD,L' Affranchi,C’est moi,0.824,0.716,-4.909,0.136,0.152,0.0,0.135,0.506,130.035,0.124145,0.869017,0.692688,0.292335,0.871112,0.421260,0.480734,0.915751
5qyEyqpT0TBVun8W07MEmR,Anuv Jain,Maula,Maula,0.327,0.325,-11.303,0.0297,0.686,0.0,0.12,0.359,84.951,0.694421,0.565322,0.443956,0.901123,0.684831,0.670920,0.847285,0.300345
68NW6s726X22J4t8sy7Feo,Scooter,20 Years of Hardcore (Remastered),The Only One,0.505,0.973,-4.703,0.0919,0.00136,0.000114,0.185,0.293,134.94,0.072684,0.927481,0.683039,0.435657,0.952321,0.076424,0.223906,0.852748
6sXuvZ3kEJFSDZwrpZZuSI,Pritam;Labh Janjua;Suzie Q,Singh Is Kinng,Jee Karda,0.854,0.835,-4.711,0.0476,0.108,7.27e-05,0.0517,0.804,119.992,0.109841,0.924991,0.953710,0.066031,0.819366,0.347964,0.391453,0.926162
2WnUmrdEsvWeJJRtZDO5jr,XXXTENTACION,LOOK AT ME: THE ALBUM,rare,0.553,0.423,-8.99,0.123,0.733,0.000218,0.15,0.0511,99.431,0.811662,0.752589,0.250758,0.699083,0.798015,0.545666,0.468138,0.581073
4e5s77PZaf4ulqs5bFeik9,Tiësto;Charli XCX,Brandneu Dance,Hot in It,0.748,0.841,-5.08,0.177,0.00445,1.33e-06,0.0413,0.717,123.045,0.067165,0.938988,0.934725,0.114854,0.854926,0.230026,0.228809,0.714762
0s4ngVbf20MY27THjcJGBr,Splitloop,Heavy Weight Breaks 3 (Part 2 of 3),Hot Rock Boy,0.756,0.762,-7.316,0.0587,1.09e-05,0.895,0.0957,0.643,135.001,0.131568,0.941499,0.949578,0.150289,0.802976,0.168214,0.800958,0.803878
5eGyEThp0QnLvNrx4qPSgE,SILENT SIREN,Silent Siren Selection,LOST.W,0.472,0.882,-4.029,0.0404,0.00466,4.24e-05,0.0348,0.55,180.195,0.113495,0.933940,0.836896,0.259991,0.837258,0.188141,0.503321,0.798901
7gyhWg9k5HkgWZq9V8nsrT,Everclear,Fiesta temática 90s,Santa Monica,0.491,0.942,-5.333,0.109,0.156,0.0,0.367,0.398,100.441,0.079524,0.908231,0.617798,0.462737,0.916628,0.105773,0.484230,0.865533
5XjA0LZp4UDngU2GIYTmaD,Jubiläumscast Wien 2012,Elisabeth - Gesamtaufnahme Live - Jubiläumsfassung,Ist das nun dein Lohn (Bellaria),0.348,0.237,-14.718,0.14,0.884,0.0,0.0998,0.162,79.455,0.804456,0.261016,0.088474,0.895622,0.676305,0.897876,0.869892,0.394048
6QvYmrqFKRSVrcVgvoA7Ar,Red Hot Chili Peppers,All That Really Matters - Just Hits,Tippa My Tongue,0.573,0.913,-6.52,0.0409,0.00861,0.0273,0.114,0.795,88.418,0.120930,0.846137,0.912632,0.108312,0.877283,0.275940,0.357604,0.748588
4NUSesk9YMN0dz7Qs9wEwJ,Toxic Holocaust,Hell on Earth,Death Camp,0.245,0.989,-3.335,0.255,4.48e-05,0.134,0.347,0.238,200.779,0.033713,0.974623,0.656448,0.473043,0.938683,0.138841,0.400235,0.962887
4GVS3Vh24aLxbC6DYb2z91,Party Animals,Hava Naquila,Hava Naquila - Flamman & Abraxas Radio Mix,0.464,0.937,-6.064,0.0533,0.333,0.875,0.161,0.4,168.025,0.098695,0.907950,0.882690,0.488375,0.909737,0.140311,0.828476,0.862844
0nejfXN5tjdICWIdfakXWx,Porter Robinson;Urban Cone,Worlds,Lionhearted,0.621,0.74,-6.925,0.034,0.0244,0.00219,0.174,0.349,119.993,0.104441,0.849328,0.923537,0.202958,0.840598,0.117140,0.341801,0.650902
2kbj0XbyQglNjnkfdQ4GG9,Die Toten Hosen,Alles aus Liebe: 40 Jahre Die Toten Hosen,Paradies,0.632,0.755,-3.507,0.062,0.00973,0.000218,0.082,0.38,132.747,0.133180,0.885096,0.866587,0.516413,0.906608,0.173013,0.282386,0.776219
4SrXpaZtMokUhhFkgzDMpK,Onze:20,A Nossa Barraca,Não Vai Voltar,0.641,0.617,-7.411,0.0307,0.413,0.0,0.112,0.941,139.942,0.317005,0.915136,0.864091,0.219568,0.491033,0.735065,0.645959,0.832544
4ggwK5lXtlTT7lKJeeEnxf,Joe Walsh,(70's) Seventies Collected Volume 2,Rocky Mountain Way,0.449,0.571,-7.119,0.0492,0.00604,0.701,0.0748,0.448,84.807,0.427663,0.572354,0.747673,0.400668,0.861402,0.422296,0.821038,0.687435
2EOmt9cfu8fjWNjS45w6cC,Attaque 77,El Cielo Puede Esperar,Vuelve a Casa,0.345,0.626,-11.485,0.0299,0.0221,4.03e-06,0.0607,0.83,175.03,0.090262,0.704189,0.782852,0.147218,0.583599,0.264832,0.528055,0.601327
1vpSPUyWEzmX8doyYdJ2TH,Khantrast,Naruto Theme Song Freestyle,Naruto Theme Song Freestyle,0.844,0.891,-2.161,0.302,0.216,0.0,0.163,0.591,126.98,0.148361,0.903598,0.936930,0.164992,0.863306,0.343840,0.278543,0.856825
1kvZL6kWs8JTgw9dJQJYWY,Sheryl Crow,Chillin' It - Mellow Day Country,Easy,0.521,0.57,-5.567,0.0245,0.0254,1.17e-06,0.0757,0.608,169.995,0.135620,0.867017,0.897543,0.210857,0.855318,0.355213,0.488477,0.786529
1VEBHl13HTNQX82pkSivoB,Flower Face,The Shark in Your Water,Back to You,0.389,0.202,-15.121,0.0375,0.887,2.86e-06,0.128,0.187,83.019,0.936573,0.295148,0.276025,0.924126,0.680238,0.881178,0.859503,0.185804
1dHUE2qgUIjCDseYsY1S26,Manuel Riva;IRAIDA,Modern Love,Modern Love,0.713,0.701,-8.094,0.048,0.133,0.0125,0.131,0.153,120.065,0.219942,0.819135,0.528335,0.684418,0.907810,0.222586,0.496068,0.801946
6BnfbWeDEOqQa8ct8OGyp2,Germaine Franco,Encanto (Deutscher Original Film-Soundtrack),Die Risse erscheinen,0.198,0.483,-14.552,0.0506,0.831,0.927,0.0979,0.234,76.592,0.759637,0.580147,0.247358,0.950987,0.598336,0.561756,0.905873,0.245306
2BqABA2hfI6cNOqogEDnwO,Tiësto;KSHMR;Talay Riley,Harder (feat. Talay Riley),Harder (feat. Talay Riley),0.606,0.806,-3.755,0.0589,0.232,2.46e-05,0.457,0.294,126.039,0.112347,0.916067,0.673133,0.650508,0.887615,0.103816,0.419191,0.903613
09T8jYEV0b1z6tqghjTBZO,Los Caballeros De La Quema,Fulanos de Nadie,Otro Jueves Cobarde,0.532,0.511,-7.085,0.0363,0.674,2e-06,0.109,0.593,114.043,0.600772,0.871559,0.568175,0.491570,0.623135,0.518679,0.574585,0.668106
5K6JpLRCdbIQigdJp2jFWQ,Yuvan Shankar Raja;MC Vickey;Durai,"Thotta Load Aage Waiting (From ""Laththi"")","Thotta Load Aage Waiting - From ""Laththi""",0.78,0.739,-8.896,0.0567,0.0292,1.18e-06,0.0799,0.593,91.99,0.137938,0.850926,0.860316,0.199778,0.883853,0.230118,0.381141,0.536662
6K9UYBSvkOadWYO5nUrfVP,Dua Lipa;DaBaby,Trending Pop,Levitating,0.702,0.825,-3.787,0.0601,0.00883,0.0,0.0674,0.915,102.977,0.139322,0.932860,0.973188,0.083687,0.760388,0.140905,0.375075,0.788717
6wXeRgZClAnD88ypGDaVuQ,Topic;Bebe Rexha,Night Drive Autumn/Winter 2022/23,Chain My Heart,0.663,0.849,-4.462,0.0334,0.0791,1.2e-06,0.192,0.722,123.992,0.121191,0.916975,0.910541,0.122452,0.761639,0.465568,0.387155,0.840056
64ta7ZvTJeThz7Ns4LmAHS,Wolfgang Amadeus Mozart;Academy of St. Martin in the Fields;Sir Neville Marriner,Amadeus,"Symphony No. 25 in G Minor, K. 183: I. Allegro con brio",0.428,0.237,-13.764,0.0351,0.987,0.896,0.0849,0.357,79.904,0.960193,0.289721,0.274902,0.894931,0.305261,0.885796,0.967567,0.192879
5XmWr9rlKvjMLmnq2A5HF5,SID,SID ALL SINGLES BEST,乱舞のメロディ,0.417,0.966,-3.072,0.194,0.00224,1.97e-06,0.145,0.623,192.067,0.042363,0.953387,0.909121,0.314338,0.931179,0.093760,0.209113,0.885903
4S3KDmiZJQsd6uLPyvHxSO,J Balvin,Perreo Tenebroso Vol. 1,Cuando Tú Quieras,0.696,0.668,-5.063,0.199,0.361,0.0038,0.311,0.761,184.332,0.340445,0.917111,0.974653,0.109574,0.815347,0.314363,0.532472,0.895182
2MJz8BxxMsERULatmBikDH,Pink Sweat$,PINK PLANET,At My Worst,0.813,0.415,-5.926,0.0349,0.777,0.0,0.131,0.667,91.921,0.854364,0.853651,0.765194,0.282593,0.542418,0.869200,0.780548,0.718260
13n2H7IIDPs0w0NkFOWBwf,Diogo Nogueira,"Sambabook Jorge Aragão, Vol. 1",Eu e Você Sempre,0.732,0.634,-10.718,0.0356,0.111,0.0,0.175,0.886,85.976,0.425553,0.779092,0.967347,0.291180,0.511528,0.627358,0.573308,0.508581
22IGm6PYN1THrPe1jFT5u6,SVDDEN DEATH,Confusion Spell,Confusion Spell,0.731,0.95,-0.411,0.0477,0.113,0.000879,0.138,0.252,140.063,0.101633,0.928813,0.706503,0.362863,0.970170,0.095665,0.205447,0.950993
1tfTPKHBWZvjBlAwo95WyC,Shiritsu Ebisu Chugaku,新未来センセーション,新未来センセーション,0.631,0.857,-3.019,0.0507,0.00387,9.98e-05,0.287,0.715,99.993,0.288013,0.801211,0.818420,0.113855,0.925663,0.157954,0.338915,0.805950
64tk48BHD71SlomdRag8bm,Chuck Berry,Weihnachtssongs,Run Rudolph Run,0.647,0.876,-5.662,0.185,0.881,3.59e-05,0.26,0.949,151.925,0.537013,0.927966,0.900861,0.242776,0.395425,0.811433,0.510444,0.889675
58X91MDH5OmePcLM5Hpg2M,Schyzo,Tabu,Jednou Tě Zabijou,0.58,0.444,-9.43,0.407,0.187,0.0,0.121,0.426,81.681,0.403043,0.605058,0.401207,0.491334,0.640250,0.576636,0.614979,0.516910
52VazQA8AVyd2QJcyweAwu,Los Auténticos Decadentes,Obras Cumbres,El Murguero - Remasterized 2001,0.546,0.719,-8.008,0.084,0.00825,0.0,0.345,0.662,115.195,0.161474,0.878862,0.836049,0.254678,0.860056,0.184604,0.285777,0.929775
2CyC1KQ5aliVQPIxz1ak3B,Shackled,Doubt Surrounds All,Blinded,0.406,0.959,-4.611,0.125,3.4e-06,0.00564,0.387,0.382,77.133,0.088254,0.750568,0.842455,0.446521,0.972313,0.141790,0.228751,0.723415
7uQF7RMPg9ffIRYIFdDsAJ,The Black Dahlia Murder,Miasma,Novelty Crosses,0.282,0.989,-4.899,0.0887,2.89e-05,0.00292,0.392,0.104,105.285,0.079628,0.879866,0.425680,0.588013,0.980876,0.083465,0.501040,0.708034
4PUB0fooIq7UudnzAKHjeS,Fonzi M,"Anime Piano Music Collection in Fall, Vol. 2","Fukashigi no Carte (From ""Seishun Buta Yarou wa Bunny Girl Senpai no Yume wo Minai"") [Ending]",0.405,0.255,-17.557,0.0478,0.981,0.871,0.124,0.116,99.062,0.928892,0.364745,0.072546,0.954390,0.574730,0.784121,0.970472,0.167441
536YzEwf77mNcYsrWjtjci,Kate Miller-Heidke,Nightflight,Sarah,0.553,0.595,-9.045,0.049,0.27,0.00026,0.0944,0.342,127.886,0.198666,0.842955,0.594530,0.351610,0.913993,0.515828,0.561506,0.627461
664yc46QT1fAVAYL5ewId6,Christian Borle;Oompa-Loompas,Charlie and the Chocolate Factory (Original Broadway Cast Recording),When Willy Met Oompa,0.692,0.659,-6.454,0.315,0.672,0.0,0.286,0.819,145.05,0.439726,0.877029,0.856923,0.261575,0.637346,0.543465,0.451167,0.821272
6BtaOqGNg6mILnDL24RrdE,Sølace,blurry,remedy,0.365,0.183,-16.458,0.0849,0.978,1.17e-05,0.375,0.129,117.608,0.874328,0.377877,0.154881,0.967707,0.439151,0.732470,0.762943,0.434397
3SJ8r9RMlNGR4qTWBGXPrr,keshi,Halloween & Chill,drunk,0.691,0.389,-8.247,0.0367,0.765,0.0,0.0941,0.306,104.952,0.813988,0.704681,0.365841,0.681337,0.558100,0.750988,0.747933,0.530953
1k6As9e3M8qfijnNhDebO0,Damien Rice,Session Acoustique,The Blower's Daughter,0.343,0.2,-13.569,0.0324,0.134,0.000161,0.341,0.074,133.054,0.492624,0.282791,0.276177,0.944795,0.796959,0.276353,0.617085,0.470770
7JpSvH2vnhDjz1jaqXZShL,Simple Minds,Celebrate (Greatest Hits / Expanded Edition),"See The Lights - 7"" Mix / Remastered 2013",0.589,0.678,-8.24,0.0297,0.0145,0.00998,0.142,0.443,124.894,0.161038,0.859633,0.788848,0.357741,0.886131,0.372997,0.337425,0.811358
5SQaQWvBDEAeug4EPyYEGE,Chronixx,Chronology,Skankin' Sweet,0.739,0.658,-5.462,0.0762,0.0748,2.14e-06,0.101,0.707,77.999,0.192926,0.482556,0.916267,0.259682,0.834046,0.415905,0.509083,0.724361
0aWJ9ou23XRDm3THyhrHGC,Preto no Branco;Salomão;Pedro Vuks;Eli Soares,Preto no Branco (Ao Vivo),"Baseado em Quê (feat. Salomão, Pedro Vuks & Eli Soares) - Ao Vivo",0.699,0.785,-7.015,0.0599,0.645,0.0,0.844,0.496,102.842,0.277059,0.932112,0.727264,0.374010,0.793481,0.476505,0.472835,0.871760
6GBYT0dqkba3xaXS5BkPKE,Andrea Bocelli;Matteo Bocelli;Virginia Bocelli,A Family Christmas,The Greatest Gift,0.399,0.366,-8.247,0.0277,0.739,4.72e-06,0.115,0.259,71.818,0.792032,0.513549,0.231851,0.929998,0.620674,0.762402,0.642661,0.361814
0fxpHpK3aw2nFWII6yveDD,Matt Redman,"10,000 Reasons (Live)","10,000 Reasons (Bless The Lord) - Live",0.431,0.485,-8.085,0.0274,0.452,0.0,0.544,0.367,145.22,0.583669,0.804151,0.385396,0.527492,0.804604,0.517284,0.534339,0.515030
552btQqImGwYpCQj1uWntl,Håkan Hellström,Ett kolikbarns bekännelser,Hurricane Gilbert,0.299,0.667,-7.176,0.0307,0.0639,0.000514,0.354,0.591,151.065,0.093090,0.730470,0.751787,0.426271,0.765041,0.204825,0.498232,0.787322
4PbUV3Lx76B9dDhmrkTtw9,Brian Crain,Solo Piano Lullabies,Baa Baa Black Sheep,0.251,0.0718,-23.596,0.0417,0.983,0.854,0.139,0.213,163.56,0.904634,0.315710,0.213428,0.954758,0.450184,0.799458,0.969164,0.279993
0ZdyCcW6uUOBjb8CQvyg3m,KAROL G;Mariah Angeliq,Fiesta portatil,EL MAKINON,0.689,0.705,-3.224,0.102,0.256,1.06e-06,0.108,0.456,89.109,0.440179,0.770680,0.747443,0.507409,0.850868,0.215774,0.517003,0.780136
60R0WTgjarYxNqvXMDFzvX,X-Pander;Killer MC,Killzone,Killzone,0.49,0.989,-0.514,0.117,0.00737,0.0,0.73,0.0858,100.064,0.044294,0.924182,0.742209,0.368434,0.977978,0.044102,0.119594,0.914800
78XKo0IsB5m1LPjXIUSkHh,Hank Williams;Drifting Cowboys,I Saw The Light (Expanded Undubbed Edition),I'm Gonna Sing,0.617,0.2,-11.888,0.0349,0.921,0.0,0.116,0.343,59.328,0.919530,0.302626,0.204076,0.904731,0.240805,0.867109,0.817197,0.264297
6jaJfp0EPr7m2FubqfO9la,SHRK;Shiloh Dynasty,Sad Hours,Keep You Safe,0.807,0.343,-18.298,0.205,0.89,0.77,0.145,0.342,109.996,0.830190,0.847036,0.376029,0.933208,0.803449,0.869583,0.955544,0.763425
3b1uIEz82C3N34loTA4bIQ,Analy,Disney Princesas: Canciones de las Princesas,"Reflejo - De ""Mulán""/Banda Sonora Original",0.232,0.242,-12.093,0.0389,0.82,3e-05,0.316,0.0733,91.546,0.794069,0.317257,0.076769,0.956851,0.580742,0.783744,0.618863,0.243065
4Mm9qSuCRoMl8H4yByoaNS,Tim Maia,Tim Maia In Concert,O Descobridor dos Sete Mares,0.537,0.91,-4.783,0.176,0.0321,0.000478,0.951,0.774,137.261,0.065864,0.891131,0.960584,0.111482,0.815723,0.183655,0.176998,0.890401
45qayb7SwMYkXyadejDTz9,Turma do Pagode,Versões do TDP,Oração / Atrasadinha,0.392,0.527,-7.371,0.054,0.76,0.0,0.207,0.549,87.066,0.545046,0.580281,0.504975,0.841899,0.574951,0.809787,0.713505,0.561782
28U9Y3R6hJtPUdVK7FFrhN,Gene Vincent & His Blue Caps,The Rock N' Roll Collection,Crazy Legs,0.471,0.618,-10.299,0.04,0.538,0.0,0.331,0.769,169.514,0.279289,0.822288,0.648769,0.185105,0.535393,0.606307,0.554697,0.749763
7p51Rj1pKhCkCDHcXAIfdI,The Hextalls,Play With Heart,"Ouch, My Childhood",0.526,0.947,-3.19,0.0946,0.00139,1.15e-05,0.253,0.576,99.984,0.306451,0.859931,0.887764,0.208314,0.845078,0.097480,0.384119,0.811531
7lcR0YsFYy2vIgbOyX3gxg,La Roux;GAMPER & DADONI,Hidden Gems,Bulletproof,0.752,0.771,-5.95,0.0311,0.00341,1.73e-05,0.0905,0.527,126.02,0.267622,0.854287,0.880509,0.255543,0.892198,0.143425,0.587744,0.826502
1lak1dn5uZhhECLny2Gh1u,Ten City,State of Mind,Whatever Makes You Happy,0.735,0.724,-13.796,0.0733,0.121,0.000238,0.148,0.817,119.9,0.295291,0.843837,0.934012,0.088129,0.656552,0.383504,0.308241,0.622749
1M8LMTTEajUuw7AN0g4f4i,Megadeth,Halloween Metal Nights,Holy Wars...The Punishment Due - Remastered,0.327,0.985,-3.941,0.151,0.00177,0.108,0.351,0.218,125.232,0.119838,0.861016,0.598679,0.273077,0.967359,0.067898,0.200609,0.743128
2gd58WW3DHr4XdqE0ewf7k,Sleep Baby Sleep;Lullaby Babies;Lullaby Land;Ontspanning en meditatie voor mij;Baby Sleep Aid,"Vacuums, Dryers and Washing Machines (Loopable Audio for Insomnia, Meditation, and Restless Children)",Dishwasher 1 - Loopable,0.155,0.0875,-13.154,0.0522,0.157,0.968,0.146,0.0212,68.103,0.762342,0.241273,0.098288,0.948430,0.701336,0.308426,0.922464,0.176923
00yJsUfhS7Tp3mPMbgmjoJ,Lugatti & 9ine,MKS 3.0,Dragonfruit,0.858,0.628,-7.889,0.245,0.183,0.00621,0.11,0.754,144.989,0.210783,0.822067,0.944842,0.237661,0.593013,0.363035,0.458245,0.797974
2w3E0I0vpPJsLah019b00Q,NOES,Like A Boss,Like A Boss,0.605,0.916,-3.589,0.0567,0.0149,0.453,0.122,0.388,157.91,0.023784,0.901955,0.840880,0.349378,0.888313,0.204079,0.694485,0.799427
3IUpuyEMIgt4GvEZ2TqERF,Chuck Berry,Jingle Bell Rock 2022,Run Rudolph Run,0.647,0.876,-5.662,0.185,0.881,3.59e-05,0.26,0.949,151.925,0.429781,0.941761,0.858378,0.246079,0.432361,0.611038,0.513036,0.857292
22WSNwrytkJZ9hnis9DbnY,OneRepublic,Christmas Best Hits 2022,Christmas Without You,0.262,0.677,-5.645,0.0528,0.447,0.0,0.205,0.365,207.478,0.199114,0.874684,0.555157,0.722296,0.830047,0.252941,0.658111,0.574742
3Zqy2i3DaM5WEIPTAXFNNn,Clara Mae,REGNIG DAG,Missing You Sucks,0.336,0.516,-6.756,0.069,0.596,0.0,0.0871,0.38,179.849,0.563107,0.874081,0.371185,0.902854,0.583868,0.327653,0.816818,0.671997
3PiMbgO3Ac7JaCOvAzqTgS,Ely Waves,I wish I could feel nothing,I wish I could feel nothing,0.646,0.446,-13.238,0.278,0.225,0.0,0.154,0.105,82.098,0.309741,0.518443,0.448502,0.730116,0.923608,0.496991,0.629928,0.394298
4chpfrjIqrOPshlDU4ZrKe,Nacha Pop,Nacha Pop,Chica de ayer,0.674,0.854,-4.337,0.034,0.0579,0.00041,0.0735,0.684,127.295,0.092261,0.941371,0.921079,0.229299,0.813383,0.317600,0.454440,0.847663
16P5qvZRcWtnUwbwKeQaIg,Zélia Duncan,Só as Melhores do Pop Rock Brasileiro,Lá vou eu,0.667,0.424,-10.12,0.0385,0.762,2.15e-05,0.11,0.183,129.615,0.663762,0.702527,0.415713,0.811498,0.795821,0.610436,0.738312,0.741742
0mlp9sYi9O7f7xYalECbFW,Marvin Gaye,Soul Christmas Greatest Hits,Christmas In The City,0.392,0.514,-10.452,0.0287,0.00404,0.00108,0.156,0.556,98.844,0.246243,0.663008,0.835248,0.306713,0.703389,0.192277,0.586682,0.418092
7LqQO6uWQHDEue1ejeUVhF,LiSA,Launcher,Rising Hope,0.547,0.978,-2.732,0.254,0.0626,0.0,0.0735,0.647,94.703,0.140333,0.885626,0.932775,0.131456,0.919296,0.222668,0.179322,0.909298
1ctzNIXPvcj8hfoW4fHy8Q,Cindy Combs,Slack Key Lady,Hi'ilawe,0.364,0.307,-17.603,0.0381,0.909,0.942,0.109,0.674,134.97,0.857836,0.511204,0.545091,0.811490,0.283369,0.894961,0.933560,0.514770
73eCSQ1DxQbaOnzy8PhKx3,David Tao,太平盛世,就是愛妳,0.607,0.55,-6.658,0.0251,0.571,0.0,0.0787,0.543,148.1,0.396937,0.704208,0.627304,0.750424,0.649113,0.667100,0.599309,0.779602
0mr8FAnN9X70p5KRUwMIJx,awfultune,I Met Sarah in the Bathroom,I Met Sarah in the Bathroom,0.675,0.408,-10.861,0.142,0.901,0.000714,0.16,0.229,90.111,0.915016,0.482632,0.374069,0.722381,0.831764,0.742694,0.745421,0.606742
0A2fX1kBVpevzGnMjx5fnX,Chuck Berry,Christmas Playlist 2022,Run Rudolph Run,0.647,0.876,-5.662,0.185,0.881,3.59e-05,0.26,0.949,151.925,0.232576,0.943631,0.958781,0.184502,0.601125,0.762720,0.513735,0.856311
6I8FUsqR02Wh3SNhlOEc6y,Neophyte;Drokz,Harder Stylez: We Love The Bass,Dit Is Mijn Leven - Edit,0.543,0.999,-0.918,0.18,0.0865,0.00042,0.368,0.0466,99.99,0.086841,0.920884,0.593617,0.424282,0.950100,0.080435,0.370771,0.848072
4Izfv7QS5PDxmmj49xPd4N,Sotam;JOTA,CRUPIÊ,CRUPIÊ,0.705,0.339,-11.382,0.41,0.752,5.51e-05,0.137,0.557,80.036,0.806807,0.482237,0.809883,0.580225,0.450613,0.876930,0.469509,0.463432
1FBs466MBOjEbfsY6Wfv9b,BeatBo;Fisher-Price,Fisher-Price BeatBo,The BeatBo Shake,0.74,0.717,-5.284,0.0567,0.48,4.23e-06,0.178,0.578,126.158,0.267980,0.866269,0.896479,0.444679,0.558251,0.409904,0.566352,0.775783
2tYheXpWuvarJVOTyXRuqF,The Mighty Mighty Bosstones,Emo Christmas 2022,X'Mas Time (It Sure Doesn't Feel Like It),0.47,0.666,-5.141,0.0321,0.0427,0.0,0.268,0.374,125.518,0.234681,0.832744,0.735359,0.661826,0.834521,0.253180,0.432115,0.756453
50iBJRkGjjht3RiwD0VqLA,Failure,Fantastic Planet,Another Space Song,0.511,0.701,-7.861,0.0252,0.000253,0.563,0.0631,0.189,84.318,0.280409,0.675781,0.697459,0.378470,0.940886,0.226706,0.814463,0.499484
4BgtIY3mw52U8YqwKImWPl,IFÁ;Okwei V. Odili,IFÁ Afrobeat + Okwei V. Odili,Suffer,0.718,0.748,-9.315,0.0367,0.0885,5.72e-05,0.0779,0.963,99.014,0.288820,0.796018,0.964147,0.102882,0.620986,0.353373,0.434443,0.714454
5KLcIahbdBJeZ8tHAyYMpN,Roots Manuva,Run Come Save Me,Witness (1 Hope),0.74,0.866,-3.597,0.295,0.00128,4.32e-06,0.125,0.814,91.887,0.116848,0.780570,0.949135,0.087080,0.885418,0.335658,0.175483,0.842134
45IVxWsY3y0wLLk77bZWlA,Pritam;Atif Aslam,Tubelight (Original Motion Picture Soundtrack),Main Agar,0.589,0.811,-5.052,0.0429,0.473,0.0,0.114,0.166,119.969,0.321802,0.893634,0.566203,0.726302,0.956891,0.273519,0.362603,0.856012
2dY4O7X5MS9VN4Dh51Tiy6,Roberto Goyeneche;Orquesta Tipica Porteña,15 Grandes Exitos - Los Discos De Oro De Roberto Goyeneche,El Cantor de Buenos Aires (with Orquesta Tipica Porteña),0.505,0.548,-7.706,0.123,0.719,0.0,0.2,0.763,104.28,0.592776,0.695360,0.478222,0.402751,0.325006,0.788039,0.460106,0.663759
2touKO7fkbp6oPfchA2Nft,Gregory Porter,JULPYNTA,The Christmas Song,0.321,0.09,-21.296,0.0321,0.838,0.00266,0.0998,0.157,65.825,0.955575,0.168431,0.185863,0.965331,0.460649,0.842134,0.852014,0.208937
3Dyo5qECWiiglZNBVHnh8K,DJ Sneak,"Phil Weeks Presents Underground Chronicles, Vol.3",Funky Rhythm,0.802,0.799,-10.603,0.061,0.00734,0.577,0.542,0.322,124.941,0.049783,0.934541,0.685301,0.362455,0.896648,0.226495,0.537712,0.914670
1gxmaTGnxEgZuV8485tevN,Anuv Jain,Alag Aasmaan (Acoustic),Alag Aasmaan (Acoustic),0.625,0.103,-13.387,0.0435,0.921,1.06e-06,0.107,0.668,115.732,0.938109,0.388197,0.607965,0.807715,0.449985,0.895503,0.803565,0.408339
51wZeWdtnIHtnvnAlXlonu,Gritando HC,Gritando HC,Velho Punk,0.3,0.816,-11.512,0.098,0.00121,0.0366,0.171,0.634,196.378,0.034718,0.939282,0.898423,0.211283,0.893715,0.174979,0.229457,0.823662
5d3NlNeGMJRu8EIT0X559G,Sunnery James & Ryan Marciano;Bruno Martini;Mayra,Savages,Savages,0.743,0.695,-5.401,0.0297,0.0463,0.00175,0.23,0.3,123.96,0.117989,0.893277,0.823174,0.447266,0.863158,0.186271,0.492828,0.858632
65YXrDsZER1jlPAqFS9GDH,Boris Brejcha;Ginger,Timelapse,Darkness,0.803,0.686,-9.289,0.0467,0.000513,0.839,0.0985,0.146,124.996,0.173426,0.804290,0.687615,0.570407,0.939014,0.149661,0.943150,0.821098
6v3vT8IbrckXrBKBZbEgnJ,Beenie Man,Reggae Max Part 2: Beenie Man,Who You Wanna Dis,0.722,0.611,-7.454,0.164,0.52,0.0,0.204,0.574,95.969,0.544006,0.818454,0.825730,0.390230,0.801472,0.654060,0.810733,0.793971
2q5irxA6AttN3TiQGQG96i,Николай Рыбников,Поющие звёзды советского кино,"Когда весна придёт - Из к/ф ""Весна на Заречной улице""",0.529,0.128,-15.098,0.0421,0.993,0.000398,0.122,0.321,93.936,0.928468,0.339478,0.277290,0.936952,0.638400,0.884347,0.893103,0.274767
7a53HqqArd4b9NF4XAmlbI,Ava Max,Heaven & Hell,Kings & Queens,0.637,0.69,-4.057,0.0405,0.00786,0.0,0.124,0.457,129.857,0.122187,0.902173,0.781592,0.355425,0.845362,0.127544,0.542494,0.722271
4nyF5lmSziBAt7ESAUjpbx,Gracie Abrams,minor,"I miss you, I’m sorry",0.445,0.455,-6.405,0.0575,0.731,1.47e-06,0.124,0.151,109.885,0.503953,0.624428,0.418361,0.897460,0.589908,0.619703,0.753544,0.545625
6sYJuVcEu4gFHmeTLdHzRz,GAMPER & DADONI;Emily Roberts,Bittersweet Symphony (feat. Emily Roberts),Bittersweet Symphony (feat. Emily Roberts),0.676,0.582,-7.58,0.128,0.221,0.00627,0.515,0.447,124.012,0.284077,0.768999,0.553454,0.250527,0.814812,0.399522,0.319217,0.743727
2BAPkchJcUDDg49lGNLUdz,Jair Rodrigues,A Arte De Jair Rodrigues,Deixa Isso Pra Lá,0.747,0.883,-5.501,0.055,0.466,0.0,0.133,0.926,93.253,0.240542,0.631336,0.804365,0.109561,0.509675,0.458391,0.514966,0.749771
5JiRNiFW0qVuN3TkbpRnyJ,31 Minutos,Arwrarwrirwrarwro (Banda Sonora Original de la Cuarta Temporada),Mi Mamá Me Lo Teje Todo - Lino y Lana,0.535,0.799,-4.05,0.0428,0.221,8.01e-06,0.152,0.537,114.986,0.237360,0.885124,0.643009,0.167636,0.913566,0.304806,0.413254,0.714242
74XLN3KJsbSn9dERGMnNSa,Sumo,Corpiños en la Madrugada,Breaking Away,0.785,0.491,-12.711,0.0342,0.0322,0.00179,0.0955,0.884,105.446,0.472690,0.717445,0.965949,0.112726,0.609735,0.470070,0.702888,0.683337
3a2PhvkAWCh2ywfkVyZWhk,Rastapé,Tudo E Forro,Moça Bonita,0.692,0.585,-6.976,0.0384,0.265,3.55e-06,0.175,0.558,144.074,0.214066,0.928528,0.843780,0.177039,0.633740,0.352373,0.566793,0.835576
5EYZZvmNAH5VZCwuzYJqoA,Jatin-Lalit;Shaan;Kailash Kher;Prasoon Joshi,Fanaa,Chand Sifarish,0.829,0.665,-8.128,0.0868,0.242,1.75e-05,0.123,0.861,122.043,0.395491,0.888997,0.935552,0.148559,0.592708,0.334256,0.782749,0.794496
3bkCPJY8k9jzKp3d3XXDwK,Mats Rådberg;Rankarna,100 % Mats Rådberg & Rankarna,Du kan alltid lita på pojkarna över 35,0.58,0.643,-9.584,0.0573,0.562,0.000122,0.131,0.934,172.501,0.361216,0.801749,0.957485,0.142633,0.595323,0.579795,0.535882,0.841267
5nTjkZ2qQQy8EqQsSwq7m3,No Party For Cao Dong,醜奴兒,艾瑪,0.52,0.757,-9.641,0.0617,0.000669,0.168,0.114,0.253,82.453,0.120048,0.808045,0.608582,0.350775,0.840413,0.159660,0.484118,0.699568
09dwCB0a9GrvSZloCCXqq3,Bryan Adams,Beste Weihnachtslieder,Merry Christmas,0.683,0.511,-5.598,0.0279,0.406,0.000197,0.111,0.598,109.991,0.364048,0.794525,0.906409,0.208410,0.881366,0.624936,0.776790,0.737242
4GQjav2jvs9tmbC0KkYtCj,KANA-BOON,きらりらり,きらりらり,0.385,0.932,-2.27,0.0405,0.00378,0.00782,0.314,0.725,177.093,0.041387,0.888447,0.909245,0.160700,0.779040,0.179017,0.341803,0.850405
54CEXt5kP0lFQTaRXYHXYw,Seiko Matsuda,Pineapple,SUNSET BEACH,0.556,0.355,-9.353,0.0255,0.785,1.19e-05,0.15,0.18,86.806,0.884198,0.391674,0.197770,0.927001,0.509413,0.675440,0.780656,0.508743
5NVkktUlAylhk7f0t63eth,Sunwoojunga,Extraordinary Attorney Woo (Original Television Soundtrack) Pt. 2,Beyond My Dreams,0.519,0.352,-8.332,0.0244,0.762,0.0,0.113,0.269,78.943,0.922884,0.668080,0.220922,0.894739,0.646168,0.761993,0.671183,0.556133
79VrelRFESEuKroG3Q5O4R,Roberto Goyeneche;Raúl Garello y su Orquesta,Esenciales,Malevaje (with Raúl Garello y su Orquesta),0.549,0.581,-6.559,0.0496,0.726,0.00147,0.111,0.555,112.784,0.654636,0.862545,0.717141,0.670984,0.360038,0.595294,0.715774,0.711857
0QIVmJRwl3nb3lPVKpC6h1,Grupo Fundo De Quintal;Zeca Pagodinho;Arlindo Cruz;Sombrinha;Almir Guineto,Ao vivo convida,Eu não quero mais - Ao vivo,0.481,0.828,-6.444,0.169,0.778,0.0,0.692,0.879,116.385,0.191032,0.751188,0.857185,0.236580,0.624032,0.511032,0.423599,0.825498
5BGxuUJstBeV4w0mYpVAbs,Atitude 67,Sempre Foi Pagode (Ao Vivo / Vol. 1),Flashback - Ao Vivo,0.678,0.602,-7.02,0.17,0.525,0.0,0.878,0.671,80.009,0.563933,0.738204,0.812088,0.263591,0.650426,0.713024,0.325711,0.824017
7AgfismnOelCQaBAyRy5Pl,Desejo De Menina,Cumplicidade,Uma Estrela,0.419,0.607,-7.126,0.0435,0.647,1.69e-05,0.146,0.422,157.675,0.653168,0.872847,0.378848,0.714735,0.769634,0.718741,0.647724,0.736634
0sFyocQKHn5PMdfGuvScJn,Cattle Decapitation,Homovore (2021 Remastered Version),Mauled - 2021 Remastered Version,0.287,0.983,-4.05,0.195,0.00296,0.00238,0.337,0.0389,121.507,0.105631,0.836652,0.564635,0.569040,0.979373,0.159579,0.140396,0.812034
3PAAraURTeoxX4XOF7F2zU,Grup Yorum,Cesaret,Sevda Türküsü,0.553,0.466,-12.786,0.0313,0.443,0.117,0.125,0.836,80.965,0.686921,0.267956,0.649752,0.412886,0.268731,0.654471,0.465101,0.396645
0I5pVidtNjNXeaqHnwhrva,Martin Jensen;Amber Van Day;N.F.I,Can't Come To The Phone,Can't Come To The Phone,0.742,0.787,-4.712,0.0479,0.0273,3.25e-05,0.107,0.688,124.016,0.154952,0.946086,0.906846,0.124626,0.730446,0.115666,0.389984,0.683212
05Q2QXgj7NPOmYvito5OOm,Maceo Plex;Program2;Giovanni,Revision feat. Giovanni,Revision feat Giovanni - Original Mix,0.658,0.667,-5.948,0.0311,0.00102,0.552,0.137,0.229,128.019,0.155898,0.831874,0.832725,0.324758,0.872619,0.137631,0.776291,0.633675
2MPLfN41BaxzWEjuOI92M9,Lorne Balfe,Pennyworth: The Origin of Batman's Butler - Season 3 (Soundtrack from the HBO® Max Original Series),Enigmatic Family,0.369,0.198,-19.882,0.0367,0.778,0.937,0.0776,0.0364,125.012,0.851030,0.565367,0.265928,0.952782,0.747887,0.582507,0.959164,0.214217
51prkMZzhTgCFBKKjdZJ5z,MR TOUT LE MONDE;ROLEON,SUN,Pour Toujours,0.734,0.659,-7.881,0.0789,0.117,0.000729,0.228,0.254,119.985,0.379443,0.859760,0.746071,0.659406,0.900618,0.112772,0.432873,0.839566
77gshiuAkT0Y11Iq87lZc3,Connate Exasperation,Delusional Primacy,Labyrinth Of Darkness (instrumental),0.535,0.455,-14.741,0.0643,0.557,0.228,0.169,0.775,73.372,0.768408,0.665337,0.839293,0.384783,0.375862,0.832811,0.686839,0.657835
4tjA1bnIrvCt1O4uaC476a,Fabian Mazur;Snavs,The Pit,The Pit,0.513,0.834,-5.802,0.134,0.0101,0.000128,0.331,0.179,150.098,0.125950,0.929392,0.734460,0.489200,0.906282,0.159290,0.109935,0.908980
2rXVSfTJoADBUg7cG7ZQj0,Alan Menken,Pocahontas Original Soundtrack (English Version),Ship At Sea,0.332,0.246,-14.859,0.0319,0.919,0.94,0.344,0.0901,89.744,0.842499,0.557763,0.068796,0.961222,0.582814,0.782834,0.947869,0.345393
2TgNvhqnAThN6lOXuAwDwj,SUPER☆GiRLS,Summer Lemon,Summer Lemon,0.528,0.945,-3.342,0.0542,0.00744,6.36e-06,0.346,0.752,170.055,0.036223,0.900520,0.887787,0.064425,0.930561,0.093745,0.310349,0.915592
2agBDIr9MYDUducQPC1sFU,Yiruma,Yiruma 2nd Album 'First Love' (The Original & the Very First Recording),River Flows In You,0.315,0.22,-21.343,0.0514,0.987,0.943,0.0802,0.116,145.195,0.899538,0.375954,0.245525,0.964594,0.701494,0.859551,0.965912,0.243906
2fifrxk02FYmyR484j0beA,Sonu Nigam,Devi Bhajan - Sonu Nigam,"Nanhe Nanhe Paon Mere (From ""Meri Maa"")",0.663,0.806,-7.962,0.0623,0.672,1.66e-06,0.904,0.961,93.958,0.382731,0.768515,0.938741,0.093074,0.539615,0.661144,0.309024,0.775355
0AFkOMz5UWiDQUMswNqT42,El Coyote Y Su Banda Tierra Santa,Grandes Exitos,Qué Casualidad,0.695,0.415,-10.422,0.042,0.441,5.7e-06,0.166,0.979,123.981,0.714999,0.816008,0.935972,0.193479,0.405380,0.621435,0.745900,0.557061
1HGqkWLHspqZwGs1WbwD9S,Rogue Zero;Rude Convict,Scantraxx - Hardstyle Fall 2020,Drop That,0.523,0.971,-2.556,0.0873,0.0512,0.0,0.15,0.374,155.1,0.067236,0.904945,0.892200,0.232390,0.900321,0.087343,0.287666,0.844084
7bYsIVw6B8QRvtT7TeyRdT,Stone Temple Pilots,Grunge!,Dead & Bloated,0.56,0.81,-7.876,0.0546,0.000156,8.57e-05,0.0926,0.548,123.013,0.243031,0.770143,0.851840,0.216840,0.865975,0.165190,0.605884,0.803303
2Kt1XplPBQBsDKQDa6TssB,The Neighbourhood,I Love You.,Flawless,0.568,0.871,-3.453,0.0308,0.0553,0.51,0.303,0.374,119.99,0.144029,0.830635,0.775037,0.240341,0.933336,0.212490,0.489450,0.871998
1vzxYeTJ9dTtyJXkNWVJDZ,Yuvan Shankar Raja;Tanvi Shah,Paiya (Original Motion Picture Soundtrack),En Kadhal Solla,0.874,0.412,-5.746,0.0313,0.035,0.00684,0.102,0.56,105.019,0.233617,0.812316,0.836824,0.329211,0.827666,0.317231,0.644306,0.655612
6dIBSpL0BOvtImFUUTKWMo,Ajda Pekkan,Hoşgör Sen,Sana Neler Edeceğim,0.62,0.62,-7.66,0.0516,0.681,0.0,0.358,0.795,134.613,0.497098,0.738106,0.808729,0.405669,0.535650,0.820708,0.595508,0.806800
209ZNCwJ4LgLOrnWCL2NIs,P.L.F.,Devious Persecution and Wholesale Slaughter,Final Act of Recalcitrance,0.173,0.992,-4.706,0.179,1.45e-06,0.799,0.293,0.0358,105.467,0.055751,0.795581,0.432788,0.360523,0.974294,0.052324,0.663443,0.764932
2UOtnKZNppcZ5dC8v2FS41,Nora En Pure,Sign of the Times,Sign of the Times,0.537,0.782,-7.91,0.0801,0.276,0.841,0.132,0.057,125.999,0.229329,0.851157,0.452923,0.640221,0.894771,0.114282,0.923270,0.751310
3AXWBC3J6CiYXohrN2dRiZ,Ella Fitzgerald,Spooky Scary Season,Ding-Dong! The Witch Is Dead,0.626,0.248,-12.898,0.061,0.827,0.0,0.0965,0.639,80.542,0.944403,0.458845,0.726809,0.681432,0.387667,0.853679,0.740275,0.326465
5aqLROQOpWX2H8Q3b0IB6b,Tom & Jerry,"Jungle Hits, Vol. 1",Maximum Style (Lover To Lover),0.653,0.723,-14.518,0.0806,0.0149,0.619,0.0485,0.78,159.017,0.167083,0.944148,0.917722,0.059361,0.640767,0.293235,0.805123,0.814497
4pjC3rWa9EIpCDLiUzZDRN,Korsakoff;Outblast,Stiletto,Eternity - you will never be forgotten,0.353,0.921,-6.077,0.117,0.278,0.0255,0.635,0.0595,174.04,0.109759,0.925699,0.644755,0.667490,0.976586,0.172385,0.284314,0.905104
1EWoiQJwIOtjm0fQD9CYFo,Blackburri,Totoro Talk (To Me),Totoro Talk (To Me),0.723,0.304,-20.203,0.0384,0.64,0.904,0.799,0.445,140.023,0.734733,0.696455,0.732496,0.795307,0.571360,0.668861,0.938350,0.796338
5NORWMFC27ywGSZxi8uquP,The Lumineers,Cleopatra,Ophelia,0.664,0.573,-6.519,0.0277,0.613,0.000363,0.0857,0.566,76.023,0.519358,0.747435,0.665560,0.448328,0.436517,0.772084,0.578421,0.523794
3QcDpzfdr3wSmap8SA14DJ,Staind,Break the Cycle,It's Been Awhile - Acoustic,0.64,0.54,-7.561,0.0262,0.112,5.32e-05,0.165,0.0621,113.835,0.336604,0.806638,0.595750,0.629805,0.846737,0.103965,0.576019,0.741347
2l0MpaIoaddCw00dJ0UxLX,Georgio,Bleu noir,Rêveur (Pour Anatole),0.555,0.543,-8.578,0.391,0.311,1.12e-05,0.289,0.116,93.409,0.249312,0.877690,0.386478,0.758800,0.867567,0.310848,0.476705,0.718025
1rhf7nou1E6MvGqHFAomDR,Ikke Hüftgold,Dicke Hits und Kartoffelsalat aus dem Märchenland,Don't Take Me Home,0.588,0.93,-2.665,0.151,0.219,0.0,0.401,0.468,139.907,0.066829,0.916947,0.820813,0.223196,0.810829,0.307048,0.336546,0.897523
6SYPEs6RfcvpjuBYfJPaNy,BOØWY,PSYCHOPATH,GIGOLO & GIGOLET,0.632,0.886,-4.286,0.0322,0.02,0.000568,0.362,0.886,153.868,0.131553,0.951119,0.966480,0.094533,0.771396,0.234652,0.259206,0.817359
09nEPqqMCJ5gNioi7M2dth,Yael Naim,Yael Naim,New Soul,0.582,0.371,-8.519,0.0525,0.748,9.19e-05,0.122,0.604,200.085,0.368059,0.843975,0.337206,0.746034,0.580813,0.623176,0.781104,0.866847
3BZG1oLulq3rMZT7XsLKdU,Droplex,Psychological Attack,Psychological Attack,0.799,0.535,-9.103,0.0594,0.00183,0.857,0.0713,0.0708,126.0,0.185967,0.556385,0.722826,0.742860,0.898597,0.128030,0.901882,0.859482
44S8xPZQGvIWonst1gAnWK,Metá Metá,MetaL MetaL,Oya,0.44,0.742,-5.234,0.124,0.227,0.000159,0.399,0.368,129.169,0.135860,0.856344,0.564168,0.439335,0.865351,0.262794,0.290668,0.807721
7708qrA9gHIrwuVf6QdjAH,Feid,Reggeaton Imperdible,Castigo,0.728,0.68,-4.129,0.165,0.0865,1.06e-06,0.1,0.704,179.839,0.065765,0.964586,0.925139,0.116768,0.901845,0.112909,0.414429,0.916848
760R0ra4JS5HpKrOtK2hAl,The O'Jays,Soul Christmas Greatest Hits,I Can Hardly Wait 'Til Christmas,0.662,0.487,-9.248,0.028,0.694,0.0,0.2,0.391,120.057,0.461711,0.599475,0.664497,0.670343,0.629946,0.665356,0.704313,0.562996
1MPafzHDGPTx5T08I5cnr4,Michael Nyman;Michael Nyman Band,Classical Running,MGV (Musique à Grande Vitesse) 1993 (for the inauguration of the TGV North European line): 1st Region,0.571,0.293,-18.832,0.0336,0.882,0.815,0.605,0.327,119.515,0.876523,0.594107,0.331639,0.912560,0.569621,0.851199,0.959790,0.562460
0M4RJYdcJ9t2f89WxBfO2f,Kylie Minogue,Christmas Time,Santa Baby,0.685,0.391,-7.183,0.0435,0.744,0.0,0.142,0.443,87.101,0.771418,0.527484,0.434138,0.688878,0.618763,0.789669,0.702097,0.634520
1AypGrF9hgXuCpvt2b8BEY,Dro Kenji,WITH OR WITHOUT YOU,USED2KNOW,0.62,0.628,-6.601,0.115,0.0085,0.0,0.127,0.348,177.915,0.131832,0.935975,0.669076,0.192359,0.907557,0.071513,0.279037,0.770405
7e3JpmZNlzh8reXergT8LC,KSHMR;Yves V;Krewella;RANDALL,No Regrets (feat. Krewella) [RANDALL Remix],No Regrets (feat. Krewella) - RANDALL Remix,0.553,0.846,-5.146,0.0673,0.0283,0.000319,0.0616,0.488,95.046,0.115664,0.764803,0.846962,0.203276,0.928503,0.210708,0.495314,0.771735
6BwxBmAMwn45gGbNtw1VE3,Nat King Cole,Calm Christmas,The Christmas Song (Merry Christmas To You) - Remastered,0.294,0.253,-13.146,0.0349,0.884,6.3e-06,0.132,0.234,85.256,0.926232,0.401803,0.096636,0.902453,0.594018,0.834185,0.893249,0.281624
7vqcDtNvoJn5pXhktc8qe8,Maceo Plex;Gabriel Ananda,Solitary Daze,Solitary Daze,0.69,0.739,-11.513,0.059,0.0127,0.905,0.0744,0.384,125.007,0.147344,0.849079,0.755624,0.342099,0.884726,0.162965,0.787876,0.762443
0QhzV0wGDhWvBfvTpvVL5m,Isak Danielson,Tomorrow Never Came,Face My Fears,0.497,0.462,-8.485,0.0517,0.0721,0.0,0.122,0.108,137.546,0.264988,0.724452,0.215009,0.771929,0.858423,0.218165,0.468295,0.702254
5j3QqRGflS4o5jbsFSwKW1,DJ Shadow;Mos Def,The Fast And The Furious: Tokyo Drift (Original Motion Picture Soundtrack),Six Days - Remix,0.641,0.943,-6.254,0.264,0.0351,0.000259,0.328,0.718,171.811,0.113966,0.965458,0.923955,0.109989,0.791272,0.374536,0.127571,0.921125
2Q5sHXMgubbFfiwi74FqsV,Mike Laure,Boleros Con Mike Laure,La Mesera,0.775,0.697,-4.354,0.0374,0.788,0.0,0.0683,0.974,152.183,0.656201,0.856309,0.933579,0.187663,0.465697,0.867300,0.848258,0.948768
0HLLXulya71QkF53jef2U3,Ceylan Ertem,Yine De Amin,Kovdum,0.483,0.49,-7.935,0.04,0.819,0.000109,0.157,0.247,77.141,0.857312,0.416575,0.307489,0.876984,0.697136,0.507159,0.754092,0.358692
4B8ROu7Pp6tbRMzbJQGixj,blink-182,Rock & Halloween,Ghost On The Dance Floor,0.532,0.969,-3.967,0.0581,2.41e-05,0.0265,0.0912,0.547,103.511,0.167293,0.891958,0.948147,0.230670,0.908620,0.148386,0.339908,0.863045
1OCQiEKVQwMJudMMtEuc86,Надежда Обухова,Великие исполнители россии: надежда обухова,Плакучие ивы,0.316,0.11,-17.088,0.0487,0.99,0.0,0.0908,0.163,92.705,0.923054,0.127199,0.057381,0.977548,0.652925,0.839470,0.874340,0.252907
5Kw7j9uxLKMy1g4G76Q6gG,Peggy Lee,Holidays Are Coming,Happy Holiday,0.369,0.499,-9.301,0.0448,0.829,1.75e-06,0.154,0.69,192.76,0.649073,0.873114,0.721117,0.414082,0.356245,0.567447,0.628360,0.683059
0qM8wCLW4dd7C4ESVnIcuo,Psychostick,... and Stuff,Sober on Saint Patrick's Day,0.668,0.91,-6.219,0.0969,0.0761,3.5e-06,0.387,0.297,129.915,0.060376,0.921879,0.749042,0.540104,0.909923,0.117067,0.289459,0.786603
3u5GmyJP2MU3tEJgyiAG2T,Sinsinati;Álvaro De Luna,Indios y Vaqueros,Indios y Vaqueros,0.606,0.797,-6.23,0.0702,0.0607,0.0,0.366,0.851,100.015,0.101380,0.913018,0.941074,0.189194,0.812292,0.207725,0.429947,0.834625
2ZUyxzeqj11CBJwZbnYgb8,Neon Trees,Rock Workout 2023,Everybody Talks,0.474,0.916,-3.93,0.0624,0.00504,0.0,0.325,0.745,154.948,0.076225,0.958851,0.872989,0.132086,0.760215,0.156784,0.355513,0.762700
0oE2ojWoZcNmGABQi8l1xk,Miriam Yeung,電光幻影,處處吻,0.758,0.794,-4.734,0.0405,0.364,0.0,0.099,0.77,119.021,0.179586,0.889476,0.957781,0.137376,0.583723,0.253926,0.564727,0.859587
6gADOcJyvhDPRcJdgPwicN,Pacific Avenue,My Hero,My Hero,0.424,0.857,-5.158,0.0482,0.00973,1.98e-05,0.127,0.664,173.952,0.097144,0.896777,0.784787,0.208285,0.854922,0.202605,0.490093,0.867647
7GqT1icvK3BZNwFD48s93R,SLANDER;Dylan Matthew,Thrive,Replay (with Dylan Matthew),0.209,0.634,-7.689,0.0538,0.000904,0.0,0.131,0.105,170.213,0.082337,0.557593,0.303710,0.699043,0.911035,0.100801,0.453183,0.663311
4edHoZerfvMGeLz3ohZit6,The Chainsmokers,So Far So Good,iPad,0.665,0.628,-6.297,0.026,0.00502,2.02e-05,0.0947,0.551,121.979,0.134168,0.831091,0.751750,0.284687,0.793032,0.270251,0.361823,0.716037
7qj4VbHEt4L11MZlndTQ5V,Imagine Dragons,Halloween Party 2022,Thunder,0.601,0.824,-4.757,0.0474,0.00866,0.173,0.155,0.246,167.965,0.084126,0.952523,0.623593,0.459973,0.897218,0.096502,0.589526,0.887147
34kHexFdmug6nYZzkz3hc0,Babasónicos,noches de lluvia,Como Eran Las Cosas,0.696,0.448,-9.099,0.0333,0.452,2.43e-05,0.0904,0.569,95.004,0.662020,0.626465,0.749947,0.561949,0.604843,0.759616,0.593318,0.587628
0u9Qzq28dKJ5evkPWGqSef,Armando Filho,Final Feliz,O Mover do Espírito,0.607,0.546,-10.374,0.0618,0.809,0.0,0.251,0.69,136.422,0.721600,0.794464,0.751521,0.554436,0.609901,0.667541,0.658550,0.820722
4WxB3DitRDB6LUaofMZXOj,Legião Urbana,Legião Urbana 30 Anos,Teorema,0.299,0.926,-6.13,0.0994,0.000442,0.116,0.0585,0.531,206.641,0.035514,0.976602,0.773084,0.171692,0.860248,0.098461,0.511382,0.761486
41SH0UAo3nbzN4l0U38Wq3,Katherine Jenkins;Choir of The King's Consort;Philharmonia Orchestra;Nicholas Dodd,Katherine Jenkins / From The Heart,Nella Fantasia,0.165,0.223,-13.919,0.0403,0.973,0.00129,0.0771,0.081,91.495,0.891367,0.271766,0.081277,0.983825,0.611765,0.756022,0.860841,0.205060
1TObetuMycXgZJRzsYKdqC,Seringai,Serigala Militia,Serigala Militia,0.384,0.88,-4.362,0.0687,0.01,0.0,0.175,0.348,150.048,0.126305,0.854762,0.692806,0.189169,0.913638,0.075964,0.319745,0.770482
0w3Q3VFdrYzo24QUIGnBNy,Fetty Wap;Monty,Fetty Wap (Deluxe),679 (feat. Monty),0.545,0.763,-5.528,0.407,0.00715,0.0,0.668,0.752,126.59,0.100594,0.902221,0.952556,0.125425,0.811563,0.244257,0.299654,0.818618
2zEcAdsl5OjxKRrGQA5Z49,VRSTY,Blck Deluxe,Wilt,0.45,0.932,-4.922,0.109,2.39e-05,2.47e-05,0.359,0.2,145.973,0.097369,0.954354,0.746036,0.446054,0.948488,0.072276,0.334587,0.808554
6cp4A1ZXCzazwJfj8vW0B1,Thaikkudam Bridge,Navarasam,Chathe,0.554,0.558,-6.077,0.0361,0.00806,0.000118,0.113,0.418,129.996,0.216174,0.777829,0.681236,0.339506,0.856123,0.321027,0.481960,0.485001
3xtxmdwm84x0ZDvSOxQels,Joseph Sullinger,Drawn by the Wind (Arr. for Guitar),Drawn by the Wind (Arr. for Guitar),0.514,0.239,-14.957,0.101,0.982,0.954,0.106,0.338,119.998,0.944218,0.604796,0.202255,0.935445,0.405698,0.901233,0.969528,0.338944
43mHckutQvJr49nT0UvRxy,Ritviz,Ved,Sage,0.663,0.412,-8.195,0.364,0.00434,0.019,0.215,0.356,98.023,0.182209,0.688167,0.641664,0.612678,0.752727,0.278291,0.510532,0.421086
6KIEfLIfSHGZBwlco6YCAK,Anthony Rapp,"You're a Good Man, Charlie Brown (New Broadway Cast Recording (1999))",The Kite,0.562,0.366,-12.8,0.118,0.712,0.0,0.0899,0.366,74.573,0.755802,0.477298,0.258361,0.782209,0.693333,0.825616,0.762829,0.761408
6SeFPYWv9lIlSWanyEDYf5,Falling In Reverse,Losing My Life,Losing My Life,0.446,0.927,-3.727,0.228,0.027,0.0,0.0931,0.274,160.031,0.059141,0.930752,0.541237,0.316552,0.927942,0.087848,0.530267,0.911101
7K7myvEifM0qZ4e7dnUAmn,Black Label Society,Mafia,In This River,0.446,0.356,-8.857,0.0275,0.0929,1.63e-05,0.108,0.291,83.224,0.431822,0.506111,0.445316,0.807936,0.615183,0.302620,0.776495,0.375277
7mTKvNBDDv03twFJeZ1gny,The Viper;Neophyte,The Viper - Nothing To Lose,Coming Home - Cd Version,0.457,0.842,-5.8,0.0436,0.00702,0.000284,0.0774,0.0852,89.995,0.210434,0.912439,0.468762,0.658436,0.880336,0.060055,0.390280,0.762247
5Qk2ca503PdWIh7XJhnpDT,Toini & The Tomcats,Going Wild,Crazy for You,0.317,0.823,-5.224,0.0473,0.0666,0.0,0.131,0.77,172.732,0.045189,0.853015,0.886848,0.142323,0.806436,0.114397,0.431445,0.718538
6HrVrtNZh3KSehcfwq1S2z,Spuntic,Foundation,Deep Hours,0.194,0.39,-18.538,0.0467,0.00296,0.76,0.0941,0.0306,100.946,0.414395,0.388662,0.259102,0.828420,0.848228,0.145989,0.856008,0.426152
2zqo6hcLgiosw5gqGeytIT,Pedrinho Pisadinha,Menino Sonhador,50 Tons de Cinza,0.642,0.876,-4.159,0.0444,0.176,0.0019,0.0662,0.891,176.047,0.114644,0.965275,0.964226,0.105875,0.651783,0.260720,0.475048,0.872506
7eTuH5YFkxOkTjiOYfz3pj,Jéssica Augusto,A Última Palavra É Dele,A Última Palavra É Dele,0.418,0.686,-4.718,0.0421,0.699,0.0,0.346,0.534,107.882,0.514502,0.759199,0.464668,0.743534,0.750668,0.621265,0.690775,0.556841
7J2gyNghNTzl4EsLhXp01Q,XXXTENTACION;Joey Bada$$,?,infinity (888) - feat. Joey Bada$$,0.562,0.579,-6.788,0.484,0.274,0.0,0.102,0.577,84.143,0.173631,0.673906,0.515942,0.292430,0.787965,0.404459,0.364042,0.468319
46MUbxLye12SKBN7xHg3CF,Unknown Brain;Jex;Rival,Control,Control,0.544,0.771,-4.097,0.0644,0.00339,2.12e-05,0.173,0.301,99.743,0.199358,0.787456,0.878031,0.467847,0.918927,0.263924,0.295918,0.799083
6WiAC2oM0a96F64xjH3YWv,Holem;Shiloh Dynasty,In My Feelings,Black Shirt,0.876,0.149,-22.986,0.143,0.827,0.775,0.19,0.212,109.975,0.956861,0.339969,0.461054,0.856254,0.580158,0.876987,0.972280,0.344531
7sFRIgzKlKRSfBDWUvtpwU,LoveJSan,Saddest Popstar to Live,I Got You Flowers!,0.598,0.54,-6.199,0.0363,0.0504,0.000144,0.211,0.244,140.13,0.312313,0.880063,0.593935,0.690044,0.897341,0.243578,0.376419,0.884466
5R5ZHUcjOoQ5H3NqdLNUDg,Almklausi,Ballermann Party Hits Megamix 2022.2,Wir machen mit bei der Rettung der Erde,0.711,0.958,-1.95,0.0609,0.0799,0.0,0.361,0.816,139.984,0.057594,0.947870,0.962817,0.034118,0.874962,0.250733,0.245240,0.868103
0J3Byk1w48wfuYOExLfdEl,Within Temptation;Chris Jones,An Acoustic Night At The Theatre,Utopia (feat. Chris Jones),0.288,0.561,-6.461,0.0296,0.0264,0.0,0.119,0.183,113.599,0.204939,0.548085,0.331782,0.771341,0.940101,0.160206,0.503863,0.507238
44d9YTzlnG1CX9Y7BLgHUp,Raimu,The Spirit Within,Stuck in Æther,0.537,0.2,-16.798,0.0457,0.721,0.952,0.279,0.0964,68.882,0.895703,0.266586,0.289243,0.967984,0.699385,0.636331,0.938393,0.424887
5rDyQ4JlX5h1kStov38c3k,Bruno & Marrone,Ensaio (Ao Vivo),Pensa Bem - Ao Vivo,0.676,0.739,-5.068,0.0935,0.505,0.0,0.118,0.462,154.018,0.465328,0.840299,0.867828,0.536532,0.867145,0.478751,0.351704,0.868326
5U7jIV7kh5iHKgUgslSgKB,吳青峰;微光古樂集,馬拉美的星期二,(......小小牧羊人)(feat. 微光古樂集),0.606,0.31,-11.111,0.0289,0.936,0.000213,0.281,0.22,140.293,0.654524,0.622451,0.313700,0.919799,0.673731,0.744476,0.578415,0.477574
75KyB8zFgkkfwOWr3wz2y0,Los Prisioneros,La Cultura De La Basura,Maldito Sudaca,0.525,0.869,-7.556,0.0519,0.1,6.21e-06,0.172,0.651,158.127,0.050513,0.885939,0.897001,0.157743,0.731625,0.140649,0.346396,0.732886
2crVwyjmXwg5ljSLiRdhXr,Alberto Vazquez;Manolo Muñoz,Rancheras Inmortales,Leña De Pirul,0.405,0.45,-7.2,0.0346,0.587,0.0,0.288,0.652,145.514,0.396576,0.684984,0.682759,0.553230,0.685793,0.538329,0.696054,0.737556
3tfpMkC7BWtxNPeq3Xfcfb,Surgeon,Luminosity Device,Master of All Visible Shapes,0.511,0.733,-12.591,0.0668,0.00242,0.852,0.112,0.0399,119.978,0.133476,0.562535,0.537265,0.491622,0.940611,0.124336,0.904445,0.843960
0Sw8OEQUKHKya2521D0L6v,Randy Crawford,Music for Rainy Days,Rainy Night in Georgia,0.628,0.312,-14.408,0.0462,0.383,0.00146,0.315,0.372,74.03,0.633826,0.433387,0.542726,0.712958,0.556259,0.621392,0.662208,0.404477
1R6HCzZI4o2gwaax6pw8ry,ILLENIUM;Emma Grace,Fallen Embers,Brave Soul,0.517,0.309,-8.606,0.0358,0.384,2.53e-06,0.102,0.256,90.036,0.585930,0.491296,0.395288,0.907535,0.753679,0.691075,0.504260,0.481099
6aIzRBVtvwsgSxdSvXJctb,Gusttavo Lima,O Embaixador - The Legacy (Ao Vivo),Super Ex - Ao Vivo,0.847,0.859,-2.661,0.0398,0.165,0.0,0.198,0.776,116.948,0.168953,0.934975,0.961450,0.107398,0.776442,0.218662,0.239433,0.884634
2zZXXXmkHttcUBM9SyZ1iv,PERSONZ,DREAMERS ONLY,Dreamers,0.446,0.795,-12.122,0.0357,0.0068,3.02e-05,0.128,0.638,174.13,0.102760,0.930829,0.851115,0.241900,0.724606,0.128918,0.381694,0.869469
5pK2Elt8xOENwe8xAGfASw,NTO;Monolink,Apnea,Beyond Control,0.669,0.619,-9.02,0.0376,0.00122,0.817,0.0677,0.432,124.994,0.215765,0.718169,0.804542,0.294893,0.836297,0.246853,0.796557,0.803489
6WlyKnHraeinNeZlRbTIdK,Eddie Santiago,30 Exitos Insuperables,Nena,0.739,0.773,-6.225,0.0408,0.71,3.57e-06,0.0753,0.961,177.14,0.486883,0.943984,0.904772,0.118527,0.569548,0.558704,0.764061,0.944172
6aI0ILvU32mY1L2u4sFzNU,Péricles;Thiaguinho,No Fundo dos Meus Olhos (Ao Vivo),No Fundo dos Meus Olhos - Ao Vivo,0.53,0.67,-5.788,0.0504,0.709,0.0,0.972,0.704,144.177,0.448242,0.844806,0.808787,0.544874,0.643626,0.561506,0.423186,0.814506
2LvtkR0gz5SJ8Tz4hV6z35,Lollypop Lorry,Live at Octopus,I Won't Let You Go (Live),0.697,0.509,-6.0,0.0344,0.107,1.42e-05,0.0471,0.902,126.076,0.220858,0.777486,0.951363,0.231701,0.464470,0.405942,0.587488,0.655821
1HTZHkdWeTTgzrBcsl4mur,Nikhil mathew;Bijibal,Maheshinte Prathikaaram,"Cherupunjiri - From ""Maheshinte Prathikaaram""",0.594,0.273,-10.91,0.0346,0.858,0.0,0.124,0.254,80.028,0.898776,0.287097,0.303216,0.882648,0.680352,0.728261,0.868205,0.366824
0ksVMStKRQ5mjRT1l8bAC5,Mike Der Bademeister;Schwalmrebellen,Licht am Fahrrad,Licht am Fahrrad,0.66,1.0,-1.51,0.0753,0.0363,0.0,0.78,0.772,140.006,0.082376,0.972276,0.904089,0.080529,0.841646,0.278567,0.094344,0.918763
370hCOf2GfxzW3jK32k4Su,Rudimental;Anne-Marie;Tion Wayne,EDM Hits,Come Over,0.797,0.672,-6.135,0.0477,0.0442,0.0027,0.149,0.561,131.978,0.082909,0.817610,0.892682,0.235686,0.813361,0.170275,0.366269,0.748067
6GzBYvuHbCztjvSBUYoWs3,Gershon Jackson;Mat.Joe;Sonny Fodera,Defected Presents Sonny Fodera In The House,Take It Easy - Sonny Fodera & Mat.Joe Remix,0.948,0.411,-7.538,0.0507,0.001,0.00451,0.0584,0.205,123.992,0.254186,0.721870,0.711753,0.732142,0.936793,0.149534,0.716019,0.843381
3wWYsyw0dpPXYe6I2lAWea,Nosferatu,Demonic Playgrounds,Comforting Evil,0.619,0.972,-0.907,0.138,0.137,0.0,0.314,0.107,97.537,0.110396,0.855566,0.837702,0.452376,0.972116,0.116172,0.463065,0.884672
4cQWpS0ShcMleOsqSg197r,Blue Magic,Soulful Spell - The Best Of Blue Magic,Teach Me (It's Something About Love),0.352,0.583,-7.988,0.0438,0.655,0.000299,0.599,0.403,159.49,0.362401,0.808093,0.415990,0.707605,0.741462,0.546852,0.404868,0.756429
7yg9468XEZe3XMOO8oTzL8,The Spits,Kill the Kool,2018,0.438,0.735,-5.157,0.0525,0.000485,0.872,0.0706,0.46,104.458,0.112640,0.689291,0.787519,0.464798,0.857316,0.147052,0.856827,0.548432
2AMMUAPPA0pg5nOS90lNIP,Krewella;NERVO;Raja Kumari;Holly T,Goddess (Holly T Remix),Goddess - Holly T Remix,0.715,0.849,-3.434,0.0804,0.0936,4.46e-05,0.12,0.293,96.021,0.072328,0.860548,0.786653,0.380100,0.937132,0.149626,0.457961,0.829606
3MjrueDQKVr6xDDseZwhEd,Royal Blood,Royal Blood,Figure It Out,0.658,0.814,-4.631,0.0558,0.229,0.00676,0.216,0.69,108.016,0.364670,0.871948,0.782265,0.134879,0.704665,0.472494,0.605172,0.784568
57WUsRphWcS69G9OnTJEsg,Ali Bakgor,My Mind,My Mind,0.602,0.825,-8.21,0.0394,0.00593,0.0498,0.304,0.105,121.947,0.089840,0.863638,0.666080,0.724950,0.914358,0.093760,0.536771,0.728313
6ZVJP71zRbx0JrBlhpm4bI,Lorenzo Di Martino,No Friends,No Friends,0.81,0.56,-7.971,0.146,0.189,0.0,0.116,0.41,87.493,0.414962,0.646436,0.625376,0.270033,0.787378,0.337563,0.429351,0.695574
0BkI4Yoh4a6p3v0PXogsjs,Nomo,LP,Discontinued,0.394,0.73,-8.74,0.0679,0.0437,0.854,0.179,0.795,85.866,0.188783,0.703610,0.875268,0.163460,0.758166,0.273345,0.864853,0.506199
0Q2gbUVIIOacwCpISsQGn1,Kvatro,"Кватро - XV лет, Часть 1","Всё, что было",0.306,0.588,-7.373,0.0625,0.495,0.0,0.178,0.542,76.063,0.409212,0.731977,0.624733,0.656021,0.622869,0.578583,0.412868,0.447683
2rsxjOTBgMBhKrXIiFk2uW,Sirkazhi Govindarajan,Padikkatha Medhai,Engiruntho Vanthaan,0.284,0.555,-6.558,0.0362,0.942,2.35e-05,0.141,0.47,83.878,0.743656,0.700204,0.176417,0.743498,0.368353,0.687901,0.842428,0.434002
3Ra4rkq1ExwPXwrPQeHBWg,Alexandre Desplat,"Harry Potter and the Deathly Hallows, Pt. 2 (Original Motion Picture Soundtrack)",Lily's Theme,0.179,0.048,-28.663,0.0469,0.889,0.974,0.0775,0.0278,72.93,0.974630,0.122104,0.066875,0.991665,0.581148,0.882951,0.984056,0.068224
6BnhDyXqw9v5eOuiflRoXa,DIALOGUE+,Omoide Shiritori,Omoide Shiritori,0.488,0.96,-2.629,0.0654,0.189,0.000103,0.34,0.788,172.06,0.077147,0.855296,0.949036,0.153023,0.831257,0.117838,0.186081,0.841228
1fajmA1Nr8xIiJcLLlEB2n,Wood & Wire,North of Despair,Summertime Rolls,0.33,0.712,-10.204,0.0364,0.442,0.98,0.243,0.938,173.004,0.282900,0.782944,0.910521,0.249704,0.493069,0.250266,0.942549,0.681569
2P3KTPSUnwEHNFMjq5PAs5,Gideon,Out of Control,OUTLAW,0.546,0.99,-3.337,0.0681,9.73e-05,0.069,0.278,0.412,106.954,0.128707,0.941904,0.885002,0.307596,0.931335,0.162773,0.167286,0.867287
6MqqJ0OVjaYeiWUSMOAK8x,Club Kuru,Meet Your Maker,Film Credits,0.544,0.478,-8.193,0.0318,0.56,0.0855,0.139,0.356,118.894,0.638136,0.636232,0.505186,0.711269,0.741493,0.467454,0.614340,0.534032
6I0SHRGKjSnGUEAdQBEkP5,Foreigner,Planet 80's,Waiting for a Girl Like You,0.312,0.528,-7.324,0.0333,0.267,3.88e-06,0.0369,0.397,201.13,0.205757,0.814033,0.388600,0.640950,0.764243,0.273678,0.547857,0.554421
4RADnYlgyRGpV7tWZJ5JiG,Richard Wagner;Otto Klemperer,The Concertgebouw Orchestra (Volume 14),Richard Wagner / Die Meistersinger von Nürnberg - Overture,0.217,0.272,-17.207,0.0365,0.957,0.965,0.617,0.194,96.399,0.918526,0.344240,0.055500,0.901703,0.503546,0.871937,0.960856,0.288771
4zhG9ruZL1Kj64X5zLiCcO,Hardwell,SELF DESTRUCT,SELF DESTRUCT,0.67,0.926,-6.866,0.165,0.00201,0.704,0.139,0.0476,131.994,0.085863,0.922985,0.471534,0.601477,0.970091,0.038622,0.848448,0.895946
4doxKRgGXvYxIMBcFVQ1X6,Bryan Adams,Weihnachten Musik,Christmas Time,0.503,0.582,-4.324,0.0253,0.472,0.0,0.103,0.326,77.321,0.595587,0.593947,0.541796,0.690349,0.749528,0.525604,0.551590,0.701738
5HDBWCdgIWgEUE8qHfEvlg,Peggy Lee,Christmas Best Hits 2022,The Christmas Waltz,0.25,0.168,-16.789,0.0329,0.822,0.000135,0.136,0.141,107.269,0.968038,0.121035,0.137663,0.967068,0.506422,0.667130,0.910524,0.340378
1JbfkcEGqvce81rU7msdRa,Bad Boy Bill;Gettoblaster,Hustling for Horns,Hustling for Horns,0.904,0.907,-5.435,0.0571,0.000133,0.65,0.093,0.31,124.017,0.106997,0.968734,0.904540,0.115565,0.947832,0.071048,0.707305,0.935906
7EAIgk0EOZMFg8jr4uKaR8,Calle 13,Residente o Visitante,La Crema,0.579,0.748,-5.933,0.192,0.273,0.0,0.15,0.722,91.944,0.137882,0.740560,0.878097,0.437749,0.698660,0.560102,0.508446,0.771953
2U23anbtk7V1UpCSFXzFAm,Yiruma,The Best - Reminiscent 10th Anniversary,Wait There,0.49,0.15,-19.021,0.0523,0.989,0.931,0.0749,0.212,138.303,0.786801,0.589321,0.132194,0.944422,0.676181,0.761253,0.968684,0.353597
5Akb1w6HGjt4O7Ynha61gN,Mc Vzs;DJ Vilão,Medley Vale das Sombras,Medley Vale das Sombras,0.839,0.535,-4.714,0.45,0.407,0.0,0.202,0.76,111.949,0.391229,0.796288,0.874888,0.130961,0.748195,0.605132,0.239404,0.819270
5hSPcIoXyAMn8qkhxi0dI6,Momoiro Clover Z;Funky Kato,吼えろ 2021,吼えろ 2021,0.602,0.867,-1.859,0.054,0.153,4.91e-06,0.145,0.686,134.013,0.128012,0.908932,0.916789,0.126400,0.767361,0.189840,0.447501,0.847830
7nF9c1EmRF3BNAtKDCwUAK,Official HIGE DANdism,Editorial,Cry Baby,0.346,0.901,-4.617,0.12,0.0103,0.0,0.358,0.434,199.934,0.061323,0.912386,0.828939,0.324356,0.881682,0.086135,0.175735,0.927195
4vCiNW18AyeaUAZosVnX61,Jake Miller,Silver Lining II,Ross And Rachel,0.66,0.639,-6.61,0.0286,0.345,0.00109,0.0775,0.227,124.068,0.195146,0.801755,0.741464,0.671457,0.944734,0.209765,0.572555,0.656138
4rrG6blL1GvK0FeTPYf3e1,Alter Bridge,AB III,Ghost of Days Gone By,0.522,0.924,-4.395,0.0452,0.00019,0.000105,0.0934,0.484,136.549,0.088123,0.880069,0.842635,0.173910,0.951061,0.130850,0.227071,0.730628
3dNn3Hhbdw2DsmXF6HSEc3,Octave One,Patterns of Power,The Blue Drift,0.71,0.939,-5.439,0.0348,5.84e-05,0.865,0.28,0.485,130.985,0.094653,0.816566,0.889679,0.086827,0.743807,0.083910,0.832815,0.879569
7vrHbwWSg3GutLqvpX0JQq,Anaal Nathrakh,Desideratum,The One Thing Needful,0.36,0.729,-3.251,0.122,6.46e-06,0.894,0.077,0.0764,114.877,0.232556,0.778992,0.279241,0.734551,0.953321,0.074449,0.906741,0.632698
1GOiMxQXZUzjzH0Sxpck0B,kizaru,Karmageddon,Дежавю,0.801,0.591,-5.18,0.143,0.0186,0.0,0.108,0.231,87.509,0.330513,0.772612,0.766819,0.433858,0.895914,0.152652,0.630897,0.721123
0XMQuzgUJu7AjruBHzTg4Z,for KING & COUNTRY;Echosmith;Timbaland,God Only Knows (Timbaland Remix),God Only Knows (Timbaland Remix),0.7,0.487,-5.437,0.0486,0.208,0.0,0.11,0.363,143.964,0.265539,0.885230,0.743510,0.562058,0.813544,0.372202,0.435217,0.588072
0rUPzRvt6Pyl00OveAAqVU,Eva Dahlgren,En blekt blondins ballader,Vem tänder stjärnorna,0.517,0.603,-9.778,0.0467,0.26,0.000434,0.124,0.477,161.741,0.329431,0.832198,0.581249,0.287037,0.820337,0.213763,0.544884,0.739517
77iFeHuiYSRvleyU5WMBIA,Atención Atención,A Descansar Con Atención Atención,Cangrejito,0.774,0.518,-14.184,0.0659,0.978,0.97,0.0933,0.983,140.004,0.828308,0.813617,0.825192,0.229398,0.160486,0.915368,0.986921,0.820507
08mhBMcK6fFlL5vtzZpkRh,Astor Piazzolla,Piazzolla Tangos 5,La Evasion,0.401,0.359,-16.39,0.0736,0.9,0.00213,0.862,0.507,104.221,0.656023,0.370561,0.304416,0.825484,0.468859,0.790304,0.404371,0.536609
7HGp3U5pJXhLnQmebeMaIY,Avail Hollywood,Old Skool Kinda Girl,Twenty Five and Up,0.773,0.831,-5.383,0.0489,0.00499,1.4e-06,0.0531,0.628,139.053,0.141688,0.965520,0.907596,0.110923,0.818062,0.135288,0.295028,0.868931
0RKnsSlYHeSoEOpFTDEGQQ,Ray Price,The Essential Ray Price 1951-1962,One More Time,0.44,0.523,-7.483,0.0479,0.863,2.29e-05,0.0865,0.686,64.099,0.763783,0.666069,0.654658,0.829484,0.776920,0.839863,0.871582,0.470318
2ZIiJxovHGnu6Ceni14bu3,Nenei;Jazzystics,"Vintage Café: Lounge and Jazz Blends, Vol. 22",The Way You Make Me Feel,0.551,0.309,-11.309,0.0268,0.473,0.0,0.103,0.307,87.99,0.783917,0.355860,0.487128,0.801004,0.781804,0.701104,0.718117,0.446004
3ulqNw1j3ylD2HBUJnK2C4,Diante do Trono;Ana Paula Valadão;MORADA,Cantem no Caminho (Ao Vivo),Cantem no Caminho - Ao Vivo,0.401,0.605,-6.967,0.0331,0.0561,7.47e-05,0.521,0.229,141.779,0.213132,0.861484,0.594258,0.457109,0.930951,0.190863,0.317082,0.750315
1h0tDdMOq5Qcdefh8LLeRr,Shastro,Flute Meditations (Live),Alap in Shivaranjani,0.14,0.0596,-18.45,0.0412,0.99,0.926,0.111,0.253,81.244,0.938717,0.117529,0.199206,0.958017,0.251325,0.956878,0.979414,0.136234
4Nm1WuaXkTq1vT5YLSNVxh,Direct Hit!,Wasted Mind,Was It the Acid?,0.391,0.986,-2.713,0.131,0.000633,1.55e-05,0.0595,0.872,194.047,0.028468,0.964488,0.957970,0.128868,0.852994,0.147910,0.272646,0.942663
4QeqV5lymMKs4OeeZPdk0K,Bobby Goldsboro,Sweet Home Alabama,My God And I,0.429,0.464,-11.558,0.0314,0.577,0.0455,0.369,0.503,88.858,0.670197,0.330910,0.463618,0.392524,0.505809,0.764800,0.562974,0.443490
3wBzbRG2OnmKl9jYyR6umu,The Infamous Stringdusters,Laws Of Gravity,Gravity,0.462,0.613,-8.153,0.0271,0.213,0.0927,0.189,0.327,137.7,0.266481,0.640457,0.811434,0.494330,0.909642,0.243821,0.705541,0.689856
7w8PssLb3yPar3EcnStos3,Randall King,Burn Burn Burn - Hot Country Hits,Baby Do,0.674,0.86,-5.498,0.033,0.00469,0.00345,0.115,0.637,116.05,0.102609,0.820915,0.955633,0.253603,0.867658,0.108252,0.316668,0.755100
69AIpwGNLxr4qS1X5ynx60,Jordan Davis;Luke Bryan,Buy Dirt,Buy Dirt,0.586,0.559,-6.725,0.05,0.639,0.0,0.0872,0.437,177.945,0.394035,0.892575,0.344761,0.530451,0.619314,0.658860,0.735130,0.769233
16yyZ00RBLvBXPs5UYvo1Y,The Ark,We Are The Ark,Echo Chamber,0.62,0.726,-4.287,0.0345,0.0843,0.0,0.129,0.646,128.023,0.100787,0.952995,0.856347,0.139886,0.866502,0.224533,0.576462,0.836121
6BK1Z6VNYJjJ1wfwU8wdCr,Legião Urbana,Legião Urbana,A Dança,0.759,0.389,-13.917,0.0648,0.00171,0.00175,0.1,0.68,136.059,0.398209,0.760481,0.827602,0.263561,0.658073,0.300343,0.676723,0.358280
0T9jZM8wQ4524KS1hiWBje,Randy Travis,Country Christmas Time,Meet Me under the Mistletoe,0.626,0.422,-13.618,0.0492,0.246,0.0,0.342,0.661,151.466,0.461953,0.700958,0.875697,0.288078,0.512235,0.332681,0.521879,0.598754
3xH1MeYpJWj2vQqafgbMrc,Foy Vance;Anderson East,Human - Best Adult Pop Tunes,Sapling,0.549,0.631,-6.644,0.071,0.336,2.03e-05,0.1,0.297,135.032,0.385809,0.858212,0.495717,0.612494,0.676632,0.298191,0.566919,0.776644
6Iy8xJ0D2c7lCftPy0mlJA,LOUTA,COCO SHANEL,COCO SHANEL,0.762,0.806,-4.206,0.0657,0.29,5.47e-05,0.118,0.636,92.924,0.204463,0.875594,0.800247,0.289546,0.768103,0.255357,0.660845,0.885634
6GehOJs060WzAi78QArj7p,GEMINI,Going,Broken Love,0.708,0.543,-3.614,0.169,0.41,5.15e-05,0.0771,0.639,89.976,0.503190,0.718253,0.822121,0.410386,0.567398,0.557575,0.465832,0.733013
6XipzjrsT6p1zVKzrNHpNx,Worakls;Ben Böhmer;Eivør,Red Dressed (Ben Böhmer Remix),Red Dressed - Ben Böhmer Remix,0.588,0.492,-9.111,0.0931,0.000573,0.726,0.256,0.328,123.991,0.360295,0.814330,0.653312,0.613292,0.786738,0.379226,0.741460,0.775268
38NY49T4OlgIXjOSY1RKz8,Lars Frederiksen and the Bastards,Viking,1%,0.331,0.992,-2.725,0.0749,0.000615,0.0,0.21,0.828,181.567,0.071680,0.963164,0.969671,0.148461,0.929008,0.093077,0.200631,0.804846
1q4PdQuykI6WHaVC5HjI7q,Autechre,Basscadet Mixes,Basscadet (Beaumonthannanttwomx),0.523,0.964,-12.872,0.0566,0.487,0.475,0.142,0.107,133.895,0.118611,0.923966,0.426958,0.484676,0.901328,0.115022,0.784837,0.747858
638iDsayTPgIScb5MSn4Qz,Valérie Beaumont,Memoir,Pool of light,0.439,0.131,-26.456,0.0421,0.995,0.937,0.1,0.318,124.149,0.936257,0.328515,0.110265,0.899259,0.268973,0.898949,0.985222,0.432841
2BWcBipXWjeoIiymSDfAjo,Matthias Reim,Unverwundbar,Wie man liebt,0.577,0.886,-2.422,0.0308,0.012,0.0,0.0971,0.615,123.96,0.079368,0.953566,0.899116,0.257888,0.918660,0.186063,0.265384,0.819887
3z4rHFcq9L1Px2PlQLTMu9,Mägo de Oz,Gaia II,Hoy toca ser feliz,0.569,0.806,-4.861,0.0284,0.0259,0.0,0.273,0.745,105.047,0.188215,0.819554,0.855420,0.214225,0.812411,0.245631,0.578385,0.726229
7m4CgL81VVIHaaiSxyH922,Yo Yo Honey Singh,Desi Kalakaar,Desi Kalakaar,0.751,0.67,-4.587,0.267,0.0796,0.00018,0.0908,0.766,156.062,0.135619,0.845185,0.913351,0.311540,0.735808,0.353607,0.430339,0.883942
6t8d3jLQMN3C5JDkOjIhnf,Seven Lions;Lights,Creation,Falling Away - Festival Mix (Radio Edit),0.476,0.83,-3.918,0.0564,0.0022,0.0,0.807,0.211,127.997,0.074829,0.872959,0.751017,0.708932,0.936712,0.173458,0.214005,0.887039
1q32AhBbgDPdBr5VyCRHq6,Stephen Sanchez,"What Was, Not Now",I Want You,0.499,0.313,-9.689,0.0288,0.815,0.0,0.103,0.233,125.991,0.789114,0.627752,0.157705,0.875379,0.727131,0.811759,0.897528,0.550479
4uoR6qeWeuL4Qeu2qJzkuG,Maluma,Hawái,Hawái,0.787,0.728,-3.455,0.389,0.189,2.29e-05,0.0629,0.545,180.066,0.095592,0.934687,0.724320,0.273522,0.826280,0.246576,0.477386,0.876939
46FJ0EpDUslC5jKSZd4cml,Stam1na,Uudet kymmenen käskyä,Viisi laukausta päähän,0.406,0.95,-6.558,0.0688,0.000574,0.00059,0.278,0.34,179.961,0.039730,0.939822,0.497652,0.409186,0.909960,0.025653,0.460327,0.936726
6MDjPN9iHxm1ZYlXPZXmTl,Shivered,Disfigured Heart,Disfigured Heart,0.519,0.783,-6.478,0.0378,0.000317,0.000403,0.0907,0.257,119.977,0.106678,0.843167,0.724308,0.520765,0.862129,0.044680,0.479583,0.591629
3OAus6I1GdGXVO8ltrLaV9,VNV Nation,Praise the Fallen,Solitary,0.611,0.861,-8.743,0.0395,0.232,0.663,0.189,0.275,136.188,0.160056,0.913338,0.739072,0.549204,0.806861,0.199191,0.765349,0.819018
1poKSG0QzW5oIIkBdiCcAR,Ludwig van Beethoven;Michael Barenboim;West-Eastern Divan Orchestra;Daniel Barenboim,The Best Classical Playlist,"Violin Concerto in D Major, Op. 61: II. Larghetto",0.115,0.0484,-28.233,0.0509,0.885,0.112,0.159,0.0386,175.598,0.856418,0.130909,0.056435,0.980361,0.465116,0.650042,0.876673,0.323396
0WznLeFE5gOyBU8mUyDx4d,Cory Asbury,Dear God (Acoustic),Dear God - Acoustic,0.577,0.224,-11.479,0.035,0.867,0.0,0.112,0.53,153.758,0.865169,0.472831,0.600678,0.757517,0.427451,0.894637,0.827985,0.471151
1KYrhFEG2XJgtd40D9czhb,RDN;Suel;Ferrugem,"RDN & Amigos, Vol. 1",Duvido,0.593,0.585,-8.037,0.0474,0.331,0.0,0.397,0.866,171.865,0.299696,0.910190,0.856744,0.215316,0.493821,0.465601,0.412683,0.792297
6YNl1rXbhKvmbMrw9cp3RQ,Kaavish;Quratulain Balouch,Coke Studio Season 10: Episode 2,Faasle,0.531,0.468,-8.538,0.0319,0.176,0.0,0.149,0.322,119.966,0.207323,0.663014,0.585239,0.726604,0.699948,0.323033,0.531599,0.564963
1EUm3fTMaakB3KdffkvCZk,Isadora Pompeo,Pra Te Contar Os Meus Segredos (Ao Vivo),Preciso Entender - Ao Vivo,0.634,0.401,-10.877,0.0273,0.0707,0.0,0.973,0.321,139.813,0.262645,0.572397,0.553117,0.516404,0.750748,0.371134,0.437156,0.722718
6iW7i44Piu4rqVJovJ8DI1,Zé Ramalho,Zé Ramalho Ao Vivo 2005,Canção Agalopada (Ao Vivo),0.221,0.882,-6.614,0.0778,0.198,0.00533,0.899,0.457,173.91,0.154440,0.782504,0.599499,0.297417,0.813839,0.098285,0.123714,0.858601
6iH0uLBUSL8vcyiL8W9cRe,Coldplay,Merry Christmas,Christmas Lights,0.315,0.418,-9.146,0.0299,0.131,0.000679,0.0836,0.237,129.116,0.406442,0.827787,0.537464,0.632904,0.769330,0.326077,0.570499,0.590633
1mdh5LGJCHHUaV5MXzkgE6,Railroad Earth,All For the Song,Blues Highway,0.382,0.874,-5.88,0.0283,0.0691,0.00156,0.309,0.622,147.733,0.148507,0.957939,0.807466,0.159533,0.809662,0.190262,0.494181,0.709107
6dZCuf6SGn2rh9q94JBLlv,Yuvan Shankar Raja;Ajesh;Andrea Jeremiah,Goa (Original Motion Picture Soundtrack),Idhu Varai,0.67,0.517,-6.963,0.039,0.481,2.49e-05,0.217,0.615,77.514,0.693045,0.541610,0.752740,0.414877,0.630778,0.718086,0.654548,0.519396
0Y2v82GQsomVCqnfWpRSg5,Calcinha Preta,"Dois Amores, Duas Paixões, Vol. 14","Dois Amores, Duas Paixões",0.496,0.727,-4.378,0.0427,0.237,0.0,0.422,0.501,166.068,0.112672,0.871720,0.700498,0.286306,0.851664,0.152476,0.367646,0.862923
5zRW3xErqUxiv8KT9frDaS,Ten City;Emmaculate;Shannon Chambers,Judgement,Be Free - Emmaculate & Shannon Chambers Mix,0.717,0.842,-5.142,0.0914,0.05,1.22e-05,0.0763,0.896,119.882,0.088788,0.902076,0.956573,0.066458,0.671995,0.300393,0.500893,0.777600
5i4v2Mpe7CQOjnvSAyYxqk,Los Auténticos Decadentes,Fiesta Nacional (Mtv Unplugged),El Gran Señor - MTV Unplugged,0.661,0.843,-6.893,0.107,0.286,0.0,0.772,0.959,93.366,0.249469,0.819990,0.974487,0.081582,0.725384,0.587705,0.234975,0.858466
5V0wtqmrvcc1ZAbgrhqpEu,Shapeshifter;Ladi6,Soulstice,In the Rain,0.574,0.829,-6.675,0.0495,0.0352,0.0132,0.158,0.666,174.976,0.043695,0.957188,0.874311,0.225498,0.820585,0.133074,0.465419,0.881548
5zxp37YfQ781NJOVCbJq3J,The Queers,Punk Rock Confidential,Tamara Is A Punk,0.529,0.93,-3.798,0.0364,0.00226,0.0275,0.406,0.957,108.798,0.025704,0.849774,0.969499,0.040574,0.733255,0.185865,0.329663,0.889594
0QuodD3yR3EJQPMNLAOfvo,TC;Metrik,Unleash The Wolves,The Light,0.579,0.947,-1.682,0.0723,0.000465,0.915,0.1,0.398,173.988,0.029173,0.964673,0.824464,0.272475,0.953284,0.040177,0.736133,0.895673
2wZxzBlwt89epiawMTmDfM,The Pogues;Kirsty MacColl,Perfect Christmas Hits,Fairytale of New York (Edit) - Radio Edit,0.38,0.346,-14.313,0.0417,0.648,0.000139,0.0511,0.358,117.916,0.744539,0.464501,0.322927,0.838520,0.494188,0.551926,0.857598,0.438455
0vXE8HKTpzmE6uB7SLTt7T,Die Toten Hosen,Auf dem Kreuzzug ins Glück (Deluxe-Edition mit Bonus-Tracks),All die ganzen Jahre,0.514,0.867,-5.822,0.036,0.000429,1.37e-06,0.0922,0.248,120.122,0.120278,0.815812,0.522151,0.543379,0.964721,0.056142,0.514830,0.830502
1SwYm2POOMHpHcL2p4pGXf,Krafty Kuts,The Remedy EP,Powerlord,0.656,0.888,-4.525,0.0461,0.000638,0.686,0.112,0.691,124.016,0.074771,0.823393,0.965369,0.133137,0.647554,0.140672,0.839724,0.890919
1VQIWTMzZUeJM5HmLwaKEp,Ty Dolla $ign;Kehlani,2Step - Pop R'n'B,Universe,0.596,0.473,-9.381,0.218,0.0273,0.0,0.203,0.365,157.0,0.121284,0.865194,0.771618,0.346127,0.731824,0.275299,0.359010,0.804194
7IIkF38dN0yU8HgExfiMpc,Carly Rae Jepsen,Pop Christmas 2022,It's Not Christmas Till Somebody Cries,0.793,0.666,-6.195,0.0598,0.118,2.48e-05,0.296,0.783,119.985,0.427987,0.926509,0.900379,0.117598,0.640751,0.386605,0.320943,0.854621
121gtK1ltxmuyntxaPQ0H5,Beside,Against Ourselves,7 Deadly Sins,0.531,0.921,-13.488,0.0804,0.00179,8.05e-06,0.141,0.187,115.013,0.093036,0.928507,0.564885,0.426963,0.968038,0.095275,0.529788,0.747032
5CPIwc9xpbvXaSqMft8Yx8,Our Last Night,Empires Fall (Deluxe),Tea Leaves - Acoustic,0.431,0.513,-7.794,0.0309,0.244,0.0,0.103,0.1,78.772,0.429972,0.436093,0.313216,0.781861,0.893055,0.214589,0.508712,0.481008
4dnca34rORxwEy37z08BSX,Xamã;Bagua Records;MC Kevin o Chris,Adrenalina,Adrenalina,0.62,0.539,-8.343,0.52,0.391,0.0,0.215,0.72,83.836,0.494550,0.716074,0.802151,0.300153,0.622284,0.589654,0.512051,0.556762
7BkGPqc6eufUYOuAaPyiPh,Black Eyed Peas,De ese gran pop de los 00's,I Gotta Feeling,0.746,0.793,-5.725,0.0265,0.0519,0.0,0.421,0.656,127.973,0.183367,0.918638,0.937312,0.100243,0.869423,0.122160,0.429605,0.896037
4AYITlwiumljGdv0NIGR4T,Jonah Baker,Mirrors (Acoustic),Mirrors - Acoustic,0.638,0.287,-11.174,0.0412,0.81,0.0,0.0804,0.445,128.025,0.681123,0.702459,0.463406,0.771964,0.459367,0.663432,0.816849,0.466514
1O73ZKgl0THUImkHW6dfAL,Kygo;Dean Lewis,Never Really Loved Me (with Dean Lewis),Never Really Loved Me (with Dean Lewis),0.614,0.642,-5.473,0.0449,0.289,0.0,0.13,0.218,117.94,0.336799,0.883944,0.411543,0.641984,0.913038,0.242898,0.392066,0.756813
0rfGvRm6rp9OjeORjM5Sbv,Farzad Golpayegani,Five,77,0.13,0.759,-4.84,0.0399,0.0628,0.0484,0.282,0.218,96.137,0.095075,0.617998,0.396934,0.366531,0.910050,0.168984,0.406389,0.574846
11fNLqDB47gMKj7BHhR2Qr,The Everly Brothers,The Very Best of The Everly Brothers,Wake up Little Susie,0.709,0.62,-9.382,0.034,0.318,0.0,0.0426,0.936,93.723,0.345461,0.751023,0.949707,0.297221,0.697113,0.748723,0.411443,0.686611
1elmFshJhXyCdWJBvHQlgd,Höhner,Best Of Karneval,Liebchen,0.585,0.881,-4.29,0.0517,0.0338,0.0,0.248,0.944,133.908,0.072430,0.903349,0.971008,0.048077,0.775822,0.251315,0.517341,0.853990
1Ty9Gi5fA5rtDaVdwaQrnC,Seiko Matsuda,Windy Shadow,ピンクのモーツァルト,0.724,0.577,-9.005,0.0417,0.437,0.0,0.284,0.742,123.6,0.499809,0.757465,0.798762,0.501787,0.521228,0.542319,0.482147,0.867505
34dKNAFLXzgWWutWgDtxxN,The Slingers,The Cruellest Cut,The Cruellest Cut,0.69,0.651,-5.631,0.0238,0.0352,0.000429,0.164,0.542,105.005,0.277272,0.575765,0.779449,0.369348,0.769383,0.267772,0.349227,0.855126
1RIUlX6LV4qx1KOZjlEn4Z,Hildur Guðnadóttir,Halloween Musica Horror 2022,Dealing With Destruction - From “Chernobyl” TV Series Soundtrack,0.147,0.044,-22.446,0.0443,0.36,0.945,0.0875,0.0284,102.153,0.930809,0.160709,0.120638,0.975243,0.609074,0.603765,0.969798,0.197843
2Cml5xVHB01Y7PZ20smxhP,Felix Jaehn;The Stickmen Project;Calum Scott,Arbeitsmusik Herbst/Winter 2022/2023,Rain In Ibiza,0.654,0.898,-5.964,0.0413,0.0844,0.0347,0.316,0.722,123.996,0.115255,0.906376,0.921133,0.094371,0.867485,0.271830,0.473019,0.906364
46WkQqx5LpVRB0rl0ZeQLw,Mc Felipe Boladão,Residência dos Loucos,Residência dos Loucos,0.762,0.787,-4.928,0.198,0.525,0.0,0.16,0.619,131.074,0.277675,0.895238,0.746932,0.170641,0.748802,0.459292,0.512801,0.897760
4W0HaaA3mtKFfElO8wh8ZX,Rashid Beibutov,Arshin Mul Ullun,Gol Gulum Galsin,0.632,0.197,-9.42,0.0512,0.992,5.67e-06,0.0917,0.604,107.419,0.937432,0.430481,0.465580,0.699856,0.382606,0.761287,0.708440,0.378618
3IAfUEeaXRX9s9UdKOJrFI,Anitta,Envolver,Envolver,0.812,0.736,-5.421,0.0833,0.152,0.00254,0.0914,0.396,91.993,0.270124,0.910881,0.852443,0.385017,0.900234,0.367911,0.558213,0.854122
1sue5MiV1Uq7KInSM6UGTj,Elvis Presley,How Great Thou Art,In the Garden,0.314,0.122,-16.931,0.0289,0.975,0.0065,0.108,0.119,73.104,0.932773,0.153415,0.039078,0.949209,0.311762,0.765519,0.827368,0.101940
69bi9FkxOVP5nI7VadHKjp,Hillsong Worship;Brooke Ligertwood,There Is More,The Passion - Live,0.464,0.694,-6.593,0.0362,0.00426,0.0,0.686,0.288,139.916,0.172147,0.800594,0.711659,0.486570,0.920902,0.313754,0.200436,0.782507
7u5YamTXLPnqTTw3KGcJNq,Pher,Girih: Iranian Sound Artists,In Evil Hour,0.165,0.105,-20.436,0.0349,0.715,0.866,0.0594,0.0323,111.413,0.885155,0.220489,0.177240,0.982519,0.758969,0.839846,0.951467,0.204849
3U8qMRVBBYTD46V9Y8d621,Elis Regina,Fiesta temática 70s,Como Nossos Pais,0.491,0.498,-7.658,0.0821,0.3,0.0,0.0734,0.478,143.721,0.296029,0.863599,0.640193,0.655706,0.770742,0.229081,0.438243,0.784030
0TQY0BnDjUBW9NddZpH3wo,Bijou,Pic A Glace,La Fille Du Père Noël,0.702,0.619,-12.764,0.0297,0.132,0.0,0.37,0.945,126.297,0.238970,0.830679,0.930691,0.091294,0.623517,0.601193,0.384584,0.819197
0clS0Pwyo2JDfnZIGK2GvW,Bruno Martini;David Hodges,Night Drive Autumn/Winter 2022/23,Bring Me To Life,0.75,0.829,-6.72,0.0515,0.16,0.00423,0.0858,0.631,117.973,0.107074,0.912197,0.893816,0.134206,0.899043,0.413694,0.404735,0.805046
1vZDPEngmDv3qxXQpVzuN6,Özlem Özdil,Zamansız Yağmur,Sürgün,0.646,0.485,-7.918,0.0263,0.624,0.0,0.0962,0.546,104.947,0.770315,0.530791,0.673464,0.466900,0.470823,0.735797,0.823607,0.433889
0YMe6PHRbeDcN7KJdCG0bW,Dijon,Absolutely,The Dress,0.747,0.531,-5.99,0.0477,0.266,1.8e-06,0.192,0.785,88.009,0.470554,0.802595,0.972763,0.131577,0.653968,0.661993,0.578080,0.795715
6VVBXRsXAuN5UvqKNw7j0l,Estopa,Estopa,Cacho a Cacho,0.456,0.843,-8.682,0.0559,0.105,0.00176,0.0939,0.842,79.608,0.128635,0.894449,0.948781,0.095698,0.792385,0.366149,0.324113,0.541439
50boDUJ7PKWc0XC85915Od,The Manges,Go Down,Vengeance Is Mine,0.351,0.9,-2.788,0.131,0.00732,0.000144,0.0658,0.899,187.068,0.014634,0.972500,0.924219,0.065694,0.866571,0.189340,0.540935,0.869218
0Urt7qiCvbK3MXTGWhN0SE,Zeca Pagodinho;Jovelina Perola Negra,A Arte De Zeca Pagodinho,Bagaço Da Laranja - Ao Vivo,0.677,0.862,-8.156,0.142,0.12,0.0,0.979,0.863,109.713,0.085491,0.891054,0.935007,0.097763,0.732130,0.188289,0.109130,0.894859
0Qo6ENwrR9bj9nKWEuNslx,Kate Bush,80's,Babooshka,0.47,0.439,-8.892,0.0322,0.741,1.64e-05,0.0707,0.287,108.037,0.629369,0.713058,0.289066,0.709791,0.780555,0.818762,0.856575,0.615599
1udgzy08y3WSBcgnRpbZQX,Codename Chinadoll,jazz focus workshop,killer nine,0.795,0.361,-15.196,0.178,0.924,0.726,0.0948,0.196,90.015,0.910042,0.668775,0.306574,0.827925,0.706194,0.736514,0.960921,0.412183
29pI32Rxb1uwtQOMLWtQvf,Søren Launbjerg;Louise Norby,Aladdin (Originalt Dansk Soundtrack),Et Helt Nyt Liv,0.297,0.25,-13.376,0.0319,0.652,0.0,0.097,0.179,81.996,0.831624,0.225230,0.109082,0.818448,0.731381,0.674488,0.863125,0.238491
1MNrCAqCFLX31C3jD8DXZR,Pritam;Arijit Singh;Shilpa Rao,Love Aaj Kal (Original Motion Picture Soundtrack),Haan Tum Ho,0.39,0.746,-6.56,0.0332,0.796,0.185,0.118,0.506,82.856,0.596152,0.728063,0.495667,0.516603,0.678607,0.630623,0.793666,0.769172
3xbUCRFut7tzBoD2F8L56y,Timmies;Shiloh Dynasty,Passion & Confusion,Tell Me Why I'm Waiting,0.671,0.275,-11.185,0.056,0.796,0.000339,0.0657,0.159,124.007,0.844816,0.672237,0.269592,0.911947,0.551276,0.593711,0.658673,0.621379
71fSn6OIF7HnCbgCzOBqpj,Airbourne,Runnin' Wild (Special Edition),Runnin' Wild,0.47,0.947,-4.122,0.0929,0.000141,0.29,0.127,0.394,162.052,0.099882,0.839661,0.747449,0.413885,0.948028,0.115400,0.528177,0.847092
5Gk8mWK6bJNuc6LjlF6UPd,Kaivon;Pauline Herr,First Love,First Love,0.459,0.805,-5.245,0.108,0.626,1.95e-06,0.122,0.212,149.986,0.354116,0.874061,0.499593,0.692594,0.908776,0.357215,0.537305,0.788289
2wZxzBlwt89epiawMTmDfM,The Pogues;Kirsty MacColl,Perfect Christmas Hits,Fairytale of New York (Edit) - Radio Edit,0.38,0.346,-14.313,0.0417,0.648,0.000139,0.0511,0.358,117.916,0.744065,0.513728,0.256639,0.757097,0.785368,0.486435,0.680617,0.565233
2yEi49EFQdtO8EkPkJ0G5U,J.J. Cale,On air 70's Hits,Cocaine,0.797,0.496,-10.054,0.0382,0.396,0.111,0.149,0.587,103.703,0.722214,0.665810,0.798671,0.235261,0.606141,0.665503,0.635818,0.765969
3sZcGCUXvr45syuNyTUC1Z,Castello Branco,Serviço,Crer-Sendo,0.593,0.575,-7.893,0.0441,0.161,0.0,0.112,0.416,84.272,0.260441,0.635138,0.738773,0.385886,0.872114,0.653489,0.505774,0.718288
22TIyeh8BRq6r3Xuhwg5DO,Romántica Milonguera,Duos,Mi serenata,0.517,0.404,-7.134,0.0332,0.859,0.00127,0.42,0.604,122.721,0.827011,0.704819,0.411368,0.808052,0.281171,0.781005,0.625003,0.552444
5GgbqKevdn73UOqcIFjBOt,Jason Allen,Known Alias,Bad Vibe / Serial Killer,0.648,0.499,-15.133,0.915,0.728,0.0,0.703,0.68,124.13,0.795789,0.669188,0.793216,0.629393,0.737299,0.749438,0.123933,0.616351
0yH7RR6CPpidfHe6KD15WV,Oficina G3,Depois da Guerra,Meus Próprios Meios,0.49,0.967,-3.68,0.085,0.000863,4.19e-06,0.0901,0.374,159.998,0.048663,0.957465,0.872031,0.261730,0.929400,0.055174,0.275163,0.870687
5JJnLDYJiWag8XaM74F6Qr,Greensky Bluegrass,All Access: Volume One,Nine Days,0.526,0.305,-12.025,0.0329,0.685,3.79e-06,0.887,0.204,104.106,0.801423,0.593215,0.373228,0.849304,0.606243,0.583915,0.347318,0.610394
5V2JJJwtnjiAvnhRI1s2Ku,Seyi Shay;Eugy;Efosa,Africa Rising Vol.3,Your Matter,0.758,0.677,-5.053,0.0592,0.0484,6.99e-05,0.337,0.448,102.994,0.116616,0.789638,0.872060,0.256181,0.899089,0.278641,0.411280,0.776205
3xXNwLiyP186Uq9JsGQPkJ,La Quinta Estacion,Directo Desde Madrid,Me Muero (Versión Acústica) [Directo Madrid] - En Vivo,0.581,0.712,-5.018,0.033,0.0263,0.0,0.967,0.281,85.048,0.143103,0.780471,0.735392,0.412119,0.892140,0.219418,0.083932,0.775855
3o87VfL7i5rnWy9flYblxM,Alda Célia,Voar Como a Águia,Poder da Oração,0.478,0.6,-8.553,0.0385,0.573,4.48e-05,0.972,0.311,131.968,0.327029,0.806835,0.311852,0.631347,0.769730,0.324839,0.306167,0.895004
1idOO9D0srE0fKPT0o8x2W,Troglauer,Ey-Oh!,Alles klar an der Bar - Version 2016,0.619,0.902,-3.875,0.0341,0.00435,0.0,0.344,0.931,134.996,0.053077,0.889547,0.958650,0.066664,0.805040,0.197243,0.531151,0.826767
3W2O6SHHBJju8Twzk71ZKI,Kelli O'Hara,Bridges of Madison County (Original Broadway Cast Recording),Before and After You,0.277,0.194,-12.806,0.0328,0.911,0.0,0.115,0.201,106.511,0.928335,0.407768,0.112840,0.971235,0.523632,0.791374,0.835825,0.340401
3NY8yLEXhsnzXll558iW1f,Carlos Gardel,"Essential Classics, Vol. 9: Carlos Gardel (Remastered 2022)",Esta Noche Me Emborracho (Remastered 2022),0.706,0.365,-9.915,0.178,0.975,0.000319,0.365,0.719,129.184,0.723503,0.597334,0.391609,0.575415,0.323175,0.861120,0.556250,0.500742
4UB3rrg6yZ1RVu2iivIZOf,Jorge Vercillo;Péricles,Nas Minhas Mãos,Nosso Próprio Chão,0.603,0.61,-8.633,0.0553,0.621,0.0,0.267,0.775,171.736,0.451759,0.874799,0.830241,0.292029,0.463464,0.681996,0.404984,0.836058
2ABPD3Zs7YHFKVJMxf82PB,Solomon Burke,Holly Jolly Christmas,Presents for Christmas,0.594,0.815,-9.223,0.216,0.668,0.0,0.324,0.54,114.316,0.447882,0.883282,0.712992,0.521196,0.801213,0.426890,0.429145,0.759509
2hIsd0F6ZGfHCC1xa7vSad,Cigarettes After Sex,Cigarettes After Sex,Each Time You Fall in Love,0.378,0.533,-8.843,0.0279,0.479,0.508,0.131,0.285,75.927,0.403692,0.470936,0.457270,0.758337,0.859648,0.606037,0.808335,0.503018
2qp7cKuhEUYCUWVwZ7lQO2,Franz Liszt;Una Bourne,"Mozart, Liszt & Others: Piano Works","Einzug der Gäste auf der Wartburg, S. 445/1a (After Wagner's WWV 70) [Abridged]",0.346,0.219,-18.842,0.0319,0.993,0.732,0.383,0.542,88.687,0.893154,0.310076,0.238056,0.867910,0.417639,0.896005,0.913258,0.533048
35AHIHErGfXfnUyroIw5Gf,ノースリーブス,ノースリーブス,キスの流星,0.629,0.967,-3.242,0.0725,0.0702,0.0,0.409,0.649,129.996,0.058819,0.943751,0.904547,0.240588,0.909384,0.107865,0.185508,0.890886
5LIFunKJqv24wF9nQyo1So,Nelson Ned;Luiz De Carvalho,Jesus É Vida,Em Fervente Oração,0.309,0.449,-6.273,0.0296,0.668,4.52e-05,0.179,0.234,90.484,0.568695,0.258450,0.467261,0.882809,0.789696,0.688634,0.589508,0.531340
6vA1FwRxArrlYJTCW5sxHi,Central 3;Gabriela Maganete;Rapha Gonçalves,Para Ti Eu Vou (Ao Vivo),Para Ti Eu Vou - Ao Vivo,0.4,0.601,-6.879,0.0356,0.458,0.0,0.173,0.236,133.766,0.553449,0.756085,0.357270,0.770391,0.847529,0.483986,0.665075,0.677717
1LRKq70OrRHTCvsbtipH7F,Brenda Lee,pov: you saw mommy kissing santa claus,A Marshmallow World,0.73,0.406,-10.209,0.0306,0.444,0.0,0.304,0.895,121.097,0.658862,0.755711,0.896398,0.311437,0.350548,0.830249,0.484918,0.687368
08bNPGLD8AhKpnnERrAc6G,Marshmello;Anne-Marie,FRIENDS,FRIENDS,0.626,0.88,-2.384,0.0504,0.205,0.0,0.128,0.534,95.079,0.221211,0.863911,0.778668,0.321645,0.925777,0.363344,0.323246,0.889368
2errE18qLFSrGxC1xeFzGZ,Mastruz Com Leite,Ao Vivo em Fortaleza-CE,"Meu Vaqueiro, Meu Peão - Ao Vivo",0.384,0.796,-5.256,0.0499,0.336,1.12e-06,0.15,0.536,105.863,0.211562,0.722031,0.741373,0.332541,0.863277,0.440478,0.474923,0.679517
55ZCkYWwgwFAxLHB79DgYf,Punch,Hotel del Luna (Original Television Soundtrack) Pt.12,Done For Me,0.467,0.453,-8.104,0.0405,0.694,0.0,0.111,0.241,135.302,0.537479,0.553478,0.279929,0.851706,0.591904,0.647928,0.817058,0.717192
4eCQkJy0Gq9i5lQqOJcVKN,Avenged Sevenfold,Metal Lives!,Hail to the King,0.58,0.916,-4.357,0.0387,0.000295,0.0255,0.126,0.68,118.002,0.136836,0.866174,0.927429,0.066199,0.919390,0.067271,0.432656,0.858948
6cvGDClEIomp5CfKY3pQuZ,Jubin Nautiyal,Dhokha Round D Corner,Tu Banke Hawa,0.273,0.588,-9.564,0.0579,0.265,0.000307,0.178,0.138,88.045,0.250273,0.656544,0.341835,0.756975,0.960303,0.308062,0.484512,0.379613
0op7p4Q6gFh44KKeTaKocv,Osho Jain;Sanchi,Saar,Tu Aisa Kaise Hai,0.696,0.335,-10.913,0.0305,0.894,0.000372,0.0822,0.455,111.983,0.727628,0.605362,0.566455,0.711004,0.474596,0.823703,0.839041,0.458470
62dsowDPBOpK7yGDckeOcG,Huda Hudia;DJ30A,Calabass,Calabass,0.765,0.889,-3.418,0.0486,0.000159,0.625,0.0603,0.337,132.005,0.144929,0.942008,0.783500,0.353406,0.897198,0.052078,0.807452,0.888057
6jA42QIDyBR69PFOzpStQM,Höhner,Best Of - 25 Jahre,Echte Fründe - Remake '97,0.628,0.868,-5.37,0.037,0.0308,0.000154,0.245,0.929,127.098,0.090419,0.935801,0.942647,0.077225,0.768635,0.269638,0.326841,0.762484
0D7JQhURBA91vQlOg5hIzB,Kato,Stranger Things Vibes,Creep,0.559,0.337,-15.041,0.058,0.964,0.828,0.0869,0.0787,155.979,0.774964,0.703607,0.131138,0.936519,0.746997,0.778951,0.974741,0.504286
6Mt1HvQw0SoQA3hzeODTN3,Mahalia,2Step - Pop R'n'B,I Wish I Missed My Ex,0.669,0.669,-4.185,0.0849,0.274,0.0,0.289,0.546,95.023,0.198153,0.822748,0.911549,0.239261,0.897512,0.302359,0.401867,0.742061
0vvIGFOuzcHQsiYIUYPKNL,Caju Pra Baixo,"Open Bar do Caju, Vol. 2 (Ao Vivo)",Intriga da Oposição / Pra Ver o Sol Brilhar - Ao Vivo,0.456,0.768,-6.101,0.052,0.759,0.0,0.445,0.59,83.951,0.552704,0.774801,0.530641,0.390502,0.695301,0.614557,0.315335,0.700049
2d82HEaI81GMGmEm4J3y7v,Ground,Indurated Juvenescence,Indurated Juvenescence,0.24,0.987,-3.131,0.264,4.43e-05,0.15,0.378,0.172,99.762,0.061391,0.903031,0.513419,0.610102,0.973248,0.157064,0.232909,0.593535
5JcvLTlhEtDl3lPFs95xRM,Kiara Leonard,Fields,The oak,0.39,0.128,-28.989,0.0356,0.976,0.854,0.116,0.348,79.297,0.982337,0.280918,0.345160,0.912041,0.104583,0.852043,0.959995,0.127773
3IGRtssLeGBOhBJi4kvKTN,Kongsted,Whine Dat,Whine Dat,0.794,0.925,-3.729,0.052,0.0458,0.000982,0.0783,0.801,125.982,0.107153,0.874750,0.977544,0.090833,0.840727,0.438306,0.360099,0.944579
1NaHqvYJ48wdyQZMkNnUUr,Pantera,Metal,Walk,0.428,0.704,-8.018,0.0808,0.000156,0.00223,0.0933,0.703,116.898,0.195059,0.851962,0.908551,0.225531,0.802333,0.333780,0.502263,0.668162
3N0HIrt88al0xLVKe4hUrZ,Soli Deo Gloria,Onderweg (De reis van je leven),Stil (Verberg mij nu),0.123,0.0608,-23.639,0.0371,0.933,0.953,0.0997,0.0545,72.89,0.963272,0.064030,0.043738,0.987600,0.564417,0.785623,0.985163,0.120330
09IStsImFySgyp0pIQdqAc,Zedd;Maren Morris;Grey,The Middle,The Middle,0.753,0.657,-3.061,0.0449,0.171,0.0,0.112,0.437,107.01,0.233086,0.786739,0.680871,0.260877,0.788958,0.213454,0.354012,0.825783
1qkVJlyVaLZbwolRZmc17i,Kevin Martes 13;Pablo Chill-E,Perco Con Mari,Perco Con Mari,0.844,0.612,-7.368,0.0813,0.0265,0.0,0.0786,0.341,124.027,0.127155,0.831733,0.714069,0.344906,0.827805,0.347399,0.595519,0.894491
6qnK9DPkxzNFkvZzHh2A6e,Animato;Gaudium,Heart Beat,Heart Beat,0.634,0.933,-5.931,0.0419,0.0293,0.91,0.334,0.357,139.989,0.044698,0.926297,0.845266,0.376592,0.865081,0.144747,0.754556,0.882735
5Wqz0Ayyr6ciO1oSAujrGj,Hillsong Young & Free,III,P E A C E,0.437,0.357,-12.497,0.0281,0.49,0.00633,0.0937,0.132,127.949,0.290518,0.598704,0.394221,0.910572,0.704887,0.453646,0.686272,0.346016
3peVB2RLVXChGN1kH5cQlm,James Todd,Quiet Beauty,Quasi-Modal,0.244,0.18,-14.357,0.0344,0.989,0.858,0.12,0.289,111.571,0.891256,0.330215,0.078405,0.921518,0.377533,0.836934,0.974865,0.131361
0prr6bXHmFqmLyRJgbUVK7,Ferrugem;Tierry,Ferrugem em Casa 2 (Bloco 2) [Ao Vivo],Cachorrinho (feat. Tierry) - Ao Vivo,0.5,0.713,-6.905,0.187,0.422,0.0,0.336,0.811,83.513,0.370896,0.855831,0.908398,0.235742,0.538010,0.557338,0.462028,0.663610
56sk7jBpZV0CD31G9hEU3b,Three Days Grace,One-X,Animal I Have Become,0.553,0.853,-3.668,0.0339,0.000684,0.0,0.126,0.506,122.023,0.079180,0.902401,0.880151,0.282194,0.930587,0.085562,0.700221,0.790489
3TjsikWPyMLvnjQiUATci6,Big D and the Kids Table,Stomp,Stepping Out,0.5,0.99,-2.847,0.0951,0.00426,0.0,0.0785,0.779,180.123,0.027795,0.947279,0.946807,0.221666,0.823733,0.232561,0.241367,0.844061
1ycasxRQuWKCs0LpIBNcw7,Kevin Roldan;Bryant Myers;Lyanno,Noche de Halloween Latino,Hasta Abajo,0.714,0.671,-5.119,0.362,0.292,0.0,0.325,0.641,169.727,0.159068,0.841084,0.807005,0.196079,0.724739,0.296919,0.194873,0.915359
27Y1ybGjHMIExvnatERN4c,Quadro Nuevo,Von guten Mächten wunderbar geborgen,Von guten Mächten wunderbar geborgen,0.593,0.131,-16.269,0.0342,0.982,0.883,0.112,0.488,132.002,0.890608,0.712900,0.479323,0.933996,0.334767,0.894423,0.983669,0.253959
269izsyL5diRwlT8Hlo1ap,Taty Girl,"Baú da Taty Girl, Pt. 1 (Ao Vivo)",Sonho Real - Ao Vivo,0.591,0.919,-3.488,0.109,0.0737,0.000339,0.312,0.804,114.954,0.072929,0.829889,0.962754,0.137551,0.728764,0.280739,0.300802,0.868392
294ZZx4MQpdqJX6HnvdGeK,Conjure One;Rhys Fulber,Conjure One,Sleep,0.603,0.836,-8.162,0.0368,0.292,0.132,0.107,0.209,103.019,0.255506,0.913844,0.565959,0.549499,0.857962,0.180437,0.708000,0.790496
4thBZp9kEDqeSwLtwcAZgk,TRUE,Lonely Queen's Liberation Party,Sincerely,0.409,0.819,-3.784,0.0564,0.0351,0.0,0.322,0.458,143.937,0.132359,0.926491,0.663293,0.139267,0.938913,0.149189,0.347985,0.728651
37aaue7yg8OvizXw10pjlG,2 minutos,Un Mundo de Sensaciones,Pandora Box,0.474,0.947,-2.755,0.0392,1.69e-05,5.65e-05,0.092,0.721,110.236,0.064347,0.883172,0.943981,0.095743,0.840841,0.132529,0.215379,0.823194
62wO93NNbJ7VAR3G1Gcfue,Glen Campbell,Fishing Music,Southern Nights,0.63,0.809,-9.756,0.0314,0.0181,0.076,0.273,0.829,95.244,0.171789,0.856776,0.947643,0.104311,0.625465,0.252223,0.339811,0.684686
3XucsgiwXb8KPn9Csf9Zmu,James Hype;Miggy Dela Rosa;Lazza,Ferrari (Remix),Ferrari - Remix,0.818,0.728,-5.705,0.0724,0.0985,0.0,0.0917,0.597,124.974,0.171040,0.914996,0.821375,0.226999,0.856263,0.121150,0.625096,0.709239
1Rkbpr6cTTH2a9nvjZ5RAu,Last Idol,Everything will be all right (Special Edition),Love Docchi♡,0.457,0.99,-2.152,0.0889,0.000661,7.27e-06,0.0981,0.795,168.053,0.046812,0.973464,0.966537,0.126481,0.813291,0.086496,0.227361,0.877557
3PYW3j5X7x7xctZi10Mjga,Don Omar,Perreo Tenebroso Vol. 4,Pobre Diabla,0.741,0.787,-6.228,0.0525,0.217,0.0179,0.0835,0.771,91.993,0.143810,0.906432,0.970911,0.114527,0.560273,0.352062,0.233431,0.600783
6MmCd3vp8GKJPfkLKAjMqz,A Rocket To The Moon,Wild & Free (Deluxe),While the World Let Go,0.55,0.694,-6.443,0.0277,0.414,1.18e-05,0.116,0.332,77.515,0.403007,0.615848,0.611852,0.550619,0.877034,0.230443,0.553002,0.611396
4odoLyHnSx2jIcXs16IvsV,JPEGMAFIA,All My Heroes Are Cornballs,"Jesus Forgive Me, I Am A Thot",0.628,0.78,-5.217,0.451,0.243,0.0,0.318,0.602,122.308,0.094144,0.927554,0.799506,0.193661,0.852055,0.254873,0.351673,0.710101
742Bg0cIn3YxM28PomtUeM,D.ACE;Demi Portion;Ol Kainry;Tiers;Zoro L'Frérot,Nakama,Le club,0.631,0.729,-7.718,0.295,0.513,3.85e-05,0.0723,0.671,91.433,0.270705,0.715808,0.814530,0.232699,0.683947,0.509032,0.494301,0.810850
4DiuwmmlIFwF5rFljlannW,Nora En Pure,Enchantment,Enchantment,0.594,0.866,-7.608,0.0697,0.0602,0.486,0.214,0.0385,124.001,0.112671,0.922065,0.510126,0.457541,0.943702,0.042184,0.637560,0.758197
2mnFku84mu2NGKaxJUxrbI,Exaltasamba,Ao Vivo Na Ilha Da Magia,"Até O Sol Quis Ver - Ao Vivo Na Ilha Da Magia,Brasil/2008",0.614,0.437,-10.75,0.0366,0.656,0.0,0.681,0.773,147.976,0.570359,0.662151,0.702812,0.469771,0.427330,0.753397,0.571070,0.828922
3iPwSxaLCpFRNZmyLKbXjQ,The Walters,Indie Chill Out,Million Little Problems,0.609,0.525,-7.912,0.03,0.0746,9.36e-05,0.397,0.476,107.981,0.524292,0.745734,0.596792,0.336311,0.750812,0.475156,0.310817,0.648926
4INPxj4b3JlNRrTVoptRC6,Martin Garrix;Firebeatz,Helicopter,Helicopter - Video Edit,0.584,0.96,-4.492,0.0379,0.0104,0.516,0.175,0.165,128.003,0.064621,0.848330,0.787519,0.594883,0.969581,0.114320,0.688412,0.827751
3xzRBn3ywzobJrc1efC7Sb,Modern English,After the Snow,I Melt with You,0.535,0.801,-11.734,0.0345,0.00103,0.00329,0.0676,0.672,155.571,0.112073,0.950518,0.865889,0.150765,0.853148,0.185657,0.216862,0.794631
2tOziCeCfa30pRQbfQqRJf,Nenei;Stella Starlight Trio;Ronan,"Lounge Remixes, Vol. 4",Feeling Good - Ronan Remix,0.594,0.643,-9.078,0.066,0.0112,0.00156,0.447,0.668,166.004,0.081121,0.860065,0.951733,0.111604,0.682960,0.143099,0.204318,0.831321
1T6928Jai5vaFUIP7XhXhS,Simon Webbe,Sanctuary,No Worries,0.602,0.893,-5.113,0.0327,0.0938,0.00474,0.348,0.845,91.296,0.072377,0.929113,0.904261,0.045562,0.644582,0.316463,0.218141,0.880888
5FxNWxSCl6GVwtp3tnFqiR,AKB48,ここがロドスだ、ここで跳べ!<Type A>【初回限定盤】,ここがロドスだ、ここで跳べ! (東李苑、穴井千尋、生駒里奈、入山杏奈、加藤玲奈、児玉遥、篠崎彩奈、渋谷凪咲、白間美瑠、谷真理佳、福岡聖菜、二村春香、古畑奈和、村山彩希、森保まどか、矢倉楓子),0.387,0.923,-3.402,0.0747,0.202,1.41e-05,0.224,0.302,153.894,0.130700,0.922064,0.656742,0.527460,0.864633,0.079063,0.422924,0.869349
5sdRFDake23G0pqz6vX2u9,Steve Pulvers,Life is Beautiful,I'll Fly away,0.554,0.222,-18.759,0.044,0.842,0.888,0.111,0.432,112.709,0.795936,0.437885,0.351321,0.831803,0.424832,0.687483,0.975105,0.189591
6TfeXwJihJRuBW3mFpib6J,CLMD;Tungevaag,DANCE,DANCE,0.766,0.548,-7.834,0.0373,0.0263,1.81e-06,0.21,0.552,122.012,0.228453,0.719635,0.917050,0.309701,0.862310,0.245432,0.404533,0.913014
0LnnVrxjiXXFav6iMovso3,Mushroomhead,Mushroomhead,2nd Thoughts,0.382,0.902,-10.149,0.067,0.000158,0.659,0.342,0.267,140.108,0.116069,0.807910,0.804564,0.523577,0.877185,0.110565,0.662305,0.909254
5lq1qpWh3ZoQLWfgUvYRAT,Exhumed,Gore Metal,Deathmask,0.209,0.877,-8.187,0.0931,5.74e-06,0.92,0.201,0.373,138.713,0.134191,0.933555,0.696549,0.338926,0.904522,0.085648,0.865201,0.712192
5P7P56z3BWvsQDh9MrEwaW,KAROL G;Cosculluela,Para entrar en calor,La Dama,0.844,0.781,-5.856,0.188,0.122,0.000154,0.0925,0.734,100.01,0.170299,0.939857,0.932639,0.047667,0.818993,0.286572,0.366829,0.869857
3RSQsVUTuIgPbQfZxxWbdW,Bad Boy Bill,The Album,If I Tell You - Original Mix,0.892,0.751,-5.502,0.0695,0.0542,5.86e-05,0.0517,0.662,120.98,0.154493,0.953941,0.918554,0.145167,0.822644,0.223458,0.454272,0.832671
14HrSWGYPCDwqAcVFUYKsq,Matt Redman,Sing Like Never Before: The Essential Collection,Blessed Be Your Name,0.443,0.819,-6.61,0.0615,0.00338,0.016,0.696,0.0983,116.033,0.076706,0.841983,0.472328,0.587655,0.912980,0.069409,0.202146,0.826512
3MhdH8PxqH1FuQp3HBptUI,Sean Paul;Sasha;Jeremy Harding;Murray Elias,Dutty Rock,I'm Still in Love with You (feat. Sasha),0.765,0.666,-5.384,0.172,0.102,0.0,0.116,0.756,87.002,0.118970,0.861215,0.916452,0.098341,0.665333,0.275512,0.295115,0.612455
1t3pV6jPE5RdI4vU6EvzmA,Owen Westlake;Lloyd Wade,House Anthems,So Much Love,0.803,0.807,-6.138,0.03,0.0335,2.76e-06,0.12,0.909,123.012,0.171011,0.902196,0.954672,0.081456,0.645130,0.226678,0.319040,0.863461
69kPmtjz4qEkia1BBRYJ5e,arai tasuku,Alice,Dear Alice,0.548,0.722,-6.683,0.0477,0.716,0.0022,0.139,0.19,125.01,0.424227,0.786702,0.303741,0.759130,0.803254,0.315986,0.583049,0.720380
3OiUOulzZiEfaADvJNR7wa,Kate Bush,Planet 80's,Army Dreamers,0.703,0.225,-11.366,0.0511,0.731,4.59e-06,0.102,0.399,143.248,0.783594,0.560843,0.685755,0.808575,0.407695,0.731539,0.819550,0.732922
5KW8kOHmXqkDEdj6JyP3dJ,Ilaiyaraaja;Sid Sriram,"Unna Nenachu [From ""Psycho (Tamil)""]","Unna Nenachu (From ""Psycho (Tamil)"")",0.331,0.235,-13.816,0.0411,0.891,2.98e-06,0.107,0.252,82.511,0.895779,0.271361,0.207453,0.901761,0.482496,0.690576,0.806927,0.300954
5J7fw04ZUbiK1Q6jDHftKf,Dj Wesley Gonzaga;MC Fahah;MC Saci;Mc Rodrigo CN,Faz no Vinte e Dois o Que Não Fez no Vinte e Um,Faz no Vinte e Dois o Que Não Fez no Vinte e Um,0.803,0.721,-3.051,0.34,0.66,1.02e-06,0.328,0.682,86.571,0.532190,0.887059,0.813187,0.509383,0.544164,0.677858,0.488565,0.791991
7sC2sL3Q5cZswDQJfnlfOt,Charlie Brown Jr.,100% Charlie Brown Jr - Abalando A Sua Fábrica,Tudo Pro Alto,0.215,0.945,-7.201,0.0798,0.000639,0.453,0.204,0.603,179.079,0.042475,0.874581,0.837938,0.304459,0.882950,0.131169,0.519352,0.762889
4RRWdUBfKdN8SdPOIiu9by,George Jones,Too Wild Too Long,New Patches,0.618,0.342,-13.925,0.0292,0.345,0.000451,0.104,0.425,108.177,0.465142,0.550658,0.479326,0.570912,0.650544,0.464271,0.622737,0.755022
2tGzh2p2QjPddvPYV2TUaj,The Colourfield,Virgins and Philistines,Thinking of You,0.696,0.813,-5.243,0.0338,0.0984,0.00153,0.132,0.665,133.207,0.156473,0.861829,0.884444,0.287743,0.837332,0.166536,0.368326,0.909235
6igIXgrQB9qnWcQpn9XPfF,Sekta Core,Morbo's Club,Delfino,0.474,0.944,-5.911,0.108,0.00883,0.0005,0.122,0.632,115.176,0.090041,0.876502,0.902097,0.151268,0.784369,0.220652,0.413199,0.859954
0fmwyv8VP8Jh71e87oCHv1,As I Lay Dying,Shadows Are Security,Through Struggle,0.195,0.976,-4.381,0.0808,6.86e-05,0.000912,0.263,0.531,180.372,0.038925,0.965721,0.811507,0.398989,0.897700,0.188886,0.397079,0.852878
2WpQ8LbTpTAsjsyCUIrH8a,Simon Wester,"Echoes in the Valley, Vol. 4",The Narrow Path,0.167,0.0709,-25.474,0.0341,0.967,0.958,0.107,0.0391,111.917,0.916487,0.255015,0.045348,0.953651,0.414619,0.801562,0.980553,0.175039
3hG2bfMoOXEcOdMvFEvnsz,Kiawasch Sahebnassagh,Schlaflied unter der Ruine(Lalai zir-e Avar) - Music fur Ensemble & Computer,Also Sprach die Masnahme:Fur Chor a Capella,0.226,0.385,-16.829,0.0755,0.978,1.33e-06,0.361,0.0383,98.296,0.913848,0.552146,0.143997,0.951189,0.876522,0.685034,0.712233,0.252490
43Bcg5ckW8WchRzyPZA0u1,Adele,21,Take It All,0.415,0.266,-8.44,0.0308,0.957,1.18e-06,0.183,0.282,138.096,0.918288,0.508004,0.199562,0.978386,0.549790,0.772102,0.845508,0.506745
1YuTtZ5af7HH93CEPtVxDW,The 69 Eyes,Paris Kills,Grey,0.603,0.755,-6.757,0.0268,0.000178,0.579,0.126,0.29,117.996,0.089541,0.828780,0.695512,0.542037,0.920259,0.123083,0.859456,0.752546
1BR2rZ8nZ0pPuRkuyE3oZ2,PXNDX,Bonanza,La noche de la mesa triste,0.49,0.965,-3.365,0.0893,0.00156,0.00703,0.313,0.558,92.131,0.143349,0.734891,0.798639,0.137465,0.843580,0.132243,0.219844,0.881693
5hTNIGIlfSse1xosh5cUfX,Napalm Death,Throes Of Joy In The Jaws Of Defeatism (Bonus Tracks Version),White Kross (Bonus track),0.153,0.736,-4.312,0.174,1.33e-06,0.932,0.397,0.152,107.357,0.115047,0.585902,0.467877,0.497124,0.965473,0.207404,0.852182,0.475897
0HKzYLiNdTdGFfgStbfpQV,Peter Fenn,Far Away,Far Away,0.806,0.493,-8.847,0.0348,0.493,0.0,0.107,0.454,110.078,0.532833,0.484680,0.581864,0.693247,0.697373,0.470960,0.604375,0.765006
61pIy97Qal5Re63soqLGoq,Ocean Waves For Sleep,Sound of the Ocean,Waves Sleep,0.138,0.0927,-32.801,0.079,0.138,0.0762,0.258,0.00489,89.521,0.720811,0.156322,0.146800,0.930073,0.513455,0.317832,0.718257,0.190287
0kGDEDnd3OsvIq7zyLo1zG,James Hype;Miggy Dela Rosa;Lazza,HOT PARTY BACK TO SCHOOL 2022,Ferrari - Remix,0.818,0.714,-5.769,0.0643,0.0973,0.0,0.0936,0.62,124.953,0.088180,0.918284,0.925209,0.090876,0.939635,0.373320,0.348231,0.886662
5wMkhfu3oYYmFimOGzeFt2,Fondo de la lectura,Concentración: Sonidos de la Lluvia,"Concentración: Sonidos de la Lluvia, Pt. 01",0.417,0.967,-27.146,0.0503,0.924,0.958,0.696,0.0147,65.002,0.873046,0.688728,0.313862,0.816264,0.761119,0.517171,0.853667,0.743566
5b1je14Oz92lpIlIMLieWw,Farruko,Viaje,Viaje,0.705,0.799,-4.776,0.0347,0.0357,0.417,0.0643,0.658,122.018,0.148540,0.898583,0.894010,0.144749,0.862840,0.305515,0.750204,0.742221
45lo1RUQgdwYUlIVPad0YJ,Los Reyes Del Tango,A Don Juan,Desde El Alma,0.584,0.445,-8.882,0.0346,0.737,0.0448,0.809,0.695,108.915,0.565590,0.684318,0.708368,0.583864,0.385592,0.618416,0.254312,0.745612
6IF2P93LkyW4GqDQu1yS7H,Susie Suh;Robot Koch,Here with Me,Here with Me,0.582,0.375,-13.277,0.0329,0.702,0.0631,0.136,0.106,129.909,0.772752,0.635865,0.216471,0.916946,0.649480,0.519228,0.773209,0.374510
34iOH7LY3vme5rQxsVILZ4,Joy Division,Love Will Tear Us Apart,Love Will Tear Us Apart - 2020 Remaster,0.527,0.923,-7.458,0.0379,0.000541,0.765,0.127,0.899,146.924,0.169220,0.885821,0.935889,0.089318,0.681368,0.151141,0.843971,0.852780
7x8dCjCr0x6x2lXKujYD34,Foo Fighters,"Echoes, Silence, Patience & Grace",The Pretender,0.433,0.959,-4.04,0.0431,0.000917,0.0,0.028,0.365,172.984,0.082637,0.970194,0.612932,0.228130,0.866754,0.063732,0.452679,0.937893
39KY3WZERkUMPHwihliI4S,Black Kids,Rookie,If My Heart Is Broken,0.375,0.939,-4.071,0.0461,0.000477,0.0,0.229,0.743,205.879,0.090460,0.923832,0.890097,0.074528,0.848354,0.132162,0.300290,0.915218
3MSgpnyBaS25lKi8BZRA1z,Rival Consoles,Howl,Looming,0.456,0.658,-11.817,0.0452,0.347,0.847,0.119,0.0273,131.006,0.134172,0.724976,0.372528,0.812465,0.891641,0.248684,0.950469,0.477879
4GAWnZAIJnONN0ls5XPt8G,Trampled by Turtles,Blue Sky and the Devil,Blue Sky and the Devil,0.43,0.261,-11.072,0.0312,0.275,0.00301,0.11,0.237,107.373,0.558456,0.384260,0.517391,0.937242,0.784116,0.717516,0.648832,0.350037
25toY01sa4kxzFEArX3t5x,Surgeon,Screw the Roses,Shaper of the Unknown,0.564,0.89,-7.654,0.36,0.126,0.723,0.661,0.218,133.981,0.231900,0.798353,0.822520,0.659870,0.976690,0.134001,0.546046,0.854418
7LtXmsv58ijM3k2dP6h6fR,Jhayco;Bad Bunny,Perreo Tenebroso Vol. 5,CÓMO SE SIENTE - Remix,0.807,0.606,-8.871,0.0872,0.0946,0.0,0.119,0.304,92.988,0.399954,0.804416,0.786550,0.641010,0.844434,0.228513,0.602624,0.707068
3qxOR4Y5Qx3b4eC0b0owe1,Pitty,Matriz,Bicho Solto,0.652,0.611,-7.117,0.0342,0.867,0.000111,0.324,0.748,123.508,0.527588,0.760543,0.803160,0.517580,0.660741,0.720012,0.387869,0.916943
3EqgnmFJIarfSqSdBWMI8r,Ammy Virk,Qismat,Qismat,0.43,0.744,-5.105,0.132,0.498,0.0,0.381,0.736,87.726,0.348638,0.776709,0.868575,0.388373,0.548598,0.590371,0.441634,0.684381
6goI3Inn1Uc62PZfWBQ3ok,Bharat Chauhan,Tinka - Single,Tinka,0.455,0.115,-13.819,0.0331,0.854,3.77e-05,0.0954,0.21,113.679,0.862873,0.443631,0.190807,0.934972,0.489175,0.859157,0.927207,0.412852
0x4cMbCLC6L7aJQs3EiPaZ,BTS,Dark & Wild,Look Here,0.863,0.854,-4.564,0.0893,0.0418,0.00152,0.0551,0.784,119.996,0.094618,0.899431,0.949838,0.045260,0.847603,0.109299,0.696505,0.891906
4UAA90EcCF2AdBcvA9z0l9,Smoking Popes,Destination Failure,I Know You Love Me,0.454,0.818,-5.472,0.0349,0.00334,1.36e-05,0.301,0.523,139.321,0.087517,0.712168,0.915258,0.312747,0.872583,0.155788,0.273478,0.804148
51haCqHVfdZMZC3Y3fffgA,Chimaira,Groove Metal Roots & Branches,Dead Inside,0.384,0.982,-3.132,0.179,0.000125,0.293,0.354,0.284,105.363,0.073056,0.876244,0.640331,0.327257,0.947983,0.065540,0.233510,0.703656
1JlxQG0qBaEI2V1f0zkQLT,Kapanga,Lima,No Me Sueltes (Es Posible),0.551,0.908,-5.619,0.0926,0.0167,0.0,0.345,0.77,153.99,0.055799,0.933522,0.910976,0.104654,0.849636,0.093863,0.155450,0.944938
2vD1HQzKHPAYpgtUNozpPi,Graveland,Thousand Swords,The Dark Battlefield,0.152,0.993,-12.671,0.0657,1.5e-05,0.689,0.476,0.0387,145.986,0.068921,0.845487,0.439178,0.726248,0.922884,0.102120,0.577408,0.775213
67lSEwCdKQggI4K5fJLbN8,Cameron's Bedtime Classics,Lullaby Duets,Rockabye Baby,0.652,0.323,-13.64,0.0721,0.812,0.941,0.0809,0.378,154.854,0.776302,0.697642,0.247345,0.832764,0.632021,0.791867,0.931592,0.564187
3sHEKLFX5F1cmQNDzlsvZp,Eric Land;Marcynho Sensação,Mete o Pix,Mete o Pix,0.644,0.95,-2.13,0.0792,0.225,0.0,0.0604,0.975,170.02,0.078907,0.940317,0.973850,0.085389,0.728666,0.371629,0.703101,0.943471
11EVeW30HHEMZZsWgWzdfN,Motionless In White,Graveyard Shift,Eternally Yours,0.481,0.94,-3.288,0.0564,0.00113,0.0,0.107,0.194,94.948,0.064687,0.875761,0.750319,0.357767,0.971154,0.050959,0.489455,0.779603
4DAcodxBzJZA5zbYoR4gMo,Gress,MMXX,VLST,0.426,0.76,-7.025,0.0422,0.000133,0.622,0.0488,0.0449,104.997,0.196836,0.740975,0.388669,0.761675,0.973271,0.088414,0.844902,0.733134
2eo3SFdWW5c0jadbj79MJR,Psirico;Os Barões Da Pisadinha,Sigilinho,Sigilinho,0.738,0.815,-4.228,0.0467,0.546,0.0,0.366,0.814,156.895,0.312507,0.887184,0.939096,0.261824,0.664301,0.409595,0.351941,0.829229
3InRkuJj81zjC5MWlFR6rN,Sajjan Raj Vaidya;Shyam Nepali,"Hataarindai, Bataasindai","Hataarindai, Bataasindai",0.327,0.288,-9.787,0.0281,0.856,0.00438,0.0963,0.312,93.182,0.852894,0.308726,0.169814,0.876762,0.593336,0.898444,0.741645,0.487510
0OlgQYka86XhPepKdZ6xio,Counting Crows,Fiesta temática 90s,Hanginaround,0.514,0.781,-6.703,0.0639,0.248,0.0,0.731,0.717,90.522,0.159423,0.811280,0.612909,0.193529,0.721305,0.647274,0.209115,0.851326
01nyVfrvVrPiW9iIhmBqq1,Tsuyoshi Nagabuchi,JEEP,しょっぱい三日月の夜,0.566,0.348,-12.502,0.024,0.723,1.37e-06,0.126,0.289,85.937,0.875683,0.643234,0.454481,0.733865,0.691435,0.591201,0.798503,0.177822
1ZtjszSbYrbTQPKKNnVsCj,Ethan Dufault,What If,So Bad,0.806,0.515,-6.834,0.0455,0.0696,2.46e-06,0.0639,0.633,112.989,0.437151,0.794394,0.896496,0.195367,0.725351,0.363743,0.299337,0.744499
6Wvzj0D4DXvqpzLhE2LTIN,Curren$y;August Alsina;Lil Wayne,Rap Geek,Bottom of the Bottle,0.736,0.537,-9.739,0.356,0.0151,0.0,0.212,0.831,85.079,0.393312,0.849382,0.954942,0.132201,0.791453,0.437796,0.315050,0.765108
2BzZUelqEirF3kCEjiWijv,The Cowboys,The Bottom of a Rotten Flower,Pie in My Eye,0.236,0.84,-2.11,0.0471,0.126,0.767,0.123,0.739,175.888,0.082080,0.810614,0.767803,0.203268,0.844844,0.188145,0.728157,0.895436
5jXrULyYKHjkAMk4TXZFoG,Yuvan Shankar Raja,Goa (Original Motion Picture Soundtrack),Kaadhal Endral,0.638,0.324,-7.787,0.0321,0.923,3.35e-05,0.151,0.446,129.932,0.829838,0.533915,0.620301,0.878118,0.534379,0.740164,0.790322,0.468779
2GoAhMIvnZ1n7ZEqj7jrAa,frek!,comic sans,life is a balloon,0.556,0.264,-12.118,0.145,0.482,0.697,0.102,0.501,169.955,0.715916,0.692630,0.775557,0.818045,0.615582,0.533038,0.907314,0.517797
2B6IkE4vnjP1fr0rQ4nbBr,Nessa Barrett,Pop Hits Now,die first,0.444,0.669,-6.727,0.125,0.0669,0.0,0.124,0.44,183.441,0.088078,0.917205,0.453188,0.321808,0.955332,0.119721,0.511080,0.893274
77stxHgDOzi9Ue9912tMRf,Sergei Lemeshev,Сергей Лемешев. 20 лучших песен,"У ворот, ворот",0.65,0.348,-13.911,0.0563,0.987,0.104,0.108,0.9,118.899,0.905190,0.519007,0.833220,0.642651,0.239672,0.890581,0.822535,0.402757
0RhLvAINBnJo65rZMIVdOR,Ellie Goulding,Fiesta de disfraces vol. II,Something In The Way You Move,0.66,0.804,-6.133,0.0485,0.0402,0.0,0.129,0.359,109.0,0.158174,0.774018,0.761472,0.328958,0.835638,0.142407,0.274821,0.460765
4UfZMDH9o6pw6ZwGhFOahe,Pr. Rodrigo Soeiro,Cantor Cristão e Harpa Cristã 3,Firme nas Promessas,0.505,0.207,-14.45,0.0418,0.801,0.0,0.105,0.435,76.084,0.911112,0.390226,0.285654,0.741222,0.523771,0.824420,0.877444,0.236095
7yhN7C46ts8tAKHoNRrBL6,We Came As Romans;Zero 9:36,Daggers,Daggers,0.435,0.961,-3.658,0.141,6.16e-05,0.000134,0.384,0.427,148.016,0.019902,0.894635,0.747886,0.296910,0.976115,0.130249,0.170753,0.901254
5ZSnUYUX2cuOpsSbVo3Wot,Los Amigos Invisibles,Live En Una Noche Tan Linda Como Esta Vol 1,Yo No Se,0.56,0.822,-9.234,0.032,0.256,0.712,0.561,0.962,131.774,0.122444,0.863541,0.915899,0.106912,0.585383,0.322250,0.825269,0.887764
4GjHhBFWiB7uozqC9ErzZm,Project46,Tr3s,Terra de Ninguém,0.342,0.993,-3.618,0.237,0.000365,0.000435,0.648,0.039,110.039,0.066990,0.839095,0.482584,0.410569,0.986601,0.085483,0.188997,0.891148
2DAVD5mqfsRCI4mOg5md1R,Duke Dumont,Beginner Ride (Sweat & Burn),Ocean Drive,0.67,0.776,-4.091,0.047,0.00388,0.000189,0.122,0.624,115.034,0.230167,0.951947,0.970349,0.148999,0.805526,0.236823,0.277413,0.851087
2TCxRKDLjTJpi3OJOnr9VF,Eason Chan,EasON AIR,慢慢喜歡你 - Live at EasON AIR,0.568,0.321,-12.932,0.0365,0.846,2.41e-06,0.0851,0.302,130.151,0.808435,0.700891,0.348538,0.953552,0.663891,0.810585,0.757607,0.363555
4HKz3oUGYWMtyh3pJWcGH6,NG Rezonance,"Syncopy Radio Edits, Vol. 2",Nemesis - Radio Edit,0.503,0.936,-5.644,0.0441,0.000114,0.912,0.244,0.428,149.981,0.057245,0.896925,0.847376,0.322037,0.880574,0.166083,0.695215,0.858164
2RJireEKZhGveSCh1cDZjN,Twinkle Twinkle Little Rock Star,Ultimate Disney Lullaby Collection,"A Dream Is a Wish Your Heart Makes (From ""Cinderella"")",0.702,0.181,-20.588,0.041,0.912,0.967,0.206,0.25,94.497,0.928437,0.261548,0.280254,0.940871,0.550944,0.777066,0.967365,0.362031
3RVmWZ1msOgPZJzVcwlYVc,Govana,Undefeated,Undefeated,0.674,0.739,-2.917,0.269,0.179,0.0,0.111,0.599,92.983,0.354618,0.736107,0.838747,0.111136,0.855681,0.310487,0.428880,0.699061
26dXOkhzMxLLNaUXt77HQc,keshi,always,always,0.629,0.495,-6.86,0.103,0.539,0.000231,0.0326,0.548,89.773,0.529260,0.578242,0.755271,0.694673,0.741154,0.543910,0.619459,0.705526
17jkqGy5v8YMNRxhnegd6G,We The Kings,We The Kings (Deluxe Version),"Check Yes, Juliet",0.346,0.915,-4.201,0.0759,0.00198,0.0,0.18,0.343,166.843,0.107960,0.942107,0.855868,0.314296,0.931517,0.180690,0.189830,0.842018
0iP4oGGuZMSXdRPhxL8iQ4,Paradoks,Sense of Wonder,Sense of Wonder,0.61,0.93,-6.689,0.0406,2.34e-05,0.835,0.0953,0.0453,124.006,0.074738,0.912117,0.750733,0.638347,0.973814,0.036523,0.884691,0.786546
1WrMD6on4zuCXVrYp5o8io,Selena Gomez,Queda poco para la PAES,Bad Liar,0.965,0.414,-6.408,0.0712,0.189,0.0,0.0767,0.729,121.032,0.313395,0.880193,0.908451,0.317436,0.783365,0.509393,0.415493,0.765509
2DmRXiyn03tOqKgEJXlaiJ,(G)I-DLE,I trust,Oh my god,0.794,0.762,-3.525,0.0392,0.0358,1.41e-06,0.191,0.482,109.97,0.161100,0.925478,0.851128,0.617986,0.899285,0.126093,0.283818,0.782207
10sX7AMZOVbM2N0FruoDZS,Kevin Powers,Walked In,Walked In,0.67,0.517,-6.707,0.165,0.0225,0.0,0.148,0.671,162.013,0.093275,0.741929,0.860289,0.218998,0.859621,0.393289,0.393950,0.740483
4WUAyxkq3x4l5P7QN0vmHr,Good Morning,Shawcross,Don't Come Home Today,0.382,0.738,-7.73,0.0334,0.507,0.965,0.136,0.462,155.858,0.536134,0.918352,0.613014,0.696173,0.744113,0.232169,0.946468,0.595088
2Q3NTLkAu81vBJCUz7Aoyl,Cooltime Kids,Kids Christmas Favorites,Jingle Bell Rock,0.87,0.572,-4.671,0.0389,0.687,0.0,0.091,0.698,122.92,0.716156,0.869737,0.762802,0.419023,0.593275,0.661287,0.507991,0.869276
2qzFaUkPP510VTnui66MCG,The Baboons,Drinking Gasoline,Drinking Gasoline,0.802,0.5,-11.085,0.0344,0.771,0.00158,0.102,0.853,113.83,0.701269,0.652146,0.889828,0.301273,0.443043,0.893466,0.672774,0.771298
6GyFP1nfCDB8lbD2bG0Hq9,M83,"Hurry up, We're Dreaming",Midnight City,0.507,0.729,-5.399,0.0393,0.0182,1.4e-06,0.0658,0.272,105.013,0.153765,0.804716,0.414782,0.540989,0.868119,0.244024,0.275180,0.860930
3QR84ts5i4RrPC2djYsKgg,Bola,Soup,Pendulus,0.666,0.829,-10.676,0.0437,0.16,0.89,0.114,0.158,109.821,0.164296,0.933025,0.558802,0.680717,0.868806,0.089766,0.900950,0.867812
0OMCA2QeJ2Oe5mPKt3Wzsf,Tiësto;Charli XCX,Workout by the Fitness Marshall,Hot in It,0.748,0.841,-5.08,0.177,0.00445,1.33e-06,0.0413,0.717,123.045,0.157613,0.852032,0.936063,0.053727,0.838723,0.159574,0.318597,0.849864
7pKLfNJY7SHmJNdu8pqZzc,Official HIGE DANdism,One-Man Tour 2021-2022 -Editorial-@Saitama Super Arena (LIVE),Cry Baby - LIVE,0.367,0.887,-6.819,0.066,0.0223,0.0,0.971,0.131,100.0,0.089441,0.876092,0.638635,0.274586,0.939177,0.142085,0.152192,0.812523
1HNvADmPBGAExeyIHkcJtd,RADWIMPS,Human Bloom,Sparkle - Original Version,0.634,0.506,-5.882,0.0316,0.729,1.11e-06,0.12,0.244,124.003,0.499454,0.820169,0.282362,0.688429,0.811266,0.766135,0.596688,0.689335
2FBsVowygJJv4lg32ZHk5l,Midival Punditz;Papon,Purvayi,Purvayi (feat Papon),0.384,0.696,-6.768,0.0335,0.00385,0.0156,0.163,0.0779,172.059,0.070875,0.879953,0.470967,0.721024,0.954046,0.083298,0.373043,0.847050
13EDKAhP6DMS7dV7z95tgH,Rygin King,Therapy,Maddest Life,0.719,0.625,-6.712,0.314,0.577,0.0,0.108,0.33,133.073,0.385859,0.799803,0.530510,0.609196,0.802621,0.410149,0.667667,0.844365
71GOYiaA8DUE8gflwvKxMT,Darko US;Shaolin G,Oni,Evolving,0.378,0.977,-3.805,0.182,3.45e-05,0.786,0.352,0.202,124.922,0.123930,0.853052,0.674134,0.384685,0.945648,0.106181,0.726539,0.876827
6QEQQbdqy6MIjqIa8tNvTj,Dan + Shay,New Country,You,0.544,0.572,-6.205,0.0319,0.118,0.0,0.234,0.52,169.885,0.253112,0.744366,0.850520,0.254662,0.593642,0.116458,0.419817,0.826150
1lQFnwzIsQWtW27D1PT7lm,Stam1na;Björgvin Sigurðsson,Taival,Sudet tulevat (feat. Björgvin Sigurðsson),0.495,0.993,-3.96,0.206,5.41e-05,0.00305,0.282,0.227,110.975,0.090385,0.865763,0.852091,0.676707,0.968149,0.087555,0.217691,0.798333
5If7QGlDFeLgn5hHy0OZAE,The Supremes,Christmas Songs 2022,Silver Bells - Stereo,0.374,0.344,-10.95,0.0272,0.586,9.84e-06,0.144,0.304,75.683,0.830122,0.311389,0.325071,0.798799,0.602239,0.876208,0.761598,0.246219
4EjUvymnNns0gSllSLR0zr,Troglauer,Geboren in Troglau,Bring mir a Bier,0.508,0.977,-3.221,0.0857,0.0516,0.0,0.0939,0.837,164.652,0.032487,0.954365,0.957275,0.086066,0.842987,0.245427,0.248754,0.918424
3DY7C6o4zd4VnjYDFQ8MzI,Koo Koo Kanga Roo,"Cafetorium Songs, Vol. 1",I Get Loose,0.884,0.705,-6.04,0.125,0.00821,0.0,0.0363,0.694,113.94,0.223226,0.846327,0.933710,0.264292,0.686624,0.401480,0.329734,0.853362
5ER22Mzv9cUsgJxichQQJx,Jubiläumscast Wien 2012,Elisabeth - Gesamtaufnahme Live - Jubiläumsfassung,Nichts ist schwer,0.349,0.358,-13.383,0.0415,0.875,0.0,0.969,0.163,86.54,0.894228,0.371779,0.136620,0.923817,0.638984,0.683318,0.538199,0.342548
4n0iKnuP1mliydPSvC7pec,Gaze,Mitsumeru,Jelly-Bean,0.408,0.922,-6.786,0.0465,0.00205,0.126,0.332,0.828,113.86,0.112672,0.768360,0.968291,0.172464,0.885639,0.206999,0.304182,0.787504
42TAP4olyZONFmNT48O10D,Bethel Music;Jeremy Riddle,The Loft Sessions,Fall Afresh,0.466,0.486,-10.731,0.0288,0.82,4.5e-05,0.156,0.186,136.949,0.723656,0.631094,0.180644,0.930508,0.869134,0.572456,0.724547,0.690390
5IW9WRaLxJblCkVXhC1vye,Nívea Soares;Gabriela Rocha,Vem (Ao Vivo),Vem - Ao Vivo,0.358,0.65,-9.241,0.0429,0.0546,1.34e-06,0.641,0.226,144.037,0.211950,0.689257,0.358947,0.663476,0.973834,0.245909,0.379865,0.761616
74zddYeCEHW8ORcr4t1O8K,Triomphe,Place de l'étoile,Place de l'étoile,0.661,0.409,-15.182,0.0442,0.899,0.821,0.0989,0.266,114.049,0.713939,0.431554,0.198690,0.868293,0.706815,0.784263,0.970682,0.543298
7lpaVjDPjT72Afi7LqXBIx,Eyla Calmes,Heinamaa,Heinamaa,0.135,0.00213,-37.865,0.0411,0.979,0.779,0.0969,0.0644,70.423,0.975774,0.178700,0.078912,0.983789,0.214923,0.940067,0.980991,0.095000
7wYTF36Qnjm5g3LfV3PHYM,Kiko Veneno,Éxitos del Pop en Español de los Años 2000,Coge la Guitarra,0.678,0.919,-7.154,0.0326,0.0761,2.54e-05,0.0908,0.944,98.012,0.107466,0.842981,0.961677,0.041586,0.730078,0.516353,0.289242,0.820320
3Du83Lme0QXH5IqKhxjIWe,Pera,Sevda Beladır,Düşüyorum Sana,0.521,0.674,-8.396,0.0351,0.0579,5.83e-06,0.486,0.215,93.749,0.258333,0.419330,0.382565,0.434096,0.916587,0.183814,0.319702,0.563099
7LEHTeb6q6c2cNNgZ8orB4,Two Lone Swordsmen,Tiny Reminders,You Are…,0.703,0.648,-13.394,0.074,0.257,0.842,0.0914,0.446,160.058,0.242840,0.844853,0.834590,0.459456,0.808133,0.332706,0.948231,0.785404
6gcTOMaiGWXEKWHsneDDbt,32 Leaves,Welcome to the Fall,All Is Numb,0.411,0.691,-7.894,0.0321,1.55e-05,0.0522,0.0987,0.189,142.987,0.280562,0.804746,0.771535,0.627921,0.913483,0.078867,0.572451,0.759293
3yfRDsK74hvMIBLR1VX3nO,Sandra De Sá,Sandra Sá,Retratos e Canções,0.611,0.4,-12.371,0.023,0.168,0.0,0.119,0.547,81.05,0.454346,0.362963,0.763125,0.341315,0.453415,0.543181,0.613915,0.574513
4E0GiSMs5E60MvX3pLW70H,Mini Pop Kids,Mini Pop Kids 17,The Git Up,0.66,0.601,-6.94,0.16,0.0108,0.0,0.196,0.678,98.357,0.279102,0.829179,0.884484,0.242875,0.767976,0.396617,0.291247,0.801072
4XWZascZ6vgy615l3PUutT,Robério e Seus Teclados,Saudade da Pequena,Saudade da Pequena,0.675,0.873,-5.732,0.0338,0.393,6.77e-06,0.393,0.818,171.981,0.218234,0.955412,0.942708,0.176775,0.715348,0.310959,0.242355,0.894497
3WMFRGhYLFyJXlgzCAe9Eo,Eladia Blazquez,Serie De Oro,Adios Nonino,0.213,0.334,-11.623,0.0354,0.76,0.0,0.27,0.211,86.492,0.832174,0.356937,0.167931,0.917592,0.637902,0.794868,0.733978,0.192028
5PoaNLRYLL7rywHSPUOZs8,JJ Heller,"Big Love, Small Moments","Big Love, Small Moments",0.582,0.282,-9.229,0.0316,0.793,2.01e-06,0.0744,0.278,118.019,0.790744,0.599593,0.371249,0.925537,0.488977,0.737620,0.811210,0.480771
6LgkG3CQKp6qejNMpOatMj,LUDMILLA,Numanice (Ao vivo),Sintoma de Amor / Depois do Amor / Agenda - Ao vivo,0.502,0.68,-6.172,0.0347,0.754,0.0,0.0866,0.786,156.935,0.427801,0.824419,0.748702,0.435784,0.321716,0.725647,0.684247,0.650806
4tkLbJSCOYBXHQWmczlr0g,Guaco,Guaco Historico 2,De Vuelta a Tu Corazón (En Vivo),0.674,0.597,-10.695,0.0599,0.271,0.0,0.124,0.796,180.081,0.263741,0.819982,0.788606,0.109492,0.743076,0.269639,0.716991,0.905380
4QreTYtMfFghLIsYzHK2sj,Hans Zimmer;Orchestra,Hans Zimmer: Epic Scores,Main Theme [True Romance],0.669,0.487,-16.316,0.0954,0.941,0.965,0.704,0.293,96.412,0.857503,0.611574,0.323824,0.732246,0.642998,0.807550,0.922673,0.739184
3dxDj8pDPlIHCIrUPXuCeG,Darude,Before the Storm,Sandstorm,0.532,0.967,-7.977,0.0457,0.146,0.985,0.115,0.59,136.083,0.073252,0.888405,0.777081,0.226342,0.894702,0.093401,0.930311,0.814814
1BGDqvx0jOfSW1JCSDL9q1,Ferrugem,"Prazer, eu sou Ferrugem (Ao vivo)",O meu coração tem medo - Ao vivo,0.565,0.776,-6.91,0.0395,0.629,1.2e-06,0.975,0.722,79.935,0.580313,0.800433,0.908587,0.552933,0.426388,0.655453,0.301869,0.826217
1R1wQkLdV9YqZkw34gkFla,Vienna State Opera Chorus;Wiener Philharmoniker;Sir Georg Solti,Work From Home With Mozart,"Mozart: Requiem in D minor, K.626: Lacrimosa",0.18,0.0862,-22.366,0.0387,0.983,0.375,0.104,0.039,78.536,0.974481,0.142809,0.071366,0.963500,0.542086,0.786555,0.935152,0.109101
0V64VQHOOcwC60IMRrrXFa,The Cab,Symphony Soldier,Endlessly,0.505,0.86,-5.459,0.0975,0.0489,0.0,0.138,0.516,130.054,0.061190,0.757306,0.708718,0.199883,0.764069,0.144435,0.311448,0.754418
4HURIP867U6Bllu0fa4ypq,Etta James,Desayuno en calma,At Last,0.169,0.347,-8.785,0.0309,0.692,0.000432,0.337,0.256,176.118,0.734023,0.751106,0.154780,0.944816,0.612371,0.614824,0.517335,0.521263
16mWEFcsAMYo29nEx15kJK,Chris Janson,Country Christmas Time,It Is Christmas,0.289,0.424,-8.559,0.0329,0.826,3.02e-06,0.104,0.188,72.437,0.788403,0.545562,0.122985,0.936282,0.743925,0.647081,0.730723,0.303823
0Cf9QHPb1pUbA7Vwyw1vYk,Revolting Cocks,Big Sexy Land,38,0.528,0.972,-12.377,0.0325,0.000329,0.566,0.0771,0.273,141.132,0.084744,0.884745,0.874614,0.471952,0.924464,0.047006,0.733004,0.883885
3Wuplaz7OX7p17wjempzj9,Jolin Tsai,1019,我知道你很難過,0.492,0.369,-7.996,0.0367,0.849,0.0,0.14,0.159,125.813,0.795752,0.630187,0.294701,0.902305,0.644968,0.769231,0.805182,0.373624
6yiFgN69dgP7WvH3RMPRWv,Camel,Moonmadness,Spirit Of The Water,0.53,0.101,-21.43,0.0462,0.959,0.866,0.0804,0.159,113.772,0.893210,0.387152,0.184481,0.925735,0.472762,0.839937,0.978602,0.414795
5EYmQ7XgC5Fxsig2SgXP2G,Los Tecolines,Antología... Los Tecolines,Pena de amor,0.593,0.307,-11.239,0.0509,0.971,1.19e-06,0.125,0.544,101.033,0.895558,0.603834,0.384160,0.878019,0.281336,0.880267,0.769345,0.445992
6rLrVRpM8XY6UZAIl15JWV,Five Finger Death Punch,Got Your Six,I Apologize,0.505,0.929,-4.69,0.0529,0.00068,0.0,0.167,0.419,77.991,0.061388,0.909866,0.849724,0.323382,0.950135,0.107234,0.426728,0.715945
78fUyqhfdpL5aaD12QSGCi,I Prevail;Joyner Lucas,DOA [Feat. Joyner Lucas],DOA [Feat. Joyner Lucas],0.372,0.479,-8.218,0.0411,0.00173,0.00018,0.147,0.08,175.134,0.207626,0.834431,0.379803,0.900691,0.891209,0.137277,0.350277,0.558582
3wRBEsV5bfjV5uktXnODJr,Los Pericos,Ritual De Los Pericos,Me Late,0.814,0.662,-9.336,0.0618,0.032,0.0,0.367,0.527,91.976,0.224278,0.923023,0.834139,0.139393,0.861971,0.228934,0.501997,0.743198
3UIYKqvEWe4SoTqP3504ZJ,Celldweller,FiXT Presents: Sinister Sounds,Heart-Break,0.518,0.61,-6.141,0.0734,0.00158,0.8,0.111,0.0654,185.839,0.162737,0.847756,0.670758,0.691910,0.881817,0.148726,0.881263,0.892757
4M3PKOf5faCIbfvmgyRuTD,Revelators,Dark Places,Dark Places,0.489,0.941,-5.524,0.128,0.0516,1.65e-05,0.784,0.483,154.971,0.069789,0.929192,0.820202,0.220447,0.902896,0.090844,0.142515,0.897579
6V9O6DmoFe3dvQnqgCoIFa,AMONGST THE ASHES,The Fabricated Monolith,Säraghaz,0.376,0.684,-11.767,0.0521,0.589,0.951,0.172,0.229,144.769,0.463653,0.818152,0.381774,0.734633,0.769363,0.361955,0.926586,0.399718
35qIxtLXY4TGwAypGRkfGg,Miasmatic Necrosis,Apex Profane,Festering Carrion Transubstantiation,0.383,0.969,-4.961,0.181,2.05e-05,0.779,0.381,0.189,107.546,0.074689,0.759288,0.607214,0.545522,0.964642,0.064755,0.654939,0.722881
0aoLrSGxBZxtAiuK3J03qq,Kenny Larkin,Metaphor (Expanded Edition),Amethyst,0.534,0.358,-18.836,0.0417,0.459,0.77,0.112,0.346,134.041,0.674303,0.532658,0.643940,0.825049,0.684303,0.679114,0.955107,0.538158
5zGtItgkDE0pUB1WbSe3Po,Andrés Calamaro;Vicentico,Pañuelos al viento,Tuyo Siempre,0.706,0.525,-8.879,0.0298,0.682,9.34e-05,0.175,0.73,89.945,0.704883,0.714813,0.771467,0.447130,0.483823,0.735565,0.558662,0.688127
4q3biaQQoADspV16lbsfPH,Mokita,Lonely City,Lonely City,0.735,0.37,-12.581,0.0705,0.389,0.00163,0.106,0.305,112.015,0.581179,0.522230,0.563668,0.530380,0.432967,0.495507,0.653394,0.403451
3tjD7HzGQHro2XYQybZd0z,Laura Sullivan,Instrumental Pop Covers,Perfect,0.283,0.145,-21.454,0.0476,0.988,0.947,0.111,0.265,175.272,0.890261,0.445846,0.198797,0.975444,0.433360,0.858781,0.944082,0.400584
030Et3kzlh9pt6oFrUEVxE,Aonikenk,Sentir Metalero,Sentir Metalero,0.285,0.9,-4.513,0.0593,0.000389,2.28e-05,0.337,0.431,144.581,0.111174,0.893910,0.821560,0.287528,0.917332,0.189885,0.212863,0.886718
5YPMEOJ58kfl56VHxTgwx3,David Guetta,Nothing but the Beat (Ultimate Edition),Play Hard (feat. Ne-Yo & Akon),0.691,0.921,-1.702,0.0533,0.173,0.0,0.331,0.8,130.072,0.171876,0.934805,0.959640,0.063171,0.779878,0.307294,0.247160,0.886387
4BYVQZQizXAvMvAAk5Q757,Cengiz Kurtoğlu,Bizim Şarkımız,Benim Olsaydın,0.486,0.488,-11.453,0.0334,0.677,0.0,0.136,0.836,100.225,0.721019,0.632492,0.755115,0.410622,0.369330,0.651922,0.667585,0.553948
0eei3Q3RLKtA9HkvYCQC7t,Prateek Kuhad,Shehron Ke Raaz,Khone Do,0.514,0.123,-11.512,0.0379,0.851,0.0394,0.127,0.169,122.782,0.933205,0.330324,0.165773,0.940446,0.702708,0.814135,0.654793,0.287603
2pITUlljsFLfk3x3f2NMJJ,Rei Harakami;Ikuko Harada,暗やみの色 Colors of the Dark,sequence_01,0.327,0.164,-18.015,0.0407,0.857,0.925,0.0717,0.0331,147.135,0.864539,0.381461,0.075988,0.965033,0.696663,0.610214,0.962481,0.279485
3ACa8DImXMFWsa44oEUKr1,Hiroyuki Sawano,"""Attack on Titan"" Season 3 Original Soundtrack",Barricades - Movie Ver.,0.391,0.861,-5.002,0.0429,0.0275,0.0,0.136,0.454,105.058,0.104349,0.752945,0.814310,0.271104,0.853097,0.163834,0.547680,0.708952
6m0otqr0DQCay42RXYdpdD,Ivory;Mwuana;Canto,NIRVANA,VARANN,0.707,0.779,-5.741,0.168,0.401,0.0,0.125,0.58,130.0,0.111550,0.903328,0.665610,0.368023,0.799122,0.458501,0.433059,0.598150
4TTV7EcfroSLWzXRY6gLv6,Leslie Odom Jr.;Daveed Diggs;Okieriete Onaodowan;Lin-Manuel Miranda;Phillipa Soo;Christopher Jackson;Original Broadway Cast of Hamilton;Anthony Ramos,Hamilton (Original Broadway Cast Recording),Alexander Hamilton,0.609,0.435,-7.861,0.285,0.522,0.0,0.118,0.552,131.995,0.484355,0.766048,0.745516,0.717898,0.584721,0.636586,0.676000,0.668465
294Ud3P8EdcY2vzi0i1tYy,The Playtones,Dansbandskampen - Den kompletta boxen,Dagny,0.611,0.912,-2.087,0.0593,0.726,0.0,0.187,0.948,157.185,0.426670,0.890296,0.936488,0.161287,0.515248,0.518091,0.344464,0.936013
5nHh9RqmYCrMrb207sBzGE,Tjuvjakt,Musik är ju kul,London,0.795,0.819,-3.363,0.08,0.165,0.0,0.402,0.751,112.019,0.106759,0.911676,0.961486,0.110159,0.708818,0.443133,0.410778,0.919191
6wkSYibNvkulaL96eJGEyC,Almafuerte,Del Entorno,Presa Facil,0.353,0.73,-5.254,0.0441,0.00794,0.0,0.328,0.315,119.527,0.147390,0.885381,0.356946,0.362358,0.896009,0.069715,0.266591,0.781586
71x2VMu2qnMgeORgTZVqIT,Marko Hietala,Pyre of the Black Heart,Dead God's Son,0.496,0.637,-6.296,0.0247,0.00295,0.000964,0.12,0.364,90.001,0.337416,0.557938,0.618261,0.515414,0.821858,0.279789,0.332294,0.581108
2nGFzvICaeEWjIrBrL2RAx,Corinne Bailey Rae,Corinne Bailey Rae,Put Your Records On,0.739,0.511,-7.844,0.0362,0.167,1.34e-06,0.133,0.542,96.038,0.618578,0.567079,0.854276,0.281622,0.772077,0.509876,0.659097,0.559159
2g8Aw9v2IdLEYrGXQbMYtw,Deluxe,Moustache Gracias,Blue,0.743,0.347,-11.595,0.196,0.285,0.919,0.0799,0.393,85.019,0.708014,0.516684,0.658269,0.592900,0.769981,0.673592,0.958319,0.785221
73cWvVPgSYZU9B7nOjggoY,Roberto Goyeneche,Vivo y Chamuyando,Naranjo en Flor,0.371,0.426,-12.712,0.286,0.604,0.0,0.975,0.398,84.646,0.654281,0.291080,0.304890,0.670098,0.709470,0.622195,0.240444,0.633136
5xFWlwt0VB7m4ZhCNoEQTW,Die Toten Hosen,Alles aus Liebe: 40 Jahre Die Toten Hosen,Chaot (in mir),0.495,0.96,-3.116,0.0771,0.00128,0.0,0.19,0.686,162.004,0.050416,0.870196,0.840633,0.135629,0.869381,0.071982,0.295871,0.874910
3hTS0dFgLus7rechtNe8pP,David Guetta;Bebe Rexha,From The Ashes - New Beats,I'm Good (Blue),0.561,0.965,-3.673,0.0343,0.00383,7.07e-06,0.371,0.304,128.04,0.082476,0.925591,0.909182,0.348703,0.952963,0.065907,0.484240,0.930292
72wqLtMtkrB0qUw6jSqM0Z,BTS,Dynamite (NightTime Version),Dynamite,0.746,0.765,-4.41,0.0993,0.0112,0.0,0.0936,0.737,114.044,0.089342,0.930344,0.955136,0.111736,0.879530,0.300086,0.303778,0.922078
4UPlcGD9xQev7wUe4hen7H,Ludovico Einaudi;Ana & Sven,Experience,Experience,0.453,0.138,-17.702,0.0391,0.927,0.958,0.0786,0.0358,184.093,0.788889,0.589133,0.110436,0.976174,0.635335,0.651918,0.983164,0.404355
1vEQw6OHRWpLdMGn8GSqS6,Royal Concertgebouw Orchestra;Antal Doráti,Happy Christmas Instrumentals,"The Nutcracker, Op. 71, TH.14: Overture",0.456,0.129,-22.042,0.0427,0.964,0.926,0.0716,0.388,119.379,0.964959,0.508284,0.152303,0.932578,0.250409,0.823746,0.974909,0.501210
0q5kdv0O7Z1Y6lDcX28pny,Electric Slide DJ's,ELECTRIC SLIDE DANCE PARTY,Electric Slide - Dance Party Mix,0.671,0.91,-6.734,0.0319,0.000567,0.0,0.103,0.595,115.025,0.097699,0.920010,0.964134,0.110865,0.874341,0.173945,0.472357,0.788264
4X223FV319HTUPzIDfuZJF,Thiaguinho,"Infinito 2021, Vol.2",Pot-Pourri: Ainda Bem / Não Tem Hora Nem Lugar,0.383,0.562,-6.743,0.032,0.55,0.0,0.248,0.415,153.944,0.248268,0.793816,0.216259,0.508548,0.669990,0.552319,0.466878,0.629111
1ILi61AsfqMfUvxWpoJiuc,Lamb of God,Lamb of God,New Colossal Hate,0.383,0.995,-3.222,0.217,1.09e-05,0.735,0.306,0.15,199.954,0.058483,0.958772,0.557248,0.373313,0.960457,0.047674,0.581276,0.928528
01N2IF29PcgRWBqGtLjoha,Robert Hood,Funky Souls,Funky Souls,0.763,0.983,-6.796,0.111,0.00204,0.00104,0.893,0.64,125.142,0.045982,0.897393,0.950076,0.095988,0.953302,0.094391,0.146909,0.968153
72vGgw2I0BTKCpzmVWRok7,Massive Attack,Heligoland,Psyche,0.699,0.365,-15.236,0.0341,0.894,0.000498,0.0972,0.398,115.003,0.801004,0.789268,0.471319,0.721221,0.653240,0.792310,0.682141,0.453738
54zn5NDDEeKOVWov1RtXCK,Deepak Rathore Project,Tara,Tara,0.647,0.405,-11.187,0.0514,0.807,0.000555,0.206,0.288,163.992,0.770419,0.766403,0.374109,0.896531,0.844199,0.602286,0.783766,0.719429
25xnOBCX3wuq1rmYPYR87e,Ralphi Rosario;lego,"Afterhours Sessions, Vol. 3",Take Me Up - Lego's Dub,0.892,0.682,-6.243,0.0443,0.0355,0.142,0.0684,0.713,123.027,0.224404,0.932880,0.930826,0.098296,0.832047,0.272739,0.490211,0.960353
5TPQTz6By2HEIsw0De4yGg,Sujatha,Vellithira (Original Motion Picture Soundtrack),Kudamullakkadavil,0.662,0.51,-7.876,0.0319,0.49,0.000188,0.0857,0.585,90.018,0.484784,0.540192,0.723857,0.500679,0.793811,0.431586,0.770943,0.617204
3o2fYQjDBzXgdXHxmNJcQD,Mavado;Anju Blaxx,Feel Like,Feel Like,0.593,0.599,-8.253,0.308,0.0576,6.71e-06,0.277,0.598,114.078,0.217354,0.811947,0.754222,0.301071,0.785322,0.230766,0.247791,0.769841
7uCBGNn991AM68fR4tSDco,The Score,Carry On,Born For This,0.411,0.675,-6.251,0.0591,0.063,0.0,0.092,0.545,130.134,0.043515,0.769067,0.622706,0.415136,0.862176,0.292746,0.450409,0.742347
3A7r0LzUXp0pxWR4AfhLV5,Kevin Ceballo,Hoy Veré Su Gloria,Hoy Veré Su Gloria,0.363,0.833,-2.509,0.0528,0.395,0.0,0.0697,0.557,92.598,0.273948,0.824003,0.570998,0.442741,0.863326,0.183650,0.676209,0.487802
5B6DpblYjEi7Mp67XxqO3t,Kevin Bloody Wilson,35 Years of Kevin Bloody Wilson,Dickin's Cider,0.734,0.711,-6.285,0.114,0.637,0.0,0.146,0.711,99.969,0.560343,0.835035,0.851134,0.246772,0.651647,0.675523,0.494405,0.746811
0TN6bFEHBHEkbnDvUjsPsO,Fedde Le Grand;Vince Freeman,"Anímate, es viernes",Devils,0.694,0.813,-5.278,0.0376,0.0718,0.00147,0.123,0.233,121.988,0.152657,0.899544,0.693472,0.256869,0.874381,0.262013,0.557426,0.867746
4dUBeg6zboC0lTUS7TKXfs,Siouxsie and the Banshees,Halloween Hits,Spellbound,0.412,0.931,-6.348,0.0449,0.016,0.0,0.0772,0.295,148.813,0.208336,0.879541,0.633165,0.312099,0.904652,0.050532,0.438511,0.833948
3UsWDYhiwRueTSHjXIJt3M,Shawn Mendes;Camila Cabello,Tutti in piscina Canzoni per bambini,Señorita,0.759,0.54,-6.039,0.0287,0.037,0.0,0.0945,0.75,116.947,0.455628,0.692640,0.933298,0.303787,0.780780,0.424338,0.467410,0.667249
249e2fS064cOwvWXm4JU28,Big Up,Uni-Versos,Sinta,0.862,0.633,-8.216,0.0753,0.0076,0.000311,0.366,0.434,131.985,0.159860,0.807278,0.816838,0.249794,0.886825,0.108217,0.196733,0.853895
4CQIq3Qvdnm8f9TXXvFE0o,AKB48,AKB48 15th Anniversary Single PLAYLIST I,10年桜,0.426,0.974,-2.048,0.0729,0.0231,1.02e-05,0.0547,0.703,173.419,0.022835,0.950539,0.807395,0.083798,0.785674,0.140669,0.644300,0.929315
0EFiJqLTmLp0e9Qa1x2FTr,John Legend,Pop Christmas 2022,You Deserve It All,0.524,0.739,-6.681,0.0386,0.215,0.0,0.0636,0.48,83.095,0.266386,0.890932,0.696709,0.345077,0.896503,0.458272,0.589241,0.819597
271C04Vjb5GiKIH82SlHod,Fabrizio De André,On air 70's Hits,La Canzone Dell'Amore Perduto,0.168,0.378,-10.432,0.0386,0.891,0.0186,0.164,0.155,178.994,0.708520,0.555222,0.059947,0.965542,0.668974,0.717617,0.715519,0.430326
4a9i7rCLfPjbS1sNamZeQN,Godsmack,The Oracle (Deluxe Edition),Cryin' Like A Bitch!!,0.543,0.808,-5.484,0.0407,7.19e-05,0.00336,0.114,0.472,95.19,0.144242,0.876313,0.816439,0.284723,0.929059,0.122533,0.385835,0.787708
2fo7XZELsDVsvdDoqLc3lr,Andrew Gold,Anthems for Witches 2022,It Must Be Halloween,0.507,0.472,-12.911,0.0763,0.652,0.0,0.401,0.527,117.053,0.766576,0.687591,0.601555,0.624136,0.588251,0.563193,0.445348,0.384194
5r43qanLhUCdBj8HN3fa6B,OneRepublic,Sunshine,Sunshine,0.697,0.875,-4.621,0.034,0.137,0.0,0.28,0.774,140.069,0.034865,0.949854,0.925147,0.081820,0.801194,0.098692,0.310492,0.810480
4VRQ1j8EJOUs5RFqJoNI7r,Ray Price,Greatest Hits,My Shoes Keep Walking Back to You,0.4,0.536,-9.126,0.04,0.712,2.15e-06,0.237,0.722,121.14,0.754663,0.640330,0.657774,0.415888,0.365349,0.844640,0.571880,0.658796
4IiNzisjpu8nMqp9XOsu66,The Dead Milkmen,Death Rides A Pale Cow: The Ultimate Collection,Big Lizard,0.38,0.953,-6.399,0.123,0.00602,0.000862,0.117,0.677,187.714,0.025987,0.940880,0.884225,0.112645,0.893782,0.190098,0.174806,0.919824
2MvL8T3pPsXB6Cg5dyNZTJ,Freestylers;Tenor Fly,Weekend Song (feat. Tenor Fly),"Weekend Song (7"" Version)",0.853,0.594,-12.034,0.135,0.109,4.35e-06,0.156,0.717,109.911,0.212410,0.898105,0.946805,0.154962,0.763072,0.302446,0.550653,0.860894
04Q5xTS6JKv4zqTbTq92Fa,Onur Ormen;Nieko,Lose Yourself,Lose Yourself,0.554,0.872,-5.657,0.12,0.00836,0.542,0.243,0.429,170.007,0.028724,0.966493,0.886738,0.171873,0.824886,0.174846,0.680110,0.915370
4fs41pRF2wS47OWgCXP13U,Anton Ishutin,Deep house Mix 2022,Always,0.799,0.528,-8.162,0.0657,0.0824,0.877,0.113,0.336,119.004,0.144566,0.846274,0.776721,0.422617,0.884591,0.229603,0.932391,0.749810
6IhcoQkZW6JUB95mHWDt2W,Dört X Dört,Hayır,Arada Bir,0.472,0.815,-4.293,0.0343,0.00754,0.00217,0.115,0.323,140.027,0.093888,0.908692,0.643544,0.398146,0.945650,0.052210,0.387812,0.840280
4vpXjguMioKefak80ytICn,Jairo Vera,12:30,12:30,0.802,0.771,-3.058,0.0675,0.00799,0.004,0.0999,0.794,91.993,0.107580,0.818087,0.891684,0.134630,0.636932,0.299095,0.374893,0.838805
4NLhBI305BBR59kmQAGOfz,Hillsong Worship,let there be light.,Love So Great,0.428,0.757,-5.797,0.0342,0.00264,0.0,0.166,0.184,93.983,0.290538,0.720802,0.511561,0.505411,0.885339,0.128716,0.423419,0.777071
65KjitGykI5QIcsYrNhPZR,Ronghao Li,嗯,戒菸,0.656,0.471,-6.909,0.0294,0.73,1.79e-06,0.181,0.226,120.002,0.796738,0.695529,0.330504,0.866124,0.655406,0.480582,0.573293,0.590007
3RKtXovR95eJLBlDSqcpvP,Hermetica,Acido Argentino,Evitando el Ablande,0.328,0.908,-9.312,0.0622,2.43e-05,4.67e-05,0.3,0.403,147.312,0.061610,0.913239,0.711701,0.282519,0.848949,0.086998,0.398814,0.810932
1THcZqLZVT8roulEbFgqmy,Mortemia;Maja Shining,Here Comes Winter,Here Comes Winter,0.396,0.832,-4.95,0.0375,0.000475,0.0021,0.38,0.532,107.955,0.124913,0.935065,0.736251,0.117500,0.922418,0.125010,0.397594,0.694987
28c4nfBHdb3xviamRCEsIe,Dinosaur Jr.,Without a Sound,Feel the Pain,0.34,0.804,-8.355,0.0516,0.00331,0.0191,0.0727,0.854,131.5,0.106523,0.876680,0.923949,0.065458,0.882014,0.139699,0.452520,0.563266
72sBNlxNpyHyiTq0X1HMO6,creamy;untrusted;11:11 Music Group;kaii,Lovefool (8D Audio),Lovefool (8D Audio),0.728,0.149,-21.921,0.0468,0.801,0.872,0.0985,0.304,107.992,0.944658,0.327748,0.202012,0.798870,0.464519,0.901286,0.977344,0.339742
4KROoGIaPaR1pBHPnR3bwC,Nick Drake,Pink Moon,Pink Moon,0.642,0.427,-8.471,0.0402,0.871,0.0904,0.124,0.404,82.344,0.870547,0.513865,0.516716,0.834234,0.473071,0.780693,0.902961,0.368508
7dY9gGn93i4EoH7oUk2uP4,Ella Fitzgerald,Twisted Halloween Hits,"Bewitched, Bothered, And Bewildered - Stereo Version",0.422,0.108,-16.835,0.0376,0.971,0.0,0.101,0.263,71.872,0.949504,0.199257,0.124706,0.952153,0.484996,0.810605,0.744235,0.327791
0i8JFpqe9cKwnrcvoNgl1L,Skillet,Unleashed,Feel Invincible,0.603,0.886,-3.777,0.0837,0.00045,0.0,0.26,0.395,126.025,0.065599,0.908490,0.874068,0.278837,0.876784,0.079498,0.363561,0.646701
3mEkcvdowHbeNTfHnARhhu,AL-90,Murmansk-60,Black Sapphire,0.465,0.619,-10.947,0.0447,0.758,0.916,0.108,0.0544,113.984,0.521935,0.726721,0.273499,0.861516,0.850245,0.419429,0.970729,0.545745
3HqSKkoH7DqzfJYrBqvzSq,Justin Bieber,Pop Christmas 2022,Rockin' Around The Christmas Tree,0.464,0.642,-3.656,0.032,0.0189,0.0,0.0957,0.828,151.592,0.132016,0.858204,0.932136,0.114326,0.636124,0.270592,0.335698,0.825232
6huvp6CQZvt2xNVqAXWg9s,Da Problem Solvas,Every Woman Deserves 2 B Satisfied,The Same Thing (Running Out Of Lies Medley),0.811,0.369,-9.592,0.373,0.353,0.0,0.725,0.725,163.35,0.495488,0.747597,0.860910,0.430289,0.747259,0.579622,0.200791,0.855788
6eXFl418w8hsxKcLgv1jwJ,Diplo;Jonas Brothers,Diplo Presents Thomas Wesley Chapter 1: Snake Oil,Lonely (with Jonas Brothers),0.739,0.717,-5.123,0.0565,0.0611,0.0,0.206,0.529,98.047,0.237441,0.531660,0.802171,0.276675,0.877152,0.336715,0.299587,0.913051
2wQ411UQL2MRsdAgPRUstT,Vicetone,Walk Thru Fire,Walk Thru Fire,0.639,0.664,-4.926,0.0357,0.329,1.53e-06,0.382,0.351,116.028,0.249917,0.833984,0.589194,0.466187,0.790309,0.269665,0.471609,0.788661
5S0yacsFpFnsZH2Kh4r4Zu,Dion,Fiesta temática 60s,Somebody Nobody Wants,0.514,0.495,-6.806,0.0333,0.724,0.0,0.227,0.756,110.839,0.613553,0.773339,0.823522,0.654088,0.457966,0.785089,0.566935,0.646698
4KF7is87i7meHupBzeSWzU,DJ Ghost Floripa,Mega Funk Sento E Me Acabo,Mega Funk Sento E Me Acabo,0.844,0.899,-5.077,0.0843,0.011,0.0266,0.261,0.925,130.017,0.113728,0.963333,0.976312,0.025551,0.677343,0.385181,0.450906,0.920322
1b7E37BQouTJc7nf1HbIar,Subtact,Tunnel Vision,Tunnel Vision,0.532,0.886,-4.921,0.176,0.00111,0.511,0.303,0.544,163.036,0.058812,0.856013,0.673323,0.209739,0.902880,0.134759,0.643660,0.933880
5Xzw2ghybgC5cCwcwxPTVy,25th Annual Putnam County Spelling Bee Original Cast,25th Annual Putnam County Spelling Bee (Original Broadway Cast Recording),I'm Not That Smart - Reprise,0.497,0.185,-9.924,0.113,0.819,5.27e-05,0.128,0.517,199.422,0.805337,0.741552,0.363206,0.838086,0.433126,0.777656,0.738050,0.610360
2GY8VKvfP3ZtKSk1byDYb1,Nicholas Hooper,Harry Potter And The Order Of The Phoenix (Original Motion Picture Soundtrack),Dumbledore's Army,0.337,0.119,-21.437,0.0382,0.793,0.794,0.161,0.209,80.265,0.855774,0.285384,0.116623,0.899250,0.581756,0.863677,0.974320,0.316347
0fzGG9Lwf12cA81Rmqlmvd,Glass Animals,Top Trending Romania - Vara 2022,Heat Waves,0.761,0.525,-6.9,0.0944,0.44,6.7e-06,0.0921,0.531,80.87,0.614761,0.648730,0.860072,0.523669,0.826927,0.606862,0.555139,0.522514
2eu0yoZ76r72TjJv0DmWuN,林師傑,TVB無線電視劇情歌集,"小木偶的話 - (劇集 ""愛回家"" 插曲)",0.648,0.291,-9.373,0.0348,0.642,0.0,0.0986,0.338,72.059,0.907777,0.518268,0.691527,0.734411,0.705278,0.800494,0.620096,0.533833
6Y57xXG66eowb6BqZfbd0U,Los Prisioneros,La Voz de los '80 (Edición 30 Años),Latinoamérica Es un Pueblo al Sur de Estados Unidos,0.764,0.749,-7.412,0.132,0.13,0.0,0.264,0.912,101.515,0.144702,0.888670,0.955340,0.097641,0.646327,0.293912,0.429368,0.832891
1xjvIE3l0BACb24sF2TpPH,Sultan + Shepard,Assassin,Assassin,0.637,0.687,-8.63,0.041,0.0587,0.704,0.0917,0.0878,119.995,0.243955,0.833950,0.435195,0.622087,0.968638,0.199328,0.650818,0.737014
0gT8byqkK1ScRNgppCF0tI,Eikichi Yazawa,YAZAWA It's Just Rock'n Roll (50th Anniversary Remastered),ROCKIN' MY HEART - Remastered 2022,0.646,0.881,-7.635,0.0501,0.113,0.0,0.0948,0.885,136.621,0.092924,0.922867,0.975205,0.086491,0.660424,0.223144,0.334357,0.889226
2YUb9pLkzjFYUOcCUCuHwd,Joe Smooth,He'll Lift You Up (Double Mix),He'll Lift You Up (feat. Kookie Scott) [Joe Smooth Vocal Mix],0.763,0.736,-11.274,0.0346,0.00164,0.00379,0.309,0.729,125.989,0.207834,0.765375,0.932260,0.167818,0.811839,0.201892,0.282937,0.769009
0645TyHg8IT2EJEuv4N75b,(Hed) P.E.,Insomnia,Walk On By,0.597,0.946,-2.15,0.113,0.000312,0.0,0.942,0.494,103.945,0.029377,0.931078,0.817568,0.107704,0.917770,0.164140,0.100093,0.919152
3851T2MrkvNYavq1jnkq02,Vybz Kartel,Kingston Story (Deluxe Edition),Mi Remember,0.704,0.678,-5.829,0.0581,0.0161,0.000131,0.101,0.166,99.993,0.246678,0.789944,0.657611,0.334517,0.908747,0.263755,0.473654,0.845232
3C7nmDDHszTddjFpdPlBvw,Bryan Adams,Christmas Classics,Merry Christmas,0.683,0.511,-5.598,0.0279,0.406,0.000197,0.111,0.598,109.991,0.429127,0.830072,0.731511,0.358145,0.809085,0.394594,0.616343,0.697825
09OCRlqFVLKlstbNsSZljw,Sarah Connor,Weihnachtssongs,The Best Side Of Life,0.631,0.634,-5.202,0.0326,0.568,0.0,0.124,0.569,90.947,0.732419,0.768145,0.772799,0.404155,0.780682,0.557175,0.456180,0.879403
13SujS16XOFJx43loXNzZe,La Vela Puerca,Triste Hora,Va A Escampar,0.617,0.738,-5.103,0.029,0.0137,4.52e-05,0.154,0.342,123.993,0.113114,0.834215,0.617235,0.387766,0.868264,0.407829,0.466242,0.738729
7lb82F4jY2jH9996rMc8U9,Winds of Plague,The Great Stone War,The Great Stone War,0.276,0.976,-3.863,0.185,4.37e-05,0.589,0.581,0.137,130.074,0.033852,0.793737,0.634850,0.388286,0.981603,0.027779,0.546461,0.811860
4VH5oEJwf8avHv6m3H2mY4,Last Days Of Humanity,The Sound of Rancid Juices Sloshing around your Coffin,Necrotic Eruption,0.278,0.763,-17.654,0.064,3.03e-05,0.918,0.319,0.234,127.742,0.102281,0.809499,0.552634,0.580741,0.899297,0.173651,0.646892,0.745870
5E2iOjnZGDVjfGZygtISw9,Pol Granch;Leon Leiden,Platicamos,Platicamos,0.716,0.613,-4.247,0.0495,0.287,0.0,0.0944,0.698,109.938,0.434447,0.843369,0.938042,0.280071,0.766083,0.394321,0.522513,0.896758
3kVyirIHDFdw7A6IZ3VX7b,Greensky Bluegrass,All Access: Volume One,Dry County >,0.378,0.713,-8.111,0.0302,0.165,0.605,0.755,0.645,111.82,0.362371,0.634566,0.840976,0.538483,0.754434,0.189666,0.806594,0.786061
1Jujbj1ZkRrflbhsFpu3Th,Jurassic Shark,Overflow,Arrowhead,0.38,0.866,-8.542,0.0287,5.92e-05,0.29,0.152,0.963,99.269,0.119389,0.801652,0.958039,0.092066,0.776368,0.216486,0.452995,0.672247
5dva7BVCxokQMBpa6c3iBi,Titãs,Só as Melhores do Pop Rock Brasileiro,Família,0.558,0.683,-6.061,0.0807,0.0248,7.85e-05,0.062,0.624,79.508,0.202703,0.614411,0.851145,0.187285,0.890014,0.366350,0.583019,0.660709
703r0wMVb9hr4wZMN6FiKb,Bulldozer Project,Hardstyle Legends,Arise - The Beholder & Zany remix,0.641,0.92,-5.455,0.0616,0.203,0.271,0.0561,0.239,149.998,0.132256,0.900203,0.816910,0.411968,0.936365,0.123876,0.610495,0.829222
5PjdC2gMATetx5xdnwGUu7,girl in red,i wanna be your girlfriend,i wanna be your girlfriend,0.541,0.382,-14.323,0.035,0.0215,0.000836,0.304,0.343,155.901,0.261866,0.791941,0.598499,0.555400,0.764748,0.461042,0.469250,0.745193
7F4Zrd4rCDwm4AaVJ8tpCu,Blake Shelton,Christmas Time,Jingle Bell Rock,0.65,0.736,-5.222,0.0378,0.122,0.0,0.0998,0.595,129.941,0.284897,0.871081,0.922293,0.140457,0.591991,0.342045,0.376506,0.805225
76IijT19KtStPt9ij4nNk5,Multani,Old World Songs in a New World Order,Madira,0.542,0.575,-11.764,0.0808,0.129,0.687,0.272,0.0747,170.135,0.212629,0.810785,0.323578,0.810869,0.850169,0.159131,0.847036,0.855724
5s3IbIsHzyC81y7yfIO9N4,Najim Arshad,Kattappanayile Ritwik Roshan,Azhake Azhake - Version 1,0.709,0.612,-6.183,0.0279,0.00325,0.000424,0.14,0.934,125.037,0.129236,0.881361,0.969498,0.162735,0.593962,0.419341,0.345793,0.816560
6V6nBClHaXWDpLCOP1jqQD,MIKTEK,Elsewhere,False Dawn,0.579,0.177,-20.621,0.0293,0.511,0.741,0.0711,0.331,150.081,0.683917,0.592975,0.450614,0.684123,0.404186,0.643637,0.923612,0.540343
1797zYiX4cKosMH836X9Gt,Bad Bunny;Tony Dize,Un Verano Sin Ti,La Corriente,0.663,0.786,-3.51,0.195,0.229,0.0,0.219,0.579,196.12,0.049476,0.908018,0.822983,0.340417,0.699797,0.211982,0.414594,0.888267
3y8LURp2yO9vxB9Mrrsptd,Rigoberta Bandini,La Emperatriz,Canciones de Amor a Ti,0.681,0.756,-6.065,0.141,0.149,0.0176,0.102,0.676,144.878,0.234876,0.909887,0.929800,0.122086,0.696840,0.196284,0.466164,0.799554
0dSTbC1TcahlWOZV5C5OhI,Jethro Heston;Max Marshall,Cut Me Loose (Edit),Cut Me Loose - Edit,0.416,0.802,-4.221,0.0471,0.0225,0.0541,0.039,0.739,121.967,0.129522,0.801296,0.898874,0.126748,0.787571,0.197013,0.413991,0.749299
14JG4VbsqeLsFuDJlkybOT,Cradle Of Filth,From The Cradle To Enslave,From the Cradle to Enslave,0.342,0.926,-6.313,0.0939,3.96e-05,0.683,0.186,0.0972,147.313,0.061635,0.892380,0.527701,0.562876,0.977318,0.048203,0.741926,0.850791
5SldOuztcMLkVUP4EUvULx,Mark Knight;Armand Van Helden,Toolroom Amsterdam 2022,The Music Began To Play,0.738,0.936,-3.451,0.219,0.00151,0.707,0.617,0.27,127.022,0.070337,0.899890,0.882229,0.426256,0.956219,0.051504,0.373592,0.947962
4Tk0HMcMeINPixH9YfDixz,Bassnectar;Persia,Underground Communication,Bomb the Blocks,0.672,0.835,-6.983,0.187,0.0399,0.0499,0.413,0.545,94.995,0.098126,0.895586,0.878181,0.110174,0.903732,0.205426,0.237390,0.792941
4wIWWEhbdgKAxhR68eE0Ye,Arijit Singh;Chinmayi,Groove With Arijit Singh,"Mast Magan (From ""2 States"")",0.659,0.774,-7.014,0.0372,0.606,0.000333,0.185,0.883,82.995,0.410932,0.661266,0.885018,0.084154,0.737509,0.648998,0.304961,0.755108
0NkCTkOwdk3fKXGqFXZLkx,Feid;Dalex,Fiesta Reggaeton 2010s,Ron - Remix,0.764,0.685,-5.548,0.0599,0.27,0.0,0.318,0.925,82.027,0.310079,0.727675,0.946589,0.081491,0.642989,0.704346,0.498879,0.754581
22Iczcd4uYPtY8F9rkBIOM,Alex Campos,Regreso a Ti,Regreso a ti,0.57,0.746,-4.47,0.0266,0.158,0.0,0.421,0.328,89.986,0.310744,0.801058,0.737568,0.667033,0.882201,0.202190,0.298867,0.772947
5t9YU2mww4eiFCeTBy3EFU,KSHMR;Jeremy Oceans,One More Round (Free Fire Booyah Day Theme Song),One More Round (Free Fire Booyah Day Theme Song),0.472,0.88,-5.246,0.0926,0.00314,1.46e-05,0.1,0.43,125.026,0.168956,0.848398,0.877658,0.298510,0.882295,0.177077,0.313992,0.877238
1EKvufWHnlZbGZGMDg3NYR,Dhanush;Vivek - Mervin,"Chill Bro (From ""Pattas"")","Chill Bro (From ""Pattas"")",0.73,0.904,-4.223,0.247,0.18,0.000348,0.121,0.464,160.07,0.160536,0.927671,0.763578,0.185229,0.938940,0.137573,0.293918,0.929191
4d1xQOrbEwVoIn8XQi7L2W,Mairead Nesbitt,Raining Up,Trí Fhidilí,0.511,0.512,-10.478,0.0433,0.82,0.00756,0.055,0.823,104.493,0.546014,0.680183,0.751361,0.272626,0.265173,0.871455,0.868487,0.354249
5caHGZRYDiOASME1qukFDt,Jeff Allen,Three Word Vocabulary,Had a Dog,0.526,0.817,-18.447,0.932,0.702,0.0,0.904,0.0841,84.584,0.406811,0.406178,0.180710,0.903087,0.917230,0.397221,0.092923,0.818093
0Hijswm0F2WNL0vN5e4CyE,Rita Ora,Phoenix (Deluxe),Let You Love Me,0.521,0.861,-3.138,0.319,0.261,0.0,0.0682,0.473,191.618,0.097236,0.976592,0.745598,0.310054,0.853538,0.198100,0.275016,0.846273
1B5wlrJ6Q3hY8gojNXB1Tz,Bounty Killer;Konshens;Jonny Blaze,Gal Weather,Gal Weather,0.818,0.764,-4.155,0.232,0.203,0.0,0.0997,0.63,102.928,0.177094,0.924560,0.889048,0.129561,0.794445,0.290800,0.339833,0.726173
6aWiGv6hPG0o3ri7QHNs8t,Marshmello,Joytime,Find Me,0.557,0.889,-4.045,0.0499,0.00012,0.000225,0.325,0.173,142.015,0.074053,0.904876,0.624420,0.448436,0.955776,0.104601,0.160056,0.824880
2WlnVXhKc0zJoWqasr8ed2,Alone At Last,Sendiri vs Dunia,"Amarah, Senyum, dan Air Mata",0.472,0.762,-6.388,0.0469,0.00198,0.87,0.115,0.513,150.119,0.052417,0.848785,0.801801,0.334322,0.819821,0.147903,0.694026,0.826405
1n4NfEzv9woLBIsD6tVy3q,Mavado,Flammable,Flammable,0.689,0.77,-3.187,0.335,0.0974,0.0,0.067,0.443,131.167,0.232919,0.907998,0.701710,0.376691,0.916970,0.172852,0.266721,0.834857
2UYfrM2ulvxYroL2ZQjRVY,Venz;Thierry,QUANTO CASINO,QUANTO CASINO,0.684,0.559,-8.556,0.101,0.0182,4.05e-05,0.152,0.158,94.995,0.171329,0.814050,0.543936,0.534546,0.880576,0.242282,0.476560,0.836414
0lpTXkROtu5gqXw531717s,Os Paralamas Do Sucesso;Marisa Monte,Hey Na Na (Remastered),O Amor Não Sabe Esperar,0.657,0.515,-9.965,0.0811,0.0843,3.4e-06,0.164,0.667,168.306,0.137266,0.792278,0.828441,0.133763,0.746611,0.281064,0.505450,0.804513
3jDxMQEuQvVjCuTdvcD6qO,Afrocidade,Afrocidade na Pista,Eu Vou no Gueto,0.762,0.902,-4.341,0.0507,0.0256,3.93e-05,0.198,0.882,133.984,0.151980,0.926229,0.980443,0.068082,0.791087,0.147341,0.286119,0.761455
11lFSEnkj3810ojPLj53RO,Sandro Cavazza;Georgia Ku,Love To Lose,Love To Lose,0.601,0.741,-5.981,0.127,0.0467,0.0,0.244,0.71,195.943,0.056071,0.954195,0.890340,0.176661,0.654727,0.215299,0.391851,0.892189
0CTq56aaSkmSKShDuRMHRk,HKT48,092 (劇場盤),キスは待つしかないのでしょうか?,0.402,0.865,-2.887,0.0387,0.0314,1.37e-06,0.3,0.54,171.979,0.106549,0.873287,0.713939,0.269037,0.884100,0.286292,0.337741,0.868863
7n8o3jblAefGZvOKT4fAEU,Mc Delux;DJ TS;Dj Guuh,Ela Botou o Gps,Ela Botou o Gps,0.765,0.579,-2.191,0.0852,0.538,0.0,0.352,0.371,129.95,0.506416,0.868388,0.696451,0.743283,0.689552,0.405474,0.229196,0.843788
20HJlBRkHgsZEmCbbeq3OZ,KAROL G;Bad Bunny,Perreo Tenebroso Vol. 2,Ahora Me Llama,0.652,0.577,-5.273,0.0373,0.00947,4.02e-05,0.0905,0.123,135.009,0.137082,0.729292,0.577254,0.640173,0.930223,0.185954,0.476143,0.640634
54otdw8MmYNz2ewGHzmaTP,The Plot In You,FEEL NOTHING (RESET),FEEL NOTHING - RESET,0.34,0.887,-4.54,0.0898,0.00345,2.72e-06,0.0622,0.215,144.081,0.053787,0.918849,0.724458,0.495055,0.940517,0.137294,0.311768,0.889069
28PuptP3GRGgIM1Faz1fzL,DJ Snake;J Balvin;Ozuna;Nicky Jam;Natti Natasha;Darell;Sech,Perreo Tenebroso Vol. 4,Loco Contigo - REMIX,0.789,0.694,-5.781,0.0726,0.099,0.0,0.0962,0.549,96.032,0.201812,0.871920,0.831487,0.251184,0.778649,0.199496,0.470516,0.821423
1qBUwGdIdB7R0aSwNzzdqu,Catedral,Mais do Que Imaginei,Mais do que imaginei,0.574,0.484,-11.23,0.028,0.262,0.102,0.105,0.352,129.991,0.251295,0.667013,0.610779,0.572775,0.688121,0.195722,0.742954,0.762124
7J8V76XTLhJXAm8hwCQKXG,JPEGMAFIA,LP!,REBOUND!,0.783,0.874,-1.134,0.223,0.15,1.54e-06,0.187,0.671,141.339,0.027530,0.950150,0.942142,0.158698,0.802544,0.154608,0.179291,0.809621
2VOIhAAQ1l03SZaWCpqAuq,From Somewhere Quiet,Somewhere Else,August,0.226,0.101,-21.513,0.032,0.991,0.947,0.106,0.139,76.41,0.964702,0.113938,0.073872,0.965292,0.435659,0.926473,0.985120,0.253639
3fhpJdRlxGG8VIaZGFcnxu,Thiaguinho,Meu Nome É Thiago André (Ao Vivo),Retratos E Canções - Ao Vivo,0.495,0.72,-7.233,0.0467,0.522,2.03e-05,0.765,0.412,159.814,0.227930,0.907304,0.648139,0.497383,0.857105,0.287452,0.452138,0.837499
6iLzFJhs4ATwJn7P1utZIJ,Ramin Djawadi,Game of Thrones (Music from the HBO® Series - Season 6),Light of the Seven,0.273,0.102,-16.843,0.0494,0.903,0.721,0.268,0.0583,120.378,0.824345,0.411054,0.056084,0.962978,0.465047,0.787398,0.972414,0.315582
6pnwfWyaWjQiHCKTiZLItr,Pink Floyd,Wish You Were Here,Shine On You Crazy Diamond (Pts. 1-5),0.264,0.294,-11.941,0.028,0.772,0.686,0.107,0.0402,137.937,0.669432,0.566552,0.080616,0.900603,0.748674,0.582236,0.939190,0.473031
10aDiDITMu33TQNqVR35iM,Gravity,Hustle 2.0,Dukandaar,0.712,0.764,-7.024,0.357,0.325,0.0,0.0819,0.577,168.06,0.086445,0.792149,0.769645,0.464478,0.656847,0.164350,0.475879,0.812641
5BmajovUhJUrZf59h1BKqu,Los Chicanos,15 Éxitos de Oro,Puente de Piedra,0.628,0.274,-18.713,0.0385,0.627,1.09e-05,0.123,0.447,95.881,0.662516,0.468714,0.577854,0.629314,0.341820,0.716933,0.569906,0.305146
4PuvBMm0y4klls9NCg8lxl,HXE,Drop That MF,Drop That MF,0.947,0.193,-12.119,0.482,0.0181,0.368,0.111,0.135,129.985,0.518933,0.731839,0.436203,0.414982,0.784871,0.256300,0.759220,0.693565
41DpMNCxpIaSrNlNNLfsbG,Tony Matterhorn,PEPPERSPRAY RIDDIM,Fuck Off,0.813,0.912,-1.871,0.349,0.0713,0.0,0.0589,0.926,100.002,0.246051,0.880741,0.963619,0.045576,0.851807,0.252023,0.301389,0.900892
03XMXPAE2Yx6HeqCpAPL5o,Kid Koala,Baby Driver (Music from the Motion Picture),"""Was He Slow?"" - Music From The Motion Picture Baby Driver",0.754,0.719,-5.806,0.371,0.373,0.259,0.12,0.674,175.99,0.253677,0.923638,0.832119,0.381680,0.745166,0.490277,0.517710,0.849133
6WZgvrMyl5WHchJ2YBcEwH,Sean Finn;Amanda Wilson;Vol2Cat,"Naked House, Vol. 3",For Tonight - Vol2Cat Remix,0.747,0.728,-4.785,0.0521,0.0376,0.0173,0.0714,0.694,125.996,0.082594,0.809951,0.935280,0.082652,0.832765,0.389649,0.419144,0.716172
06H5BeXjWXqjslelYiLuB7,Germaine Franco,Encanto (Original Motion Picture Soundtrack),Abre Los Ojos,0.236,0.108,-16.376,0.0369,0.861,0.934,0.127,0.0631,119.983,0.915587,0.396493,0.056028,0.969120,0.599626,0.707460,0.975757,0.357086
48Sc2PxThBfqzxxjf8TsTL,OConnor,El Tiempo Es Tan Pequeño,Deseo,0.575,0.645,-4.929,0.0267,1.04e-05,0.0021,0.11,0.16,109.992,0.146391,0.726418,0.722708,0.435196,0.897216,0.189488,0.397280,0.440630
3UkOoXRAOEskENOyu2Kidk,Serhat Durmus,ME and U,Run Away,0.421,0.631,-7.784,0.057,0.174,0.0004,0.114,0.206,175.95,0.118867,0.861302,0.474145,0.697948,0.918614,0.202408,0.383052,0.716495
1sD75tgR7m4pMu4VDMcjxJ,SPITZ,CYCLE HIT 1991-1997 Spitz Complete Single Collection,スカーレット,0.579,0.694,-4.632,0.0324,0.593,0.373,0.07,0.514,116.835,0.633107,0.868608,0.686679,0.641545,0.831114,0.451550,0.840028,0.622034
6YQ7aPJhk0MGpwoKfFAEbS,CoComelon,"CoComelon Kids Hits, Vol. 1",Wheels on the Bus,0.941,0.387,-11.92,0.0427,0.184,2.88e-05,0.157,0.965,125.021,0.345060,0.791608,0.974395,0.121877,0.375227,0.612070,0.463293,0.762074
29KRWp49DyHI8a6PwvZpxw,Swedish House Mafia;John Martin,Autopilot,Don't You Worry Child - Radio Edit,0.609,0.83,-3.229,0.0552,0.117,0.0,0.18,0.478,128.986,0.146166,0.911387,0.836596,0.077966,0.896053,0.185100,0.507973,0.881239
3RZ4DHhFGtAGiV4aZEC5fe,Seikima-II,WORST,STAINLESS NIGHT,0.565,0.806,-10.836,0.0373,0.0326,2.91e-05,0.0678,0.571,131.939,0.143937,0.879799,0.856388,0.145772,0.903085,0.217733,0.480219,0.795571
6t6m2MhF3ucdmBiTZ29iL1,Will Ackerman,Meditations,Believing in Miracles,0.309,0.192,-15.125,0.0338,0.862,0.911,0.103,0.0702,127.395,0.934784,0.360819,0.086236,0.972017,0.678698,0.844786,0.972971,0.128591
1PhLYngBKbeDtdmDzCg3Pb,Metallica,Metallica,Sad But True,0.633,0.846,-6.347,0.0337,0.000819,0.00139,0.0762,0.448,89.23,0.116848,0.875922,0.907329,0.270418,0.892416,0.134773,0.518674,0.750401
7o9RE92xHlgmGpjA2o3DMT,Maire Brennan,Perfect Time,Perfect Time,0.18,0.273,-15.523,0.0361,0.847,3.09e-05,0.173,0.103,171.833,0.758638,0.512111,0.123837,0.973192,0.427215,0.436814,0.776400,0.345098
5hcVwEQy4sgFNWBr0MiEiv,Reatards,Teenage Hate / Fuck Elvis Here's the Reatards,When I Get Mad,0.194,0.98,-2.885,0.152,0.833,0.804,0.185,0.662,157.745,0.291224,0.939069,0.669910,0.617542,0.862889,0.332362,0.881526,0.814868
1ZCreSfHLOgtmC85t9nNsI,Chuck Berry,12 Days of Christmas 2022,Run Rudolph Run,0.647,0.876,-5.662,0.185,0.881,3.59e-05,0.26,0.949,151.925,0.347887,0.889410,0.946586,0.111835,0.424805,0.721639,0.593003,0.838566
3OtId2P71K4wGAAJk8QCIR,Royal Blood,Honeybrains,Honeybrains,0.523,0.8,-5.243,0.101,0.00537,0.0,0.398,0.604,125.886,0.091638,0.872583,0.928668,0.123804,0.849469,0.169373,0.284707,0.763139
2cmrWW2lEdV9Cg3kJK0V4h,División Minúscula,Laberintos,Laberintos,0.166,0.969,-5.107,0.07,0.00377,0.0,0.15,0.709,215.513,0.026647,0.911666,0.886720,0.128938,0.908590,0.097913,0.248711,0.897437
4KPOnAujsjHJA8rKW658kX,Extrawelt,Viaggi Astrali 2,Wasteland,0.793,0.853,-10.105,0.0562,0.0155,0.895,0.109,0.0372,128.009,0.118236,0.928458,0.811463,0.616615,0.945132,0.063480,0.802423,0.885280
73Lkj6zuRBzmUJVljC3lcV,Rodox,Rodox,De costas para o mar,0.469,0.961,-4.871,0.036,2.61e-05,0.000704,0.101,0.781,150.021,0.048945,0.942361,0.912966,0.039705,0.693090,0.261675,0.534492,0.830652
00NZcRjpixxnyUwltRhj7V,Ray Price,Golden Hits,Funny How Time Slips Away,0.551,0.259,-12.877,0.0326,0.785,0.0585,0.177,0.426,85.436,0.776526,0.357216,0.558306,0.859784,0.660606,0.839540,0.763904,0.405314
5LI5DHVYrtMKJQaedaUhTS,Broken Back,Shine,Shine,0.683,0.758,-7.29,0.163,0.284,0.0,0.312,0.686,95.956,0.196634,0.853777,0.828607,0.261110,0.709514,0.486495,0.447097,0.754946
6SdaB4qWrwFG5goKg3NbVj,BaianaSystem,Forasteiro,Forasteiro,0.685,0.732,-8.589,0.0322,0.00506,0.778,0.064,0.856,127.999,0.165828,0.892551,0.915032,0.074917,0.631662,0.272989,0.890831,0.809488
0EecqFzxsr3Fac4C0bDOsu,Johnny Laboriel;Los Rebeldes Del Rock,Homenaje a Johnny Laboriel Con los Rebeldes del Rock,Todo Ha Terminado,0.649,0.701,-5.223,0.0389,0.789,0.0,0.499,0.96,136.738,0.586405,0.879218,0.887918,0.188093,0.325669,0.663952,0.510878,0.906988
0HEJUJcpslqRcH4r7Oro0p,Karthik Rao;Shilpa Surroch,Cubicles (A TVF Original Series Soundtrack),Socha Na Tha,0.629,0.437,-11.567,0.143,0.755,0.000552,0.247,0.608,159.994,0.640075,0.815800,0.715066,0.696925,0.568337,0.660482,0.578044,0.743533
716eVtciaJCtTcaknS3QXr,Ben Platt,Imagine,imagine,0.542,0.412,-6.822,0.0411,0.0421,2.03e-06,0.0884,0.284,130.203,0.504391,0.764732,0.437281,0.513253,0.873632,0.109512,0.663170,0.444229
3otvs1xgZahX3z7RPfW0Qf,Immortal,Blizzard Beasts,Noctambulant,0.1,0.925,-7.157,0.0818,9.72e-06,0.708,0.0485,0.035,85.405,0.108242,0.817755,0.296112,0.701190,0.988342,0.098274,0.736357,0.533287
43z2LSP0180NFwr720P3xk,Elfrieda,Remembrance,Remembrance,0.459,0.101,-26.824,0.0417,0.977,0.866,0.098,0.241,76.974,0.960795,0.147181,0.168125,0.905414,0.415978,0.845049,0.970723,0.227459
2nYchL9d0SXuX2krMUSZOF,Matthew Morrison;Marissa Jaret Winokur;Corey Reynolds;Kerry Butler;Hairspray Ensemble,Hairspray (Original Broadway Cast Recording),Without Love,0.696,0.822,-6.05,0.255,0.641,0.0,0.289,0.524,97.927,0.355468,0.852321,0.787964,0.321921,0.813260,0.601716,0.482908,0.731914
4b5m9ozBsFjIhDbg0IRpbL,Ilaiyaraaja;Kamal Haasan,Nayagan (Original Motion Picture Soundtrack),Thenpandi Cheemayile,0.462,0.217,-11.436,0.0466,0.873,0.0,0.339,0.388,120.971,0.902696,0.397007,0.339456,0.919467,0.556786,0.775561,0.648976,0.369314
7KuYN3fAlt1JM689zzx3wJ,Christian Löffler;Fejká,Fjäll,Fjäll,0.611,0.697,-12.596,0.0347,0.164,0.935,0.0846,0.0388,123.037,0.252962,0.716942,0.297163,0.735375,0.914367,0.123047,0.891155,0.713162
4fHlhQmvYmBd4qjSVxKTN6,Mc IG;Mc Luki;Dj Luizinho MPC;Mc Charmosinho;Mc Neguin da BRC;MC Neguinho BDP,Chucro,Chucro,0.661,0.618,-4.349,0.42,0.265,0.0,0.15,0.791,113.506,0.366518,0.800794,0.879488,0.317888,0.540125,0.481514,0.219267,0.689056
2RVWKbMCQwaIAJS5FXNanZ,Paolo Nutini,Autumn Hits,Autumn,0.599,0.0854,-12.521,0.0414,0.978,7.99e-05,0.0858,0.323,111.954,0.952004,0.320020,0.174394,0.878370,0.486599,0.803633,0.872559,0.266452
4IcvQehCaRync2poO239V4,Nostalgique,"Hello, Beautiful",Nightcap,0.724,0.106,-9.999,0.0648,0.519,0.917,0.14,0.478,140.074,0.748549,0.798424,0.645050,0.863174,0.552275,0.728904,0.989652,0.680052
4ut5G4rgB1ClpMTMfjoIuy,Martin Garrix;Bonn,High On Life (feat. Bonn),High On Life (feat. Bonn),0.414,0.486,-6.431,0.0311,0.0129,0.0,0.111,0.368,128.038,0.267802,0.638890,0.680526,0.476828,0.839852,0.246588,0.311715,0.587390
28JVD0j9MIraxyvP7j60uy,Alexander Luchs,Piha,Piha,0.51,0.00885,-28.703,0.044,0.993,0.958,0.0917,0.405,106.89,0.966915,0.390429,0.220923,0.874163,0.147633,0.896512,0.990121,0.339086
0ksQrBGzUheik966Nbw3ap,Smartface;Alt Bloom,Like Nothing Happened,Like Nothing Happened,0.754,0.793,-5.003,0.0444,0.023,6.86e-05,0.265,0.783,102.022,0.122786,0.887617,0.975797,0.059118,0.772391,0.378946,0.326122,0.761808
43ZFdmuZgc9EOiDMGYHZ9W,Lawineboys,10 Jaar Lawinegevaar,Als We Gaan,0.618,0.96,-4.161,0.105,0.21,0.0,0.214,0.583,138.034,0.113240,0.945064,0.911674,0.185185,0.904548,0.287911,0.441091,0.911546
06jPOtcs4L8QpgJxixFiBT,Seven Lions;Jason Ross;Crystal Skies;Jonathan Mendelsohn,Foolish Of Me (feat. Jonathan Mendelsohn),Foolish Of Me (feat. Jonathan Mendelsohn),0.379,0.689,-5.455,0.0745,0.146,0.0,0.326,0.347,179.99,0.074856,0.940937,0.756584,0.367272,0.910956,0.178219,0.442808,0.698137
1xnsrpuHsb9cwGtMsfqzBc,Mike Williams;RYVM,Storylines,When The Sun Is Gone (feat. RYVM),0.606,0.929,-4.65,0.098,0.0284,0.0,0.147,0.339,127.998,0.256703,0.937358,0.810338,0.274506,0.913685,0.144891,0.322079,0.857817
30Blk5ivxogelO1rsp5tBg,Martin Solveig;Roy Woods,pov: it's 2020,Juliet & Romeo,0.711,0.722,-6.222,0.0334,0.0376,0.000151,0.0651,0.818,122.021,0.259756,0.909849,0.930440,0.107331,0.571976,0.286831,0.368201,0.850570
1PGGQx8BSuyd0fdPK3z05l,Bruno Mars,Slow Down Soul,Moonshine,0.706,0.782,-4.353,0.0278,0.21,4.86e-06,0.0813,0.418,104.983,0.161212,0.918432,0.751129,0.434695,0.784245,0.381116,0.285828,0.705626
3GVkPk8mqxz0itaAriG1L7,XXXTENTACION,17,Everybody Dies In Their Nightmares,0.734,0.57,-7.066,0.133,0.847,2.14e-05,0.112,0.689,129.953,0.657666,0.733347,0.613007,0.466861,0.343179,0.708486,0.268404,0.744902
1bNsvWmJGd4pdpahQhlK9T,KAROL G,Perreo Tenebroso Vol. 3,Bebesita,0.714,0.826,-3.897,0.0385,0.318,1.63e-05,0.216,0.742,91.997,0.364547,0.929623,0.878227,0.287213,0.727272,0.264417,0.571023,0.894728
2qKeUd9ZpfczM8WSWBVT9i,Amy Macdonald,Christmas Dinner 2022,This Christmas Day,0.248,0.572,-6.827,0.0429,0.278,0.0,0.139,0.228,205.458,0.224258,0.906592,0.343585,0.803410,0.871384,0.182745,0.620448,0.781962
79DvIaSQZlen3UTJrjNwut,KevGee,Sedated Tape,Hierba,0.469,0.35,-17.721,0.122,0.903,0.668,0.186,0.383,118.325,0.880463,0.704494,0.405173,0.804883,0.219733,0.695496,0.949549,0.776313
0RQSpMnJmoxRoDwRuvoams,Nature Sounds,Sleep Rain Sounds,Rain for Sleep,0.313,0.94,-19.328,0.047,0.00979,0.0,0.89,0.0357,93.692,0.146229,0.776414,0.428535,0.403781,0.952828,0.230766,0.189593,0.862648
4AQujgKKlS7R02rw3R3JYy,Desmod,Molekuly Zvuku,Chýbanie,0.562,0.514,-6.82,0.0264,0.0652,1.42e-05,0.104,0.215,76.114,0.486472,0.717781,0.579903,0.526672,0.876307,0.185493,0.244835,0.594687
0EhpEsp4L0oRGM0vmeaN5e,J Balvin;Dua Lipa;Bad Bunny;Tainy,UN DIA (ONE DAY) (Feat. Tainy),UN DIA (ONE DAY) (Feat. Tainy),0.571,0.693,-8.234,0.0545,0.00536,0.0,0.173,0.393,168.169,0.068473,0.851088,0.851339,0.273015,0.837416,0.101324,0.504238,0.890274
6ObaCfpCR75IgvTBsmclzL,Above & Beyond;Richard Bedford;Blastoyz,10 Years of Group Therapy (Part 2),Sun & Moon - Blastoyz Extended Mix,0.59,0.913,-3.507,0.0632,0.00323,0.452,0.381,0.0729,138.037,0.067334,0.866897,0.587486,0.661862,0.970383,0.052938,0.652186,0.891990
1JjQ0vNVatTsOYL6plWAo9,Jeff Foxworthy,We've Been Thinking,Facts of Life,0.581,0.879,-10.652,0.947,0.794,0.0,0.963,0.144,106.192,0.415485,0.906580,0.250850,0.761305,0.822454,0.596350,0.065634,0.946222
2mtHYlHTrxGxwR0xqy05Ks,Dwarves,The Dwarves Are Young and Good Looking,Unrepentant,0.178,0.987,-5.47,0.0827,0.00173,0.0,0.634,0.144,171.719,0.058273,0.924354,0.533061,0.727611,0.967110,0.040196,0.349257,0.777893
1U9LItWodvinz5iNRpOQdL,my little airport,散步之年,散步之年,0.666,0.383,-12.421,0.0327,0.388,0.334,0.091,0.459,115.012,0.527555,0.508138,0.533499,0.654722,0.571494,0.510481,0.808654,0.722566
5sTnepiKZelRpUmjAXNMVE,The Lawrence Arms,Cocktails & Dreams,Presenting: The Dancing Machine (The Robot With the Monkey Head),0.18,0.968,-5.698,0.117,0.000183,0.758,0.332,0.373,150.031,0.112408,0.857928,0.705443,0.164166,0.953289,0.099979,0.571359,0.829423
6CmuT4GB0mCTviUq2jB9Fe,Joy Division,Planet 80's,Atmosphere,0.616,0.387,-11.813,0.0314,0.227,0.514,0.116,0.435,120.03,0.566349,0.627013,0.571536,0.635893,0.323233,0.468050,0.884862,0.516291
7E5eZ1ZGeqtIPIXIU5NceV,Otaku,Ghibli Lofi,Marco and Gina,0.733,0.262,-16.316,0.0627,0.548,0.854,0.102,0.393,75.082,0.830042,0.565244,0.529634,0.797768,0.615539,0.657299,0.917095,0.334979
6O2Jt6XFudWsd01bkqRirR,Rodolfo Abrantes,O Dia Que Será Pra Sempre,Saudades de Casa,0.576,0.404,-6.702,0.0257,0.793,0.0,0.0893,0.335,155.946,0.698977,0.719962,0.550112,0.868266,0.728359,0.727822,0.878126,0.494579
4uZUh5lP2BXlG8xYwFrCS5,Kid Riz,Homie,Homie,0.705,0.533,-5.66,0.338,0.724,0.0,0.189,0.759,66.761,0.768770,0.488043,0.819493,0.436539,0.530564,0.812360,0.487019,0.798735
6zMPcgwV7bp0xgRQctwDku,Drowning Pool,Halloween Metal Nights,Mute,0.567,0.815,-4.668,0.0286,0.000277,0.104,0.0867,0.378,97.937,0.090792,0.659434,0.736434,0.198506,0.924818,0.175098,0.451813,0.789535
72SrSfTI6p9HCBuVKmCNu9,Bethel Music;Cory Asbury,Revival's In The Air (Live),Egypt - Live,0.328,0.845,-6.606,0.0407,0.000227,0.0,0.138,0.282,149.773,0.102162,0.868051,0.627086,0.454327,0.962179,0.065943,0.553438,0.659698
4xQSkKJrE9lkcg7z9im8YM,Georges Bizet;Choeur Les Elements;Orchestre National Du Capitole De Toulouse;Michel Plasson;Wolff,Bizet : Carmen,"Carmen, Act II: No.14 Sortie d'Escamillo",0.283,0.0409,-20.468,0.0412,0.969,0.319,0.101,0.26,122.183,0.913975,0.248549,0.088297,0.981662,0.555906,0.909784,0.942471,0.273688
7CtvStZdIOR3nRRbATB4Gd,Misfits,Happy Haunted Halloween Tunes,Halloween,0.382,0.937,-9.01,0.0758,0.0172,0.0,0.271,0.0957,108.729,0.120644,0.811641,0.560445,0.405948,0.935088,0.085777,0.276979,0.841758
3XLUxNgfikcE3psPGYwZiU,Exaltasamba,Livre Pra Voar,Eu Choro,0.448,0.528,-9.284,0.0316,0.592,0.0,0.235,0.675,150.19,0.458553,0.797255,0.567409,0.520903,0.650684,0.583868,0.487001,0.496083
5AMV02ipEOnPNyfEuIlpjX,Catnapp;Modeselektor,Break,The Mover,0.438,0.551,-8.006,0.0602,0.0201,0.126,0.0879,0.268,100.701,0.121737,0.763676,0.609795,0.366423,0.861738,0.173429,0.378057,0.590489
7fQetFrVVtVb2BBDroZeuW,Lisa Stansfield,Biography: The Greatest Hits,Time to Make You Mine - Edit,0.737,0.552,-10.095,0.0472,0.31,0.274,0.186,0.875,89.859,0.496935,0.723683,0.929383,0.156553,0.589446,0.620216,0.674254,0.583085
2pENQyWNP4Nzhn5iZMikLu,Leatherface,Mush,Not A Day Goes By,0.381,0.957,-10.95,0.0622,9.87e-05,0.39,0.287,0.385,149.085,0.057200,0.926133,0.761733,0.436822,0.795428,0.160092,0.419965,0.726712
3zQlPhRiCTQM6fe0lbTLtl,Disciples,Dance Dance Dance,On My Mind,0.745,0.845,-4.028,0.045,0.0826,3.31e-05,0.0577,0.783,122.053,0.117327,0.869235,0.930164,0.041316,0.735255,0.186397,0.349599,0.885091
2rAceFuljZvAbQpjMycIma,Bebe Neuwirth,Chicago The Musical (New Broadway Cast Recording (1997)),I Know a Girl,0.675,0.209,-15.915,0.143,0.837,0.0,0.156,0.695,131.721,0.934031,0.617924,0.659635,0.559002,0.366085,0.808962,0.869518,0.463069
6smGq5HbPXzpySii2L9xTt,Monolake,Silence,Avalanche,0.376,0.512,-16.044,0.049,0.0525,0.82,0.12,0.304,105.754,0.408395,0.466195,0.598651,0.427760,0.793289,0.158464,0.938171,0.418738
6CMF35Wo3xRxGTLDMjvxlY,M-22,Need You There,Need You There,0.651,0.76,-5.949,0.0446,0.0273,0.000538,0.315,0.137,122.969,0.164739,0.838060,0.672461,0.473401,0.936495,0.134855,0.414360,0.775643
2t4EzKLHKz7EkuC22tQJ6X,Randy Newman,"Monsters, Inc. (Original Motion Picture Soundtrack)",Boo Is A Cube,0.341,0.118,-14.101,0.0394,0.829,0.669,0.0678,0.115,109.815,0.919315,0.325760,0.062061,0.955560,0.604269,0.834953,0.958676,0.273326
0K7u9s0WKPh3gGS5YdtJWd,Misanthropix,Boostergangs,Boostergangs,0.551,0.838,-6.231,0.105,0.000431,0.242,0.155,0.353,95.036,0.199198,0.834516,0.691303,0.471791,0.904812,0.174745,0.532670,0.470348
7AOlhO09yFC6WvbPSj2qv1,Frankie Valli & The Four Seasons,Holly Jolly Christmas,I Saw Mommy Kissing Santa Claus,0.629,0.56,-11.455,0.0523,0.595,0.0,0.182,0.88,118.895,0.579759,0.792250,0.810656,0.142158,0.429393,0.645432,0.502956,0.757728
2QHkMyf71kpkTiYYsp8qYO,Ghost,Rock & Halloween,Spillways,0.575,0.868,-5.004,0.0319,0.000207,0.00294,0.0584,0.804,128.069,0.039582,0.824159,0.951750,0.194404,0.786119,0.187146,0.561397,0.797578
0KbIwqCAHmXWu7hrszXY6j,Warren G;Nate Dogg;The Game,Party We Will Throw Now! - Single,Party We Will Throw Now!,0.934,0.562,-4.609,0.24,0.0476,1.31e-06,0.0608,0.712,96.792,0.195604,0.955662,0.901175,0.176408,0.859117,0.385215,0.467589,0.764234
0C78apJHxuIr85eGKiXBgd,Nihal Sadiq;Ribin Richard;Geo Paul,Kollappedum (Remix Version),Kollappedum - Geo Paul Remix,0.563,0.848,-7.032,0.0797,0.0111,0.133,0.0761,0.505,171.946,0.089826,0.889392,0.671390,0.280205,0.727644,0.075648,0.509700,0.822814
0ugn8sibwvyf3HiIxL4yU3,Christopher Zondaflex Tyler,Candy Corn,Candy Corn,0.937,0.348,-15.618,0.249,0.152,0.0,0.192,0.664,96.986,0.491807,0.834417,0.924326,0.166556,0.537319,0.415101,0.456134,0.650211
0WQ0n6T8Kyp8yl92qkk2lN,Biu do Piseiro,Biu do Piseiro,Surtada,0.764,0.821,-7.634,0.0448,0.451,4.15e-05,0.174,0.824,172.998,0.201476,0.956963,0.936510,0.119883,0.674000,0.399989,0.684499,0.933446
3BfLcQOyP6ovmQFTYfhIx4,Oliver Huntemann,Nordpol / Südpol,Nordpol,0.778,0.864,-9.741,0.0413,0.00724,0.895,0.0952,0.0275,126.008,0.042041,0.888189,0.667903,0.507465,0.971931,0.045366,0.856983,0.728211
3QFOdlIjY2EyjLij20OjdB,Shenseea,Foreplay,Foreplay,0.699,0.645,-4.591,0.206,0.454,0.0,0.135,0.517,173.836,0.287782,0.825721,0.624182,0.439441,0.660044,0.328388,0.549868,0.690051
5iMK2hfRXGrf9FLhe3fxHY,Prince Daddy & the Hyena,Cosmic Thrill Seekers,Lauren (Track 2),0.476,0.96,-3.933,0.0936,0.00552,0.0,0.203,0.407,111.876,0.124221,0.865068,0.792196,0.217361,0.920647,0.108383,0.230202,0.846292
2EnKi5eBgF5Bq2K88QR1wR,Jorge Falcón,Mis 30 Mejores Tangos,Volvió Una Noche,0.383,0.518,-9.199,0.0434,0.818,0.0,0.0723,0.408,107.994,0.724349,0.740543,0.603289,0.876220,0.636760,0.646403,0.706334,0.595305
2YPTVl6YYkjN3iE4WLvx3t,Novelbright,SKYWALK,Count on me,0.326,0.951,-0.874,0.0676,0.0225,0.0,0.46,0.599,169.825,0.065810,0.952632,0.832583,0.138867,0.892781,0.074588,0.395986,0.881101
59z0L6S0GDNCiliSk3yiX0,Clara Mae,Sorry For Writing All The Songs About You,Us,0.573,0.584,-6.574,0.047,0.315,1.19e-06,0.109,0.0805,114.841,0.336098,0.729680,0.424719,0.801120,0.963716,0.180767,0.727347,0.739859
7fZIj56tPuvMTTVZFDe8an,Ola & The Janglers,Lime Light,Alex Is The Man,0.541,0.775,-8.183,0.0398,0.0967,0.0,0.32,0.927,99.624,0.194489,0.735144,0.957908,0.186319,0.589682,0.501560,0.428781,0.643540
5qGoXQuQTGrslI5e3zhcBP,"Original (German) Cast of ""Tanz Der Vampire""",Tanz Der Vampire,Nie geseh'n,0.275,0.305,-11.508,0.0305,0.823,2.43e-05,0.195,0.182,98.434,0.758932,0.382184,0.083082,0.884927,0.639642,0.774445,0.809853,0.510600
0sHdUji2tWxiRDfShSWHUN,Pearl Jam,Pearl Jam,Come Back,0.296,0.563,-5.58,0.029,0.0936,5.93e-05,0.116,0.267,167.412,0.130689,0.764985,0.709071,0.676040,0.906400,0.080793,0.538335,0.672441
7HhGlOY35npbHi4RxiT4WQ,Tove Lo,10's Music Grandi Successi,Habits (Stay High),0.688,0.719,-3.402,0.0354,0.0415,5.63e-05,0.0921,0.406,110.014,0.191915,0.875930,0.833743,0.224248,0.722957,0.210597,0.426335,0.765887
31Z75ehoSqIwC1bsRESbKM,Lund,Fiction,Fiction,0.752,0.481,-9.203,0.044,0.419,3.11e-05,0.366,0.393,135.671,0.587124,0.653578,0.458783,0.669812,0.755994,0.333960,0.598906,0.852502
3YCHot03twqlDyjvLxZnzk,Nogizaka46,ガールズルール TypeC,他の星から,0.585,0.91,-4.351,0.0358,0.0169,7.1e-06,0.283,0.794,130.986,0.046665,0.915835,0.910554,0.029985,0.799494,0.088457,0.495789,0.820198
4jgf64qE9glFPlDbi06w1I,Armando Filho,Nenhuma Condenação,Nenhuma condenação há,0.595,0.545,-6.144,0.027,0.53,0.0,0.229,0.215,105.103,0.414198,0.684562,0.380398,0.827773,0.837875,0.435887,0.647770,0.778112
1KhTBiBO4FcN6V765Nalwe,Kevin Bloody Wilson,35 Years of Kevin Bloody Wilson,The Featherbrain Championship,0.768,0.762,-6.001,0.157,0.432,0.0,0.182,0.883,125.069,0.455634,0.896758,0.913609,0.187465,0.624119,0.504265,0.412981,0.899192
5DWEL5TPHgaLaUUh26K1Wc,Vismay Patel,Main Toh Chala,Main Toh Chala,0.596,0.259,-12.273,0.11,0.626,2.42e-05,0.053,0.438,94.736,0.824211,0.509685,0.277949,0.743001,0.459401,0.697092,0.600091,0.361408
10dLRZ7GCIXEuUuONkNcxI,Champagne Drip;Crystalline,Starman,Kaleidoscope (Feat. Crystalline),0.613,0.685,-6.054,0.0408,0.00701,0.00543,0.0907,0.122,127.991,0.154923,0.804255,0.649860,0.385321,0.916242,0.090879,0.331196,0.738619
60GTOisUSdUksjMzq17XvO,for KING & COUNTRY,What Are We Waiting For?,Love Me Like I Am,0.492,0.429,-8.126,0.0392,0.0368,0.000164,0.0887,0.0981,159.746,0.276444,0.753624,0.549454,0.696641,0.948235,0.156239,0.702174,0.246407
0I75DOENhkPTBpavd8VJgW,Feid,Noche de Halloween Latino,Normal,0.709,0.56,-4.867,0.171,0.034,0.0,0.315,0.541,170.082,0.130311,0.947975,0.947852,0.268851,0.761657,0.282960,0.344383,0.760876
0IzROemMokdZ5EuyCoYFlg,Edgar Joel,Edgar Joel,Me Atrapa La Noche,0.681,0.825,-8.039,0.0311,0.551,1.27e-06,0.18,0.817,88.213,0.500383,0.845419,0.910499,0.230517,0.697512,0.703121,0.488677,0.760566
1XlpaijGmAY0pWe16oucrC,J Balvin;Pitbull;Camila Cabello,Hey Ma (with J Balvin & Pitbull feat. Camila Cabello),Hey Ma (with J Balvin & Pitbull feat. Camila Cabello),0.713,0.952,-2.959,0.108,0.0203,2.51e-06,0.117,0.571,105.981,0.214205,0.962189,0.916786,0.102308,0.928550,0.221648,0.300027,0.855203
0IZ9xWWToQTBFjvCbyf4nv,Floyd Cramer,What A Beautiful Day,You Win Again,0.509,0.217,-13.977,0.0271,0.895,0.555,0.285,0.479,84.532,0.936439,0.396853,0.372324,0.700845,0.461687,0.872284,0.899008,0.157073
4Gkd4msFAFTiDxFZcg9r8i,Bonobo,Days To Come,Ketto,0.635,0.784,-7.718,0.0312,0.337,0.917,0.152,0.31,95.011,0.391295,0.749499,0.785285,0.407783,0.906171,0.356620,0.927418,0.724645
034QFxadzhSnGsrStsQaKB,Snoh Aalegra,Best R&B Tunes,SAVE YOURSELF,0.538,0.307,-11.856,0.0695,0.821,0.000374,0.0996,0.295,119.598,0.838294,0.518971,0.219555,0.930445,0.645148,0.778532,0.766310,0.473961
5NuS3ktpMOyhfO8CrUqQhB,Worakls,Toi / Cerisier blanc,Toi,0.81,0.555,-9.895,0.0482,0.00851,0.919,0.0626,0.0916,126.012,0.242089,0.800777,0.638723,0.495607,0.930063,0.171934,0.957682,0.677515
0IVAlb0cFCH1cQ974iR1TU,Mos Def,Black On Both Sides,Ms. Fat Booty,0.782,0.589,-4.827,0.189,0.148,0.0,0.164,0.869,90.438,0.316163,0.842931,0.958326,0.294335,0.645878,0.433499,0.478087,0.620715
5xwYLXOvJZsLqkKa8d2job,Natalie Holt,Loki: Vol. 1 (Episodes 1-3) [Original Soundtrack],Catch Up,0.308,0.478,-10.344,0.0323,0.445,0.307,0.257,0.0637,100.452,0.556848,0.475351,0.195081,0.748963,0.833829,0.325798,0.605035,0.558183
71J4vM6OnOl9Bs99CaS2dq,Dani Fernández,Entre las dudas y el azar,Dile a los demás,0.743,0.895,-4.617,0.0357,0.00615,1.83e-06,0.0551,0.945,139.953,0.119175,0.898904,0.968269,0.021664,0.663253,0.227881,0.266966,0.910121
6AjuU68Z5I6zzG03bs2MS2,Burna Boy;Ed Sheeran,Daily Pop Mix,For My Hand,0.87,0.479,-7.779,0.165,0.161,0.000157,0.209,0.717,104.059,0.232734,0.850657,0.894611,0.271240,0.770774,0.454249,0.374076,0.696421
2XWx3cUPgju22NUCbv5e1X,Jungle Fire,Tropicoso,Village Hustle,0.785,0.874,-8.122,0.0485,0.0782,0.816,0.0728,0.962,120.102,0.062569,0.837322,0.969363,0.039235,0.677739,0.305008,0.890092,0.904332
6jsDhixAjBtkNcv9KFYaYl,Seafret,Most of Us Are Strangers,Loving You,0.565,0.469,-6.763,0.0281,0.764,5.69e-06,0.0878,0.0873,129.985,0.665521,0.560220,0.125876,0.848016,0.579903,0.390544,0.725990,0.785791
79zdU4X4ec0HuOtZbxRqSA,Jody Chiang,白色的夢,出外的媽媽,0.598,0.439,-9.53,0.0332,0.519,0.0,0.2,0.368,93.581,0.654870,0.691266,0.557527,0.713163,0.480919,0.757692,0.618673,0.613145
7CHuc0KVjrKeKbEHWErN5F,Franz Schubert;Harriet Krijgh;Magda Amara,The Best Classical Playlist,"Am Tage aller Seelen, D. 343, ‘Litanei auf das Fest aller Seelen’",0.169,0.0413,-27.419,0.0474,0.994,0.958,0.12,0.0431,90.832,0.972448,0.134829,0.077117,0.988366,0.381910,0.906912,0.976311,0.125362
1fbHsIsgVoZsltBtQhSgvc,Ata Ebtekar,Persian Electronic Music Yesterday And Today1966-2006,Nashid,0.107,0.936,-6.521,0.274,0.327,0.0447,0.493,0.204,69.785,0.224604,0.657815,0.210106,0.837469,0.900013,0.307322,0.238346,0.770281
2P7eZg6ZLQudgjVirl6c3F,The Meatmen,Savage Sagas,I'm Gonna Fuck You Up,0.45,0.973,-6.256,0.0701,0.00532,0.0,0.0804,0.792,91.56,0.118286,0.825835,0.912704,0.117819,0.713157,0.092808,0.359680,0.848273
2iNLQA0yVkF3aA1Y4vZ4Oc,Greeicy;Mariah Angeliq;Darell;Andrés Torres;Mauricio Renfigo,Halloween 2022 Perreo Vol. 4,Aguardiente - Remix,0.744,0.885,-3.533,0.105,0.0162,0.000543,0.338,0.881,160.04,0.067429,0.953430,0.978946,0.066249,0.898507,0.254933,0.388161,0.933512
7jTtfStRxwP2fZELVR9Ssk,Gwen Verdon,Damn Yankees (Original Broadway Cast Recording),"A Little Brains, A Little Talent",0.607,0.116,-15.649,0.0825,0.905,0.0,0.526,0.722,144.517,0.875459,0.615756,0.603046,0.689512,0.234777,0.939003,0.833764,0.540556
7s1KiBsH0lCggKO52Qir6X,Chris Jedi;Joey Montana,Del gusto de hermanos,Dale Hasta Abajo,0.686,0.915,-2.756,0.0449,0.079,0.000275,0.107,0.743,100.003,0.068192,0.886598,0.910583,0.176442,0.697164,0.281220,0.369785,0.901003
4R2kmU6XEfwkaLjrEIIerU,Divya Kumar,Dsp Musical Hits,"Raavana (From ""Jai Lava Kusa"")",0.597,0.892,-5.121,0.0492,0.145,9.24e-05,0.118,0.634,80.009,0.148169,0.864060,0.906144,0.383687,0.875345,0.283447,0.331866,0.775401
2KZco8cIC4A2jD3kkP6cAO,Il Volo;Plácido Domingo,We Are Love,Il Canto,0.254,0.459,-7.836,0.0343,0.896,0.00709,0.106,0.138,128.237,0.836023,0.555003,0.170894,0.922434,0.728975,0.507919,0.726312,0.381932
31dqixouAnInvFeOdK2VOM,Stam1na,Novus Ordo Mundi,Sirkkeli,0.439,0.975,-5.787,0.0732,5.77e-06,0.0126,0.379,0.124,106.071,0.056744,0.771397,0.606493,0.457409,0.901823,0.053206,0.260821,0.872581
12ZpSrEsrNSfT29sXLddXC,Alfredo De Angelis;Carlos Dante;Orquesta de Alfredo De Angelis,Los 25 Mejores Tangos,Que Nadie Sepa Mi Sufrir,0.445,0.533,-7.736,0.0443,0.974,0.00411,0.201,0.769,100.948,0.834323,0.461439,0.582958,0.441401,0.262310,0.782894,0.656295,0.549281
1JO1xLtVc8mWhIoE3YaCL0,The Turtles,Happy Together,Happy Together,0.584,0.367,-9.638,0.0328,0.55,1.38e-05,0.0818,0.588,120.175,0.509083,0.632168,0.653244,0.608375,0.578431,0.485740,0.611182,0.597224
1GKkkhwzNDJb9L6ZpXBBGe,Xzibit,Restless,Best of Things,0.896,0.59,-3.644,0.208,0.0869,0.0,0.677,0.894,93.947,0.215652,0.823790,0.952976,0.050248,0.519827,0.533514,0.220334,0.881581
4bYXigPIj8cZ11Nmu4iVEU,Toddler Tunes,Songs for Kids: Classic Children's Music,Mary Had a Little Lamb,0.859,0.439,-7.152,0.0351,0.261,0.0,0.103,0.961,80.006,0.333002,0.785600,0.907681,0.105754,0.579072,0.746016,0.618834,0.717648
62vDrkBEyJYEOFj1ScBqM7,Becky G;Natti Natasha,MALA SANTA,Sin Pijama,0.788,0.745,-4.417,0.0448,0.352,4.56e-05,0.0973,0.79,94.002,0.413293,0.866459,0.893094,0.177026,0.643262,0.566042,0.546225,0.793242
0rbbxIeycN5WGoYWryIlWx,Dillon Francis;DJ Snake,Get Low,Get Low,0.674,0.936,-4.477,0.0832,0.0302,0.661,0.556,0.75,101.035,0.169466,0.921713,0.958160,0.134924,0.890600,0.239854,0.379735,0.865128
2iYOGj0lCH9yWOlVNmh4Xu,Norah Jones,Christmas 2022,Christmas Don't Be Late,0.464,0.356,-6.953,0.03,0.708,7.76e-05,0.108,0.265,66.377,0.933937,0.650180,0.163434,0.830109,0.718540,0.788558,0.713309,0.396266
7gF611irT26CBRN7JOTRAU,Counting Crows;Vanessa Carlton,Mirando las nubes,Big Yellow Taxi,0.674,0.867,-4.329,0.0462,0.00199,0.0,0.206,0.821,88.04,0.221455,0.868184,0.962436,0.109121,0.702998,0.213534,0.370491,0.868626
09CtPGIpYB4BrO8qb1RGsF,Justin Bieber,Purpose (Deluxe),Sorry,0.654,0.76,-3.669,0.045,0.0797,0.0,0.299,0.41,99.945,0.180454,0.870422,0.836195,0.184259,0.800926,0.177751,0.364270,0.772758
4H6S5R1fmHD3dxZxtumCWv,Pantha Du Prince,Black Noise,Satellite Snyper,0.771,0.469,-14.453,0.0471,0.00122,0.867,0.0659,0.164,124.005,0.241995,0.616902,0.502085,0.449046,0.944416,0.203343,0.906850,0.603942
0aWJ9ou23XRDm3THyhrHGC,Preto no Branco;Salomão;Pedro Vuks;Eli Soares,Preto no Branco (Ao Vivo),"Baseado em Quê (feat. Salomão, Pedro Vuks & Eli Soares) - Ao Vivo",0.699,0.785,-7.015,0.0599,0.645,0.0,0.844,0.496,102.842,0.360581,0.878400,0.832839,0.542836,0.810065,0.479002,0.229150,0.891955
19gWKISRrdEpywKRkZHphI,Armaan Malik;Sam C.S.;Manoj Muntashir,Vikram Vedha,Yaara,0.22,0.433,-9.075,0.0323,0.715,2.88e-06,0.129,0.22,80.004,0.705768,0.521915,0.188690,0.881249,0.829458,0.750068,0.779374,0.339579
4Uhty1kvytzqhwoLO2CVoi,Tristam;Braken,Flight,Flight,0.433,0.758,-5.736,0.662,0.0409,2.64e-05,0.102,0.22,87.402,0.209223,0.794096,0.567693,0.342722,0.956220,0.206941,0.284125,0.730865
4yKFAIgwISeVWcNnatlxx3,Tři Sestry,Sex drógy rokenról,Já jsem Aleš,0.503,0.874,-5.0,0.0406,0.055,0.0,0.256,0.524,137.989,0.081344,0.865542,0.855045,0.276767,0.901759,0.129885,0.206345,0.716684
30QD4VRP9yEneOh0eGTrtJ,Billie Holiday,Solitude,Solitude,0.462,0.15,-13.531,0.0522,0.984,0.000902,0.105,0.19,98.66,0.911333,0.516740,0.153126,0.954992,0.653905,0.815485,0.882459,0.305259
2HXWW3EM1SkQGMI2XvAZLW,Armin van Buuren,Clap,Clap,0.646,0.971,-3.417,0.135,0.00776,0.588,0.411,0.122,130.218,0.035564,0.920912,0.732356,0.392078,0.963580,0.048399,0.577491,0.918866
7skyROG3OyzkpkrYTQOWf3,Juan D'Arienzo,Orquesta Juan D' Arienzo - La cumparsita,La tablada,0.741,0.278,-11.485,0.0538,0.66,0.775,0.0603,0.799,132.138,0.764299,0.816832,0.774291,0.606539,0.216921,0.774737,0.981915,0.499150
4PWYENuSdnsNkZdTm3t4q3,PASSEPIED,演出家出演,S.S,0.517,0.933,-2.243,0.0956,0.269,0.0841,0.326,0.683,152.913,0.226546,0.876020,0.951934,0.176605,0.919640,0.537824,0.253954,0.873295
1GEGKdhnYoQYZ2cvbo5XPM,Elvis Presley,Elvis 30 #1 Hits (Expanded Edition),(You're The) Devil in Disguise,0.481,0.733,-7.633,0.165,0.573,1.17e-05,0.108,0.874,122.903,0.518220,0.791018,0.766581,0.158213,0.549148,0.702912,0.585543,0.845780
5E00xRhYsooyC3MBA2H848,VIZE;Laniia,Stars,Stars,0.618,0.854,-2.934,0.106,0.0276,0.0,0.158,0.334,127.895,0.100995,0.893073,0.700880,0.397857,0.809522,0.094420,0.390234,0.820261
1esE8j1nVyzEQ5rVhYXoJT,Parachute,Parachute,Had It All,0.606,0.54,-6.271,0.0339,0.182,0.000144,0.144,0.249,79.952,0.313421,0.424798,0.586377,0.773169,0.889890,0.300289,0.277523,0.626199
3QqHt507QJZCzluEYsnv4u,Swedish House Mafia;Ty Dolla $ign;070 Shake,Paradise Again,Lifetime (with Ty Dolla $ign & 070 Shake),0.584,0.718,-7.824,0.126,0.0205,2.99e-06,0.906,0.155,99.841,0.103373,0.719382,0.683755,0.653734,0.904998,0.133435,0.278195,0.906926
5FKnuwsKf7YFpmhA5Wnl0q,Tom Odell,Songs from Another Love,Another Love,0.443,0.54,-8.536,0.04,0.697,1.04e-05,0.102,0.133,119.161,0.456505,0.683989,0.311320,0.837673,0.739305,0.472600,0.598529,0.563841
5S9atrQLWHuMZLvFbDCGUp,Mike Epps,Under Rated... Never Faded & X-Rated,Do 'em Good,0.539,0.797,-11.521,0.782,0.891,0.0,0.36,0.0764,35.392,0.691926,0.733552,0.342824,0.899968,0.920990,0.539242,0.309190,0.581296
0Nn9gfz60CyzqnFXiAphMs,Eve,レーゾンデートル,レーゾンデートル,0.533,0.795,-3.319,0.044,8.95e-05,0.0,0.112,0.629,152.078,0.062962,0.852362,0.860552,0.171817,0.828799,0.095051,0.392684,0.756975
5e6KTL5lQVIGJRYvPO0L9X,René Aubry,Petits sauts délicats avec grand écart,Petite fille,0.629,0.22,-15.028,0.0514,0.939,0.558,0.169,0.707,150.173,0.880020,0.675240,0.601929,0.678791,0.299371,0.769709,0.940800,0.362899
6op6oqy6YayTHBwq9eikH6,Régis Danese,Família (Ao Vivo),Família - Ao Vivo,0.461,0.292,-13.766,0.0306,0.66,0.0,0.296,0.171,129.679,0.831007,0.387413,0.267705,0.910207,0.689317,0.453176,0.795535,0.572338
3x6wVKXfCm85Pw7gYo0rqq,Dean Martin;Dick Stabile And His Orchestra,The Capitol Years,That's Amore,0.407,0.17,-13.409,0.0341,0.76,0.0,0.0737,0.577,124.047,0.702066,0.436689,0.210270,0.848368,0.367395,0.822221,0.616748,0.165805
7MKJYsiMCzQNmWaObPO4bQ,Lund,Halloween & Alternative,Broken,0.83,0.583,-2.052,0.0412,0.0563,0.0005,0.109,0.146,134.0,0.235594,0.874145,0.576672,0.653422,0.963623,0.257598,0.363455,0.702709
1406eGydAvhfLJr58x88QJ,my little airport,介乎法國與旺角的詩意,藍白紅風格練習,0.469,0.435,-9.943,0.0544,0.964,0.00286,0.118,0.265,69.551,0.869520,0.533741,0.304700,0.811747,0.532622,0.770283,0.528338,0.430503
3Ea1CNsTqBY4RtAESrBeNI,Alesso;CORSAK;Stray Kids,Going Dumb,Going Dumb (with Stray Kids),0.834,0.651,-4.855,0.0595,0.153,0.0,0.146,0.49,121.978,0.274595,0.882122,0.850816,0.199351,0.841193,0.197982,0.334810,0.837330
4OukDE7pBKhCV4YYeYhnjq,Olivia Ong,A Girl Meets Bossanova,Fly Me to the Moon,0.629,0.38,-10.874,0.0317,0.934,0.000693,0.103,0.232,114.854,0.808993,0.639416,0.440675,0.904722,0.720237,0.696876,0.753204,0.522163
5kKmz3LyhG2Iqdqv67SFXl,Namasenda,Unlimited Ammo,Black Ops 2,0.622,0.765,-3.768,0.0345,0.381,0.0,0.17,0.652,143.842,0.214448,0.853322,0.877837,0.360077,0.811353,0.440581,0.545295,0.745502
0HTb4JfMtMkMYUtyd19In3,Bilal Saeed;Momina Mustehsan,Baari,Baari,0.658,0.539,-7.043,0.0433,0.857,1.45e-06,0.0999,0.461,80.088,0.840983,0.668441,0.650073,0.721865,0.696338,0.851954,0.705716,0.457129
44Aivh0zXxsIsDVIZgND1L,Rojin Sharafi,Kariz,"In Your Body, In Your House",0.346,0.788,-11.223,0.0943,0.00263,0.532,0.18,0.0868,135.848,0.188563,0.832452,0.384817,0.675267,0.902021,0.063948,0.564638,0.735452
6YbysAROEcJZuRNiES0hP6,Pense,Além Daquilo Que Te Cega,Andando Sobre Pedras,0.365,0.99,-4.132,0.187,0.000138,3.83e-05,0.159,0.312,115.011,0.157746,0.881229,0.754835,0.143753,0.961196,0.060371,0.305383,0.815045
0tNLlw94DIrCECnp0dSUUz,Daddy Yankee,Carrete con besties,Lovumba,0.73,0.939,-4.665,0.0532,0.0347,0.0,0.335,0.939,121.001,0.122670,0.812276,0.977431,0.040010,0.525352,0.212238,0.443003,0.852876
3DVJZyBhU69sLM2LZxXAjh,Max e Luan;João Gustavo e Murilo,Beijo Saliente,Beijo Saliente,0.788,0.564,-5.767,0.117,0.328,0.0,0.104,0.458,113.98,0.369191,0.901785,0.860645,0.406883,0.688083,0.367592,0.605567,0.700926
5ftfVzSLIi5ZxYdNbRtf41,The Black Keys,Coffee Moment,Never Gonna Give You Up,0.557,0.665,-6.19,0.0328,0.321,0.000281,0.0713,0.437,75.803,0.463386,0.833216,0.741889,0.635925,0.761525,0.462735,0.524475,0.562515
4Ql5Q06HoJeQmpIBl9TngL,Evanescence,Helloween Party,Bring Me To Life,0.318,0.943,-3.188,0.107,0.00721,2.06e-06,0.242,0.298,189.985,0.025048,0.958332,0.646144,0.271698,0.911224,0.035555,0.264260,0.910841
2cnh1D3Q7GbEXzyhyrZstJ,joyvegas,Can We Stay Forever?,Can We Stay Forever?,0.235,0.449,-15.966,0.0649,0.836,0.956,0.413,0.382,86.153,0.924650,0.440504,0.272482,0.814807,0.539248,0.590107,0.930215,0.399783
4xXdQBMlwphSnCl5thfXFK,Art Popular,Ao Vivo Sem Abuso,Primeiro Beijo - Ao Vivo,0.528,0.805,-9.107,0.051,0.237,0.0,0.597,0.84,161.137,0.198698,0.888373,0.901413,0.151921,0.458083,0.494165,0.248223,0.848545
2htgm6R47aukws42EhAqnn,Hugo Del Vecchio;Marília Mendonça,O Que É Que Você Viu em Mim? (Ao Vivo),O Que É Que Você Viu em Mim? - Ao Vivo,0.381,0.548,-4.606,0.0368,0.8,0.0,0.432,0.39,68.42,0.823805,0.520921,0.327491,0.902314,0.765853,0.853134,0.566896,0.413611
1Cva3BnPjMPPYuAsd2NHIo,Héctor Lavoe;Willie Colón,Cosa Nuestra,Tu No Puedes Conmigo,0.824,0.626,-8.156,0.0789,0.633,1.78e-05,0.395,0.654,115.885,0.453150,0.824266,0.872952,0.593097,0.591672,0.462541,0.412390,0.832150
39bx4zZrPxTjw8VNuvjt6X,Akon;Vishal Dadlani;Shruti Pathak,Ra-One,Criminal,0.701,0.966,-5.36,0.0568,0.063,0.0662,0.0761,0.834,132.015,0.102654,0.848698,0.872927,0.066583,0.570895,0.174146,0.500671,0.890354
4d2iyTqXpqavs58Zso5CV6,Rei Harakami,広い世界 と せまい世界,広い世界,0.858,0.562,-7.531,0.0457,0.964,0.876,0.0667,0.894,119.508,0.787990,0.856802,0.849519,0.227740,0.393847,0.816469,0.959512,0.724529
7JIuqL4ZqkpfGKQhYlrirs,Paramore,Brand New Eyes,The Only Exception,0.452,0.563,-6.607,0.0272,0.144,0.0,0.143,0.209,137.715,0.155039,0.664201,0.425298,0.575673,0.865154,0.328936,0.604176,0.656066
7EIAJ0rBso2akQn2z4TgZx,Leslie Cheung,哥哥的歌,"默默向上游 - 電影""鼓手""主題曲",0.574,0.234,-14.306,0.0266,0.618,5.04e-05,0.292,0.229,79.461,0.849543,0.465101,0.498026,0.849423,0.696075,0.819883,0.475348,0.272168
2Eu5IxBvLxCd1HFVR4JbR4,Oliver Koletzki;Super Flu,Made of Wood Remixed,Copal - Super Flu Remix,0.757,0.599,-10.476,0.0583,0.00578,0.897,0.0994,0.311,123.289,0.313045,0.881792,0.796384,0.248434,0.926980,0.257591,0.813390,0.779424
2xZifZxWpVmWyqtbF2r5uC,Dean Martin,Christmas Classics,Rudolph The Red-Nosed Reindeer,0.478,0.201,-16.79,0.0332,0.919,0.0,0.0854,0.857,136.47,0.895027,0.432089,0.853878,0.719810,0.204345,0.930742,0.773804,0.285097
5WzfGg2ueNoOS5aIkaR9qX,Arijit Singh;Rupali Moghe,Badhaai Do (Original Motion Picture Soundtrack),Atak Gaya - Arijit Singh,0.4,0.366,-8.598,0.0342,0.87,0.00163,0.102,0.508,80.568,0.900667,0.577326,0.426282,0.794771,0.489208,0.850475,0.797175,0.393890
1oxyLBX9KmrtKajyVQkfAs,Duke Dumont;Zak Abel,Larga Vida al Electro,The Power,0.626,0.829,-6.795,0.0537,0.00458,0.0601,0.227,0.191,121.945,0.113929,0.764133,0.391333,0.453288,0.947524,0.102456,0.604949,0.791285
1NFtRwFATrg3hkcgR7SeRB,Caballero & JeanJass,Double Hélice 2,SVP,0.903,0.647,-5.581,0.428,0.457,0.0,0.0853,0.71,139.906,0.374977,0.804035,0.891219,0.244542,0.771734,0.451464,0.648920,0.870694
7o2AeQZzfCERsRmOM86EcB,Aphex Twin,Selected Ambient Works 85-92,Xtal,0.51,0.505,-13.053,0.0344,0.342,0.96,0.117,0.318,114.532,0.374983,0.603011,0.380654,0.734231,0.822395,0.297280,0.967601,0.582309
53PMFHY2ALYyMUU69PXrrH,Mike Laure,Boleros Sabrosos,Palabras De Mujer,0.62,0.577,-4.982,0.0444,0.408,0.0,0.0746,0.59,123.008,0.317039,0.872606,0.595264,0.420605,0.763753,0.340928,0.805787,0.648762
2NA665k1qMI6N8Lfbsg7qg,Bodyjar,Gee and Al / Do Not Do,A Hazy Shade of Winter,0.325,0.95,-5.906,0.0554,0.000155,0.269,0.144,0.612,175.317,0.112939,0.880839,0.821236,0.132228,0.825965,0.082596,0.532666,0.829333
0nejfXN5tjdICWIdfakXWx,Porter Robinson;Urban Cone,Worlds,Lionhearted,0.621,0.74,-6.925,0.034,0.0244,0.00219,0.174,0.349,119.993,0.081087,0.764076,0.829967,0.268911,0.870814,0.145613,0.382818,0.833892
3EgDukSjCRfvnLzN9EfFih,Mushroomhead,XX,Empty Spaces,0.302,0.772,-4.145,0.0646,0.00342,0.922,0.437,0.27,106.396,0.096785,0.753175,0.636083,0.519601,0.943344,0.135556,0.802110,0.644782
7zoXIUi6AUiPN0QpyF29qy,Ministry,Filth Pig,Useless,0.325,0.641,-6.999,0.0355,3.06e-06,0.922,0.275,0.361,141.442,0.171412,0.862985,0.655590,0.564094,0.868308,0.226850,0.888273,0.710929
0azC730Exh71aQlOt9Zj3y,Calvin Harris;Rihanna,This Is What You Came For,This Is What You Came For,0.631,0.927,-2.787,0.0332,0.199,0.119,0.148,0.465,123.962,0.234248,0.929668,0.826897,0.225775,0.721200,0.145055,0.590118,0.877358
2FBQ0rV0S780tLI4I5oUWZ,Emre Fel,Deli Sevda,Deli Sevda,0.471,0.831,-5.215,0.0423,0.767,0.00022,0.135,0.224,145.944,0.588650,0.898744,0.439093,0.900607,0.646849,0.517759,0.602828,0.703190
4VFNyv0nVew5C878WDsPvE,Mötley Crüe,Shout At The Devil,Shout At The Devil,0.5,0.946,-5.428,0.072,0.0221,4.21e-05,0.068,0.449,94.542,0.189752,0.907125,0.666378,0.336388,0.966238,0.100253,0.396966,0.754129
1x3fitHSJI4Zk6oRdRzqks,Barbara Tucker;DJ Spen;Thommy Davis,Think (About It),Think (About It) - Spen & Thommy’s House Party Mix,0.845,0.881,-5.856,0.112,0.00814,5.1e-05,0.0631,0.709,119.998,0.136094,0.898933,0.919302,0.137199,0.873339,0.102964,0.253780,0.922339
1zyUjykhD5NjcGs5EFIqPK,Enrique Guzmán & Teen Tops,El rock de la cárcel (Remastered),El Rock de la carcel - Remastered,0.45,0.739,-6.93,0.0334,0.762,0.0,0.0358,0.938,95.155,0.785175,0.837285,0.885333,0.538312,0.463332,0.702664,0.653020,0.672796
0HOqINudNgQFpg1le5Hnqe,Geto Boys,Uncut Dope,Damn It Feels Good to Be a Gangsta,0.785,0.793,-7.915,0.163,0.22,0.718,0.124,0.655,88.902,0.161246,0.878904,0.886822,0.200662,0.713328,0.274162,0.807356,0.666532
2NImo2MajNai4CLk35wMut,Avenged Sevenfold,Hail to the King,This Means War,0.614,0.914,-5.59,0.0324,0.000554,1.16e-05,0.0371,0.439,90.0,0.139896,0.892932,0.789735,0.226831,0.904429,0.133560,0.411783,0.911874
5TTl4ZXPtUnaMs767ADxHD,The Klingonz,Blurb,Too Drunk To Fuck,0.517,0.988,-6.291,0.0486,0.00119,0.043,0.393,0.584,124.661,0.124262,0.910725,0.856178,0.173499,0.863327,0.204147,0.215938,0.797396
7N3PAbqfTjSEU1edb2tY8j,Van Halen,1984 (Remastered),Jump - 2015 Remaster,0.572,0.835,-6.219,0.0317,0.171,0.000377,0.0702,0.795,129.981,0.174828,0.866144,0.940165,0.151008,0.622164,0.420100,0.625562,0.841166
0trVnybi3L9TLXvMgSYoYG,Watchhouse,Such Jubilee,Settled Down,0.599,0.294,-10.222,0.0279,0.851,0.0384,0.102,0.308,118.207,0.706204,0.630165,0.292118,0.855316,0.493237,0.839945,0.754833,0.307405
2892XzSXhaySQrzWoKpKEM,Jack Cardwell,30 Country Hits (Original King Recordings),The Death Of Hank Williams - Original King Recordings,0.704,0.146,-14.437,0.0322,0.86,0.0,0.36,0.749,132.341,0.870029,0.602367,0.897733,0.689568,0.397109,0.895608,0.808019,0.696006
0B2Rij48hhqlJFFUpr6bPv,Jok'air,Jok'Pololo,Hypocrite,0.689,0.502,-7.086,0.0707,0.0533,0.0,0.209,0.198,125.11,0.226984,0.635717,0.444069,0.459681,0.841060,0.167898,0.472714,0.627167
0HlSPkpyZrgluk5EzAVLmJ,Bob Sinclar,"Swanky Club House, Vol. 1",Summer Moonlight - Club Mix,0.693,0.834,-4.799,0.124,0.00684,2.37e-05,0.838,0.332,127.998,0.058673,0.882990,0.678589,0.229933,0.867509,0.038222,0.062937,0.928885
20uRKbaqAVJRGyGE6mr6Oi,Johann Sebastian Bach;Daniel Hope;Lorenza Borrani;Lucy Gould;Stewart Eaton;William Conway;Enno Senft;Stefan Maass;Stefan Rath,Classical Christmas,"Suite No. 3 in D Major, BWV 1068: II. Air",0.169,0.049,-23.409,0.0385,0.956,0.017,0.15,0.0799,136.065,0.920387,0.346592,0.039534,0.984098,0.583244,0.820686,0.820447,0.216407
4hGXwJZJASH1U7JGKnhJEg,Emancipator,Soon It Will Be Cold Enough,First Snow,0.603,0.396,-12.765,0.034,0.759,0.856,0.275,0.198,95.0,0.870461,0.583699,0.253238,0.923129,0.761519,0.679023,0.949646,0.604127
7tYwhedfTi1NUS54sIIzr1,Enrique Rodríguez;Armando Moreno;Chato Flores,26 grandes tangos,La colegiala,0.651,0.246,-11.784,0.101,0.947,1.11e-06,0.169,0.894,165.052,0.866338,0.822969,0.766605,0.454574,0.400959,0.958435,0.668701,0.694856
65wb59dZiSnidHPutl8nlN,Angband,IV,Nights of Tehran,0.536,0.688,-5.618,0.0281,0.0211,2.1e-05,0.046,0.184,145.99,0.195786,0.828570,0.470835,0.238831,0.880004,0.124344,0.618596,0.845626
0Uhw1AbQlqT2VAAYqbI2IY,my little airport,I ALSO DON'T KNOW (Live),每次你走的時分 - Live,0.517,0.639,-10.189,0.0343,0.00255,0.000596,0.844,0.551,133.316,0.190658,0.786544,0.661631,0.360567,0.724142,0.456891,0.188356,0.700383
4IMY53WTwPCK0RiXcpzAXb,The Platters,Classic Christmas Music 2022,Christmas Time,0.299,0.377,-7.425,0.0283,0.859,0.0,0.116,0.378,69.272,0.870493,0.565937,0.200374,0.829075,0.618908,0.933992,0.859031,0.502768
3TJNI4s10APdVfmQkWVRzR,Matrix & Futurebound,Mystery Machine,Mystery Machine,0.458,0.974,-3.604,0.0463,0.000471,0.835,0.199,0.0396,174.031,0.048285,0.871163,0.749275,0.517197,0.987290,0.020963,0.806249,0.875636
2hdeaGl9nT3UoQIgSqctHj,The Doors,Morrison Hotel,Indian Summer,0.495,0.154,-17.792,0.0301,0.859,0.139,0.106,0.147,102.673,0.940096,0.486431,0.112849,0.925696,0.355454,0.763143,0.895462,0.424731
2AxCeJ6PSsBYiTckM0HLY7,Jimi Hendrix,Electric Ladyland,Voodoo Child (Slight Return),0.214,0.91,-6.662,0.389,0.477,0.00833,0.0517,0.448,175.549,0.108435,0.939866,0.499884,0.550970,0.880407,0.165674,0.318911,0.837731
6cIqKDawTLBgAypdIKSdIf,Glitzer Gischi,Rumpop'n,Rumpop'n,0.677,0.96,-4.062,0.175,0.0761,0.0,0.347,0.743,137.868,0.162267,0.956694,0.965255,0.105584,0.736050,0.232706,0.231151,0.884287
5nQvUs9YQeg3vshSzydlRw,Foreign Air,Free Animal,Free Animal,0.577,0.583,-7.257,0.0433,0.0904,0.0,0.0937,0.406,80.002,0.368891,0.779491,0.416887,0.310478,0.838028,0.235020,0.531070,0.672374
0PW8pgB8zsBiAg3gMWzUDJ,Satyricon,Live at the Opera,Voice of Shadows,0.2,0.392,-9.868,0.0359,0.0088,0.967,0.108,0.323,107.727,0.275571,0.435819,0.442499,0.588983,0.704553,0.276843,0.927190,0.354972
77puSe1dybq621r6eZXZkD,Musiq Soulchild,21st Century Soul Grooves & Slow Jams,greatestlove,0.588,0.667,-5.412,0.0473,0.296,4.96e-06,0.125,0.454,123.939,0.397696,0.801415,0.721078,0.458925,0.856522,0.239173,0.333337,0.845253
4qjvr0qMFUo26SxwC4VygS,Fear Factory,Digimortal,Linchpin,0.693,0.871,-3.389,0.0844,0.00358,2.01e-05,0.11,0.533,111.989,0.119569,0.904519,0.923436,0.101730,0.867047,0.157409,0.272023,0.713555
10AsRVRdU07cMAFHeGYO3c,Martin Jensen,Solo Dance,Solo Dance,0.746,0.846,-2.432,0.048,0.0485,0.0,0.195,0.403,114.955,0.065404,0.966232,0.854306,0.246313,0.943927,0.179578,0.301142,0.830564
6vsxQABOglnuZ2Nm5N831i,Gustav Mahler;Sir Simon Rattle;Peter Seiffert;Thomas Hampson;City Of Birmingham Symphony Orchestra,October Classical Playlist,"Das Lied von der Erde: No. 2, Der Einsame im Herbst",0.151,0.0292,-28.677,0.0434,0.985,0.467,0.105,0.0369,94.686,0.955216,0.216894,0.054670,0.975613,0.281543,0.906506,0.961212,0.073149
1CRtJS94Hq3PbBZT9LuF90,Adele,21,Don't You Remember,0.644,0.4,-5.713,0.0304,0.214,0.0,0.0866,0.227,115.025,0.624441,0.479400,0.395254,0.578897,0.891834,0.362849,0.535496,0.531301
4NTR6pdFJ0WeDcNk5SQ222,Lenine,Lenine Em Trânsito (Ao Vivo / Deluxe),É O Que Me Interessa - Ao Vivo,0.57,0.174,-16.782,0.0298,0.407,0.106,0.185,0.0961,96.11,0.832232,0.305525,0.174927,0.862196,0.890571,0.666294,0.827940,0.248753
4tpfGoWEum1ZUKkjr82Vcd,Sigma;Kelly Kiara;ZieZie,Night Drive Autumn/Winter 2022/23,Give It To Me,0.766,0.865,-4.172,0.0497,0.0867,0.0,0.138,0.655,116.007,0.128814,0.860584,0.936221,0.165708,0.921408,0.235161,0.389646,0.785442
4sGtZZD7zBZ1oqoQjkBg1z,UCLÃ;Sueth;Shoy;Mc IG,Rico E Bem Novin,Rico E Bem Novin,0.611,0.547,-7.861,0.439,0.0717,0.0,0.157,0.355,158.852,0.140558,0.767532,0.653605,0.512780,0.918429,0.312859,0.200470,0.654100
2LPwQCwT2o06dx2P1qDizN,Amelie Lens;Joyhauser,Hypnotized,Hypnotized - Joyhauser Remix,0.635,0.859,-6.897,0.0447,0.00344,0.869,0.537,0.208,131.001,0.094283,0.935324,0.579276,0.394346,0.950995,0.106484,0.737001,0.910452
3NgPtTQYSAWKdJI0bQQYee,Goldfinger,Hang-Ups,My Head,0.6,0.89,-5.523,0.0566,0.00302,0.000287,0.211,0.827,99.918,0.280171,0.807533,0.928792,0.162173,0.818518,0.323035,0.384987,0.803499
5RnXQZ65F3uEHca395z6cz,Periphery,Juggernaut: Omega,The Bad Thing,0.311,0.953,-4.96,0.172,0.000216,2.19e-06,0.111,0.417,132.856,0.060894,0.875936,0.882165,0.320639,0.938642,0.088885,0.432327,0.841250
38qKPWcyAn2oOK4qHHC4q9,Scorpio,"Retrospect, Vol. 4 (Compiled by Bryan Gee)",Trouble,0.715,0.979,-6.469,0.111,0.0224,0.929,0.0804,0.901,169.843,0.065906,0.957844,0.969334,0.038522,0.631436,0.156838,0.875865,0.945709
2C9MNfyUehdQCxtuBJEnBI,Pixote,25 Anos - Transcontinental Fm (Ao Vivo),Brilho de Cristal - Ao Vivo,0.402,0.845,-7.592,0.0992,0.219,7.64e-06,0.399,0.707,93.598,0.155217,0.754561,0.880724,0.258865,0.864718,0.420962,0.297922,0.797367
0sBW1wri8FQX4PsCmyF0Pm,ILLENIUM,I'll Be Your Reason,I'll Be Your Reason,0.559,0.777,-5.64,0.369,0.0251,0.000198,0.246,0.352,170.114,0.237362,0.937316,0.791994,0.303676,0.941614,0.150530,0.085197,0.847364
5burXYqqO8z0GEnltThZKw,Modern Talking,In The Middle Of Nowhere,Geronimo's Cadillac,0.691,0.785,-10.144,0.0521,0.428,0.0,0.473,0.722,110.376,0.397269,0.876423,0.915850,0.225127,0.693173,0.567372,0.491508,0.873504
4W1JavoraGzh83nluQHY6C,Gryffin;OneRepublic,You Were Loved (with OneRepublic),You Were Loved (with OneRepublic),0.636,0.69,-5.011,0.0484,0.0947,0.0,0.169,0.444,123.994,0.215077,0.864533,0.612187,0.397022,0.838994,0.174740,0.442520,0.791457
2pd1Lm8Jsslf2VdWQv0Je8,Lamb of God,Ashes of the Wake (15th Anniversary),Hourglass,0.347,0.982,-3.399,0.128,0.00235,0.0237,0.375,0.146,115.64,0.084536,0.897133,0.363777,0.500810,0.948355,0.068399,0.200677,0.774030
5eQ65mobue34pbrlcx8IuU,Kate Bush,Feeling Good - Adult Pop Favorites,The Man with the Child in His Eyes,0.3,0.21,-13.589,0.031,0.964,0.00323,0.124,0.18,86.038,0.948447,0.253127,0.080333,0.942340,0.673254,0.725304,0.779924,0.167350
1E8hlfifMjQiIHv0ZzAVK6,Randy Travis,Chillin' It - Mellow Day Country,"Forever and Ever, Amen (All the Number Ones Version)",0.709,0.635,-10.375,0.0246,0.229,3.12e-05,0.194,0.741,90.554,0.364725,0.537579,0.903192,0.391994,0.656342,0.538497,0.346324,0.692894
6d4FWjx72iuRWzn1HwywLK,Black Pumas,Black Pumas,Colors,0.391,0.692,-6.543,0.0462,0.0946,1.58e-05,0.191,0.56,180.008,0.180698,0.870524,0.697938,0.459503,0.672845,0.223271,0.260502,0.789521
51ShzPG95eEY7rARzuxehl,Empyre One;Maxtreme;DROPiXX,Just Dance (Maxtreme & Dropixx Mix),Just Dance - Maxtreme & Dropixx Mix,0.657,0.944,-6.753,0.0552,0.0025,0.0,0.371,0.442,149.994,0.035584,0.924269,0.718279,0.341472,0.935062,0.139640,0.468120,0.933360
5ZpSUdy5wL5Hvwsqz6JCAt,Stephen Speaks,Passenger Seat,Passenger Seat,0.515,0.769,-5.696,0.031,0.0456,0.00436,0.0961,0.644,153.046,0.041879,0.887005,0.731202,0.190973,0.820401,0.180221,0.445604,0.719924
44ahv3Zj4FOJoy8gJLZF9B,Jain,Souldier,Alright,0.685,0.611,-8.057,0.068,0.0181,6.64e-06,0.035,0.598,184.055,0.177754,0.938290,0.881044,0.304030,0.708209,0.293709,0.582970,0.859643
3QhL4eWBVv64IycG3i9XTb,Passion;Kristian Stanfill,Worthy Of Your Name (Live),Glorious Day - Live,0.49,0.805,-4.578,0.0424,0.00289,3.19e-06,0.141,0.166,109.951,0.168140,0.784829,0.621908,0.374437,0.927826,0.116488,0.374198,0.847856
0E3guardtMOU1IwzELZdXA,Dan + Shay,Never Leave - Country Magic,You,0.544,0.572,-6.205,0.0319,0.118,0.0,0.234,0.52,169.885,0.169843,0.757049,0.761876,0.317208,0.832703,0.227513,0.210537,0.674614
0y4YmA9UGpQnWdIFbWBHu0,SOPHIE,OIL OF EVERY PEARL'S UN-INSIDES,Faceshopping,0.636,0.441,-7.273,0.247,0.0528,0.00152,0.0684,0.304,114.045,0.325603,0.405541,0.483005,0.514156,0.848369,0.206888,0.355475,0.505635
5SqrY9AWeRXqwgLCnLO2A0,Evanescence,Halloween 2022,Bring Me To Life,0.318,0.943,-3.188,0.107,0.00721,2.06e-06,0.242,0.298,189.985,0.053359,0.853971,0.716873,0.381708,0.972902,0.039320,0.370991,0.694280
2ZRo7axmMPeSVUvDbGkJah,XXXTENTACION,?,Hope,0.592,0.457,-6.081,0.0603,0.661,0.000331,0.146,0.225,146.04,0.549949,0.704870,0.430654,0.747332,0.749672,0.329021,0.670264,0.885487
2z1Dv4pDF2J8s6aoV5OHzl,Ensidya,Floating,Floating,0.63,0.534,-11.767,0.0432,0.418,0.907,0.0498,0.156,128.928,0.391682,0.688618,0.265092,0.639604,0.759580,0.268310,0.946487,0.683519
1ZNDa26Rrj8VVOnsV7q1Dj,Deep Chills,All About It,All About It,0.741,0.564,-8.777,0.0328,0.307,0.0,0.171,0.884,108.055,0.310477,0.853999,0.771445,0.166173,0.536691,0.550037,0.511755,0.683369
2qKrxtkIuCOyE66TAunMXx,Mother Goose Club,"Mother Goose Club Sings Nursery Rhymes Vol. 4: Row, Row, Row Your Rhyme","Head, Shoulders, Knees and Toes",0.793,0.61,-6.191,0.0607,0.309,0.0,0.0971,0.902,118.309,0.407673,0.810471,0.897936,0.129404,0.423341,0.561927,0.620162,0.767270
1HvTxgCj0mTzQlEo0zLvFb,Lil Tjay,In My Head,In My Head,0.684,0.545,-6.885,0.121,0.159,0.0,0.102,0.407,143.049,0.354175,0.789030,0.692156,0.493305,0.729992,0.178762,0.426636,0.654365
6ngu6sBaJMM05mAVATApZJ,KALEO,Feeling Good - Adult Pop Favorites,Save Yourself,0.534,0.338,-8.608,0.0346,0.515,9.26e-06,0.124,0.111,120.399,0.542251,0.510491,0.122605,0.846211,0.718797,0.431244,0.457879,0.521234
2G4k8hkfM5xZBwR4DH77Rg,DreamReaper;MAGNAVOLT,BLOODRAVE,BLOODRAVE,0.508,0.98,-3.586,0.0466,0.000592,0.894,0.0877,0.575,95.005,0.103125,0.855045,0.846540,0.162367,0.903687,0.152732,0.784890,0.742841
7d2iYkVDmLMvc6wVR1hs4r,Calle 13;Rubén Blades;La Chilinga,Los De Atrás Vienen Conmigo,La Perla (feat. Rubén Blades & La Chilinga),0.735,0.681,-7.757,0.316,0.673,0.0,0.0584,0.968,90.003,0.452310,0.781203,0.937723,0.300360,0.491337,0.798868,0.544143,0.748358
2m2QV4YsDoVNQ9Y6THdSg4,Charlie Brown Jr.,Imunidade Musical,Aquela Paz,0.586,0.487,-9.29,0.0341,0.769,0.0001,0.181,0.693,123.897,0.755904,0.655677,0.788482,0.529784,0.349115,0.664703,0.665050,0.632944
0m9k7luWIvQTRjFmfLsfcS,Sidecars,Éxitos del Pop en Español de los Años 2000,El Jugador,0.416,0.904,-3.184,0.0541,0.0464,0.000294,0.259,0.525,153.915,0.094576,0.931439,0.667742,0.209300,0.859633,0.173753,0.323473,0.944955
6GSgikgrDSGtFPf0HwPi2X,Percy Sledge,"Music To Park By ""20 Great Romantic Hits""",When A Man Loves A Woman,0.404,0.272,-11.765,0.0286,0.264,0.0,0.0528,0.326,97.941,0.487925,0.514718,0.430061,0.828197,0.755166,0.416338,0.554980,0.231345
0q6UFfew9uxNgxqWM0Q7wd,Charli XCX,House Anthems,Used to Know Me,0.711,0.931,-4.042,0.0323,0.0914,4.41e-05,0.0892,0.775,118.009,0.148066,0.946654,0.927191,0.081376,0.660085,0.349457,0.452375,0.839141
7AgDKs2scZ2aGbRW7Usd1o,Rodriguinho,Uma História Assim (Ao Vivo),Fatalmente - Ao Vivo,0.554,0.713,-8.19,0.0814,0.181,0.0,0.218,0.476,81.988,0.539023,0.684177,0.825780,0.331943,0.842036,0.359238,0.377932,0.584943
6zoMwQxAPsBZRjE1jwSVIu,Exhumed,Horror,The Red Death,0.246,0.984,-5.129,0.184,1.71e-05,7.46e-05,0.315,0.142,97.298,0.061557,0.814366,0.661762,0.511411,0.973071,0.067055,0.295605,0.831220
61c2cPZd0ZZr7W2X5d0bUR,Weezer,Rock Workout 2023,Buddy Holly,0.555,0.921,-4.606,0.0369,0.00264,0.000205,0.117,0.775,121.141,0.053336,0.927254,0.947390,0.080594,0.660067,0.169103,0.313974,0.862982
5F1Z2TYyEXkeLORfNRXb4F,Finntroll,Nifelvind,Fornfamnad,0.316,0.942,-5.371,0.114,0.00112,0.00672,0.102,0.244,124.853,0.134237,0.864125,0.518478,0.396980,0.885612,0.187634,0.262580,0.767791
6m4pOsHiyoJkipPDtkc1p2,Jorge Acosta,Kachaka Paraguay,Vestidito Negro,0.63,0.791,-5.602,0.0338,0.277,0.000698,0.109,0.96,79.248,0.165250,0.883942,0.928807,0.170963,0.622600,0.323226,0.467434,0.797788
4z2GRuRAPbN7mhuz6eH0DY,Belphegor,Blood Magick Necromance,Sado Messiah,0.341,0.924,-4.684,0.0902,1.06e-06,1.43e-06,0.447,0.0305,123.909,0.121444,0.869554,0.300319,0.439630,0.982444,0.038711,0.411273,0.866286
210uN31E64RF58k4j6Gh4f,Rakesh Chaurasia,Reiki Healing Music - at 432 Hz,Gratitude at 432 Hz,0.212,0.108,-16.583,0.0364,0.985,0.952,0.111,0.0958,70.953,0.972139,0.131433,0.074780,0.979652,0.611291,0.831953,0.981588,0.286340
13JGWhplEiNkVLZ6OjCGMA,Bruno & Marrone,Agora (Ao Vivo),Ausência - Ao Vivo,0.43,0.58,-6.238,0.0424,0.727,2.63e-06,0.946,0.427,82.723,0.755712,0.682583,0.430302,0.740335,0.688857,0.719217,0.388447,0.624081
37Z0JtMr9BBTpD1TPClCY3,Divya Kumar,Badlapur (Original Motion Picture Soundtrack),Jee Karda - Rock Version,0.61,0.834,-6.918,0.0685,0.413,0.0,0.255,0.681,139.994,0.233098,0.922392,0.831176,0.206565,0.586912,0.461340,0.496026,0.841297
5YyrC6z5s2WzrznOnPrHig,Wilson Piravom,Angekkal Vere Onnineyum,Angekkal Vere Onnineyum,0.635,0.547,-8.757,0.0326,0.249,6.8e-05,0.433,0.348,146.004,0.330785,0.720147,0.628211,0.576288,0.649047,0.152325,0.565369,0.884177
2XDvgRsUW5X5Kqrk4tWIDv,CoComelon,Halloween Party,Three Black Cats,0.883,0.395,-11.0,0.0404,0.486,1.76e-05,0.0979,0.884,135.045,0.600285,0.701637,0.906275,0.213461,0.411504,0.655055,0.562448,0.797071
5qKs91SIbvBtRX4hFKH1N7,Amy Spanger,Elf: The Musical (Original Broadway Cast Recording),Never Fall in Love with an Elf,0.592,0.274,-7.455,0.0326,0.734,0.0,0.0894,0.434,111.253,0.891652,0.556019,0.293364,0.774811,0.395071,0.649378,0.761245,0.471236
1OMK243SuTPjG0UJS5pa6v,Canned Heat,Fiesta temática 60s,Let's Work Together,0.748,0.703,-12.004,0.0362,0.114,1.39e-06,0.0646,0.882,118.944,0.178106,0.872753,0.908517,0.099890,0.634575,0.282530,0.689529,0.629242
5ZaKWYtQTpOyRogPpE5Tyj,Ikimonogakari,BAKU,BAKU,0.64,0.939,-3.368,0.0421,0.068,0.0,0.0762,0.756,113.985,0.039426,0.874558,0.942705,0.066128,0.920528,0.171319,0.296312,0.814581
1pkk7CNJfq72LAP8KR61jw,Alphaxone,Echoes from Outer Silence,Outfield,0.142,0.0877,-21.597,0.0439,0.662,0.961,0.112,0.026,95.287,0.897067,0.102714,0.053995,0.987508,0.747250,0.831554,0.898181,0.129031
1SCXzqKZdif5b33POmzwI4,Hozier,Hozier,Angel Of Small Death & The Codeine Scene,0.377,0.638,-5.754,0.0545,0.213,7.97e-05,0.12,0.369,92.644,0.387684,0.621536,0.443717,0.414794,0.790633,0.358067,0.640347,0.410963
4f3RDq9nYPBeR1yMSgnmBm,Judas Priest,Screaming For Vengeance (Expanded Edition),You've Got Another Thing Coming,0.519,0.833,-6.947,0.0496,0.00572,4.33e-06,0.104,0.532,138.225,0.119752,0.843373,0.778557,0.233748,0.842330,0.131239,0.550166,0.855612
2Itt7WXHfg02UUHYBBuxmH,Sofía Reyes;Jason Derulo;De La Ghetto,Hits Hits Hits,"1, 2, 3",0.792,0.895,-3.112,0.0587,0.165,0.0,0.0501,0.793,94.968,0.173278,0.901078,0.952783,0.096554,0.824192,0.324617,0.379969,0.914915
1tjLOQjUVAXbJFp1ZwBPXc,Die Draufgänger;Ikke Hüftgold,Ballermann Hits Party 2023,Rapunzel,0.643,0.857,-4.218,0.0294,0.123,0.0,0.531,0.698,123.009,0.060024,0.841066,0.934598,0.172673,0.704931,0.134470,0.323062,0.876233
3gQeoqayS6qcoH8FtAlCh8,CoComelon,Nursery Rhymes by CoComelon,Apples And Bananas (Phonics Song),0.869,0.315,-7.254,0.0491,0.518,4.86e-05,0.0863,0.817,139.962,0.566321,0.819045,0.874868,0.438288,0.297423,0.741397,0.619875,0.619826
6Qlc9VW8bSgp6GMW8mnFPR,Saeed Dehghan;Ash Koosha,Oryan,Khorshide Masnooyi,0.305,0.63,-11.688,0.0586,0.0562,0.575,0.185,0.273,66.161,0.309707,0.355688,0.485288,0.684406,0.782935,0.244327,0.645325,0.556580
7J8boU0pqOAOns0ohr5b0V,Kids Rock Kidz,Kids Rock Party - Sung by Kids for Kids (Clean Lyrics),Get the Party Started - Clean Lyrics,0.666,0.899,-4.913,0.0397,0.00885,9.44e-06,0.0726,0.529,129.023,0.083402,0.892789,0.940917,0.161820,0.923457,0.117347,0.558099,0.784273
640lN9B5fAsPrqMr9HUJ0m,Whales;ggnoaa,Paranoia,Paranoia,0.525,0.754,-7.161,0.0489,0.0028,0.000159,0.391,0.378,149.884,0.101765,0.823941,0.594397,0.467372,0.938942,0.226124,0.485090,0.817250
0hL7tvMKBLW30sige6ctu7,Amit Trivedi;Vishal Dadlani;Sunidhi Chauhan;Habib Faisal,Ishaqzaade,Chokra Jawaan,0.558,0.694,-9.517,0.207,0.472,0.0,0.101,0.612,129.949,0.443541,0.790936,0.800861,0.373446,0.749677,0.678978,0.452925,0.545787
42nvBgg8GBfcxk2c2CNPyT,Rustage;DizzyEight,Eight Gates (Might Guy Rap) [feat. DizzyEight],Eight Gates (Might Guy Rap) [feat. DizzyEight],0.731,0.896,-5.549,0.39,0.583,1.33e-05,0.114,0.689,149.952,0.281512,0.946092,0.893744,0.205084,0.606945,0.282135,0.311183,0.832070
1Ti3nVSzjQX9JgnS5UHJiO,Marc Anthony,The Cali Sessions,-Te Conozoco Bien,0.371,0.508,-14.074,0.0596,0.802,0.000394,0.162,0.426,91.693,0.745059,0.503385,0.373363,0.565182,0.478257,0.735496,0.616727,0.455870
273QnyCvJB65rScHJ1nPZb,Adele,19,Make You Feel My Love,0.317,0.172,-10.636,0.0326,0.907,0.000383,0.105,0.0963,65.18,0.895436,0.220989,0.044225,0.954888,0.502122,0.885705,0.787602,0.168396
5YBdBacQGdnh3RXnHM9khq,SUPERIOTS,Kita Bukan Mereka,Aku Yang Malang 1,0.698,0.789,-6.026,0.0298,0.00625,0.000732,0.163,0.844,124.001,0.144042,0.919819,0.930104,0.097669,0.840294,0.239100,0.384276,0.864585
5A1vGSsqw0UQCBxHOyPOjG,FMK;Tiago PZK;Mau y Ricky,Prende la Cámara RMX,Prende la Cámara RMX,0.764,0.711,-4.017,0.112,0.112,1.75e-06,0.0698,0.798,91.938,0.292254,0.892408,0.950041,0.134829,0.856868,0.488996,0.568087,0.641071
2XcSvY0Ms2eciJNtrlTRKw,Kasalla,Us der Stadt met K,Kumm mer lääve,0.349,0.927,-2.968,0.0432,0.00639,0.0,0.208,0.542,165.911,0.034509,0.948427,0.820599,0.274008,0.953684,0.137863,0.279279,0.628395
2awysZ8bXGxI6RXK2N9SJw,Masicka;Sean Paul,438,Quality,0.884,0.771,-5.585,0.109,0.086,0.0,0.0729,0.856,94.062,0.162795,0.846382,0.948611,0.089841,0.565307,0.417101,0.453470,0.898947
6rHh8urosEFRI67xVa6fzU,The Beatles,Magical Mystery Tour (Remastered),The Fool On The Hill - Remastered 2009,0.356,0.26,-10.577,0.0314,0.913,2.1e-06,0.105,0.49,144.184,0.789306,0.492716,0.323388,0.838348,0.483207,0.856308,0.915012,0.354912
6b8hTB8Z3kGpbnfM68R76b,Joep Beving,Classical Christmas 2022,"Sinfonia (After Bach, BWV 248)",0.485,0.0293,-30.251,0.031,0.991,0.902,0.0964,0.0423,80.014,0.971516,0.247227,0.088522,0.978211,0.351941,0.914342,0.982543,0.147284
4vWyfagrb0TMBLrdm0ppT9,Kitchen Dwellers,Wise River,Wise River,0.671,0.74,-4.936,0.0261,0.558,3.01e-05,0.123,0.489,110.027,0.354593,0.908520,0.839402,0.656222,0.729024,0.572052,0.762946,0.749026
0n099xB2P5c2ZLDazd3dgr,I Don't Like Mondays.,PAINT,PAINT,0.53,0.822,-3.299,0.0371,0.00823,0.0,0.242,0.513,147.025,0.123439,0.849661,0.754220,0.480076,0.877402,0.167886,0.330145,0.758599
2ydJMd8R9zyeBpE4wQv6rB,Zero 7;Martha Tilston,Yeah Ghost (Deluxe),Pop Art Blue,0.684,0.459,-12.289,0.0518,0.664,0.00022,0.0673,0.548,83.969,0.733448,0.473133,0.713460,0.685146,0.563634,0.763482,0.593632,0.737317
4dV3n3xyaD6UnEm9TMDwBU,George Jones,George Jones,One of These Days,0.645,0.294,-15.183,0.0343,0.871,4.46e-06,0.149,0.724,122.379,0.654917,0.436727,0.467792,0.628036,0.491083,0.932822,0.612548,0.384100
7bd6i95HUlQkNkTQClwcW5,NAALAYAK,Hindi Gaane,Zakir,0.613,0.508,-8.489,0.0343,0.275,8.28e-06,0.0809,0.327,144.106,0.329833,0.780152,0.472241,0.554485,0.841354,0.397130,0.503302,0.566146
2vVqZQifzXZY6j3buwnhPC,Gualberto Castro,La Gran Coleccion Del 60 Aniversario CBS - Gualberto Castro,La Felicidad,0.536,0.468,-9.49,0.0369,0.461,1.89e-06,0.161,0.461,134.422,0.513946,0.463845,0.569008,0.538992,0.638998,0.306622,0.775009,0.806842
6QYQJ6CXcoKUPkaY5ZTkfK,CoComelon,"CoComelon Kids Hits, Vol. 4",London Bridge Is Falling Down,0.748,0.507,-11.522,0.0501,0.545,1.09e-05,0.0636,0.942,149.977,0.628369,0.784385,0.912589,0.236826,0.263280,0.426565,0.724416,0.804772
6l2YDhtT00La7B4LnOTAso,Tony Bennett;Lady Gaga,The Very Best Christmas Songs 2022,Winter Wonderland,0.605,0.497,-6.676,0.0319,0.727,3.95e-05,0.102,0.72,126.014,0.615535,0.576872,0.790694,0.510741,0.534576,0.748227,0.711001,0.527837
37Yjhk6ZKI2yDtZ5k7MToJ,Nikolay Kopylov,"Золотые Хиты Старинного Русского Романса, Часть 1",Хризантемы,0.248,0.303,-13.588,0.042,0.977,0.274,0.138,0.158,95.66,0.917657,0.221343,0.066560,0.955884,0.700877,0.742839,0.842818,0.170355
0c81djsFYx69xCaNx4NHfH,JPEGMAFIA,Veteran,I Cannot Fucking Wait Til Morrissey Dies,0.695,0.849,-5.688,0.093,0.233,0.000842,0.385,0.623,140.092,0.127373,0.806436,0.862757,0.148719,0.820188,0.375158,0.515511,0.842406
3hNyVKzZ1c26umuL3K5WEX,Titãs,As Grandes Décadas Da Música Popular Brasileira,Enquanto Houver Sol,0.665,0.596,-3.896,0.0267,0.149,4.84e-05,0.327,0.207,115.265,0.426149,0.731046,0.603691,0.564379,0.970337,0.237257,0.435049,0.836461
3ZKL0gz5kBQdHMCNimiNFd,Hybrid,I Choose Noise,Choke - Original,0.421,0.65,-11.239,0.036,0.00223,0.294,0.0974,0.234,178.389,0.189449,0.882133,0.585158,0.460986,0.845613,0.122705,0.792559,0.550901
3zvSulVf6tZrgF4qTiMONB,Feastem,Graveyard Earth,In Isolation We Die,0.229,0.908,-6.66,0.125,1.36e-06,0.689,0.171,0.108,130.903,0.125897,0.774431,0.512016,0.567399,0.960691,0.039054,0.807592,0.876073
3nFCZ39UfurEsVPT7y5vvJ,Arijit Singh;Tulsi Kumar;Tanishk Bagchi;Kumaar,Dhokha Round D Corner,Mahi Mera Dil,0.386,0.471,-9.65,0.0403,0.829,0.0,0.147,0.21,154.039,0.806946,0.649691,0.213162,0.866211,0.747923,0.678048,0.788765,0.495541
0vQiTX6F4cJHHYJqPcBjVI,Ian Munsick,Oklahoma Smokeshow - Breakout Country,More than Me,0.495,0.746,-5.317,0.0266,0.49,0.0,0.176,0.463,145.879,0.482180,0.898312,0.770649,0.421837,0.823113,0.356430,0.487509,0.689163
5VasLvVzuH1vRsioaiJPT3,Johnnie Taylor,Good Love!,Too Many Memories,0.722,0.512,-7.008,0.0313,0.444,0.000402,0.044,0.713,118.284,0.436666,0.741812,0.744116,0.436725,0.584052,0.539298,0.755553,0.834194
33zA3geOmehQNOZAzSQMYi,Rahul Deshpande,Me Vasantrao (Original Motion Picture Soundtrack),Kaivalya Gaan,0.393,0.772,-3.887,0.0408,0.265,0.0,0.331,0.385,119.718,0.444741,0.720493,0.464428,0.600089,0.885750,0.278947,0.423819,0.591550
5UEZzRsrB4FKw1SIMoMD2y,Myd,Born a Loser,The Sun,0.773,0.586,-7.623,0.0311,0.752,0.762,0.0941,0.729,126.014,0.679786,0.867887,0.913310,0.554476,0.667960,0.757175,0.946950,0.775972
5WOJlrdIBOQ23SeI4Ia3t0,The 20 Belows,For Better Days,The Only Excuse,0.544,0.96,-4.225,0.0617,0.00958,0.0,0.403,0.676,104.93,0.061027,0.940010,0.866378,0.117690,0.860536,0.388654,0.251472,0.804360
6zn1Ggk5bUGpt22fGJQwpz,Alexander Popov;Luminn;DEXTER KING,Constancy,Constancy,0.469,0.983,-2.944,0.0433,0.000938,0.8,0.152,0.09,130.039,0.061255,0.935115,0.539432,0.552040,0.973206,0.061797,0.692954,0.757159
5m0icrNPTAVGjpRtrVGAvN,Rodriguinho,Uma História Assim,Fatalmente,0.623,0.681,-9.424,0.0628,0.418,0.0,0.125,0.668,156.03,0.250095,0.920700,0.887740,0.475352,0.693019,0.468475,0.688127,0.814137
2mMNBgFRyEiRoGvrdoONeq,Ice Nine Kills,The Silver Scream,A Grave Mistake,0.36,0.925,-3.775,0.0719,0.000838,0.0,0.115,0.446,175.088,0.033831,0.947672,0.887509,0.204869,0.876714,0.071476,0.455280,0.901836
73WpIpfbvow1ZrPTimeHsv,Alexander Vertinsky,"Русский Свет Песни, том 2 / Записи 1933 - 1957",Malenkij Kreolčik,0.471,0.0827,-12.718,0.103,0.994,5.78e-05,0.244,0.196,87.225,0.942392,0.298760,0.147868,0.939937,0.733797,0.683259,0.743160,0.357033
0oNLjFbKhIKF5muPOgwWaA,Exhumed,Slaughtercult,This Axe Was Made to Grind,0.173,0.979,-3.842,0.157,1.4e-06,0.943,0.162,0.0639,119.346,0.091611,0.707815,0.429174,0.600162,0.983710,0.046747,0.726507,0.693341
4HkxrYFORgL80Eo1xuspAr,Malon,Espíritu Combativo,Cancha de Lodo,0.38,0.888,-6.003,0.0646,0.00113,0.0368,0.112,0.0788,128.899,0.100631,0.775209,0.599105,0.395059,0.958980,0.119108,0.434805,0.809426
5sJ27V2oj8j3m77wCDKSEu,Marco Wagner;Peter Power;Flying Hirsche,A Watschn,A Watschn,0.676,0.797,-6.547,0.0463,0.00584,0.0,0.376,0.536,128.006,0.187841,0.860100,0.813798,0.193382,0.860640,0.137217,0.351280,0.811987
0oRYUtAPV2riev1h34jMDU,GWS,Avashanai,Avashanai,0.761,0.383,-13.798,0.0417,0.167,0.00152,0.105,0.216,132.113,0.583291,0.776763,0.592099,0.714357,0.787313,0.310650,0.686483,0.747431
1Vpn6lsq9JYwPa7oJMK42A,Phase II,Reachin',Reachin' - Brotherhood Mix,0.724,0.913,-6.313,0.18,0.0118,0.0,0.0801,0.804,120.873,0.053320,0.921269,0.953331,0.103066,0.744733,0.156890,0.324392,0.838147
6d9lCJD9LjkGFZzikFPIIg,Saba Alizadeh,Only Hope Breaks the Dark Waves,Only Hope Breaks the Dark Waves,0.138,0.362,-17.688,0.12,0.691,0.91,0.189,0.0525,88.885,0.702380,0.379233,0.081522,0.951689,0.818611,0.531117,0.956867,0.237045
53xtLfQPokkKRWZUe6978n,Desmond Dennis;Demarious Cole;Tone Stith;Shade Jenifer,Come and Talk to Me,Come and Talk to Me,0.664,0.323,-14.149,0.0533,0.0558,0.0,0.132,0.282,86.005,0.371030,0.748112,0.693327,0.797648,0.786506,0.361242,0.473066,0.258539
6qWGRBzQMq6DXovBZMSE9d,Jim Brickman;Martina McBride,Picture This,Valentine,0.521,0.263,-12.711,0.0264,0.836,2.62e-05,0.138,0.184,95.448,0.886946,0.450028,0.289433,0.920255,0.827532,0.633735,0.615377,0.317296
3xNZWi52CDRZgCleRfSvTw,salem ilese,(MORE) Unsponsored Content,PS5 - Xbox X Version,0.753,0.566,-6.347,0.22,0.294,0.0,0.0718,0.574,87.899,0.312325,0.771602,0.838808,0.221923,0.667784,0.592420,0.521354,0.578023
5bozDlkO6pnqwA9Eef2YGw,Frankie Knuckles;Director's Cut;Eric Kupper;Jamie Principle;Dimitri From Paris,I'll Take You There,I'll Take You There - Dimitri From Paris Re-Edit,0.668,0.718,-9.677,0.0308,0.0354,0.334,0.19,0.334,125.001,0.137086,0.931226,0.810813,0.360823,0.895529,0.137582,0.651615,0.695703
3CQDFLetMMxD5hzAnUk410,Rels B,SHORTY QUE TE VAYA BN <3,SHORTY QUE TE VAYA BN <3,0.68,0.527,-6.748,0.11,0.232,0.000402,0.115,0.192,88.958,0.448602,0.699403,0.589935,0.684538,0.882728,0.265981,0.578803,0.800066
2xdIHrH1a0IuThQTbwpzmc,Los Teen Tops,Los Teen Tops De Su Epoca De Oro,Popotitos (Bonie Moroni),0.588,0.512,-12.253,0.0302,0.739,3.02e-05,0.227,0.92,140.257,0.621096,0.649333,0.847949,0.457337,0.299839,0.922873,0.539451,0.695440
1r6qzxz77Tvbrvqd1Q1MIN,Justine Skye;Tyga,Collide (Remix Pack),Collide (Sped Up Remix),0.362,0.432,-9.359,0.112,0.0882,0.0,0.264,0.256,81.29,0.442758,0.482006,0.589369,0.780372,0.831450,0.361616,0.264764,0.298865
1DKt8jBLop9ybhGwkxhOO6,Kibariye,Anlayamazsın,Tepecikli,0.67,0.608,-11.298,0.208,0.0765,0.0,0.0531,0.712,149.024,0.252972,0.871526,0.907751,0.214024,0.615552,0.295797,0.468218,0.776079
0wMGxaOeu5zZfbx3gWctMx,Los Abuelos De La Nada,Rock x siempre,Mil Horas,0.706,0.474,-8.55,0.0598,0.242,0.0,0.0789,0.545,99.776,0.414779,0.597473,0.889546,0.372071,0.651216,0.750797,0.697426,0.586760
015ENhxZgNXSvzml1FJueG,O Surto,Todo Mundo Doido,Zaroia,0.639,0.868,-2.974,0.0714,0.0648,0.0,0.169,0.708,137.037,0.110757,0.945775,0.936665,0.160312,0.888919,0.203212,0.249331,0.932707
6in6Cd884eyP3H17Rysfiv,"White Noise Meditation;Rain for Deep Sleep;Thunderstorm Sleep;Thunder Storm;Lightning, Thunder and Rain Storm;Thunderstorms","Rain Drop Medley of Roof, Thunder, Forest, Car, and More (Loopable Audio for Insomnia, Meditation, and Restless Children)",An Angry Thunderstorm,0.145,0.525,-15.818,0.0508,0.0002,0.596,0.358,0.0209,94.464,0.268004,0.339814,0.199424,0.709003,0.878502,0.180756,0.633118,0.348896
0gS5SDdFwpS0bgmfmlLdJl,From First To Last,"Punk-O-Rama, Vol. 10",Failure By Designer Jeans,0.423,0.909,-4.586,0.0781,0.000604,0.0,0.233,0.337,100.014,0.221550,0.843802,0.748165,0.222769,0.954299,0.224260,0.554032,0.686959
2EEbJpnK4CJsbwIjUYVLIg,LIL DUSTY G;Marshmello,UNDERGROWTH,PREACHED,0.688,0.414,-7.841,0.0354,0.415,2.18e-05,0.13,0.435,112.98,0.675222,0.483842,0.569797,0.628037,0.686074,0.565420,0.634635,0.683713
2L2rzhnx1Xr6LiGuaYMepY,Seven Lions;Blastoyz;ERV ELLO,Reason For Fighting (feat. ERV ELLO),Reason For Fighting (feat. ERV ELLO),0.467,0.931,-3.318,0.14,0.00705,0.000365,0.348,0.253,140.008,0.074907,0.904628,0.764552,0.428713,0.936175,0.089570,0.393922,0.843022
1i8s3cuXeFCUj5Jz3x2rgw,Sanah Moidutty;Yazin Nizar,High Way,Kommallo,0.813,0.524,-9.146,0.0472,0.301,0.000335,0.26,0.787,124.034,0.430211,0.805833,0.931518,0.286736,0.446387,0.545239,0.538729,0.757181
4LGzoHqHHeXx1NxP7lKYL6,Connate Exasperation,Delusional Primacy,Obsequious Supremacy,0.452,0.957,-3.978,0.115,1.61e-06,0.91,0.279,0.301,130.106,0.072006,0.865810,0.744741,0.549351,0.872764,0.067199,0.626651,0.804010
0jGNrMFSke9iI1pmfWbvft,Tiësto;Becky Hill,pov: it's 2020,Nothing Really Matters,0.735,0.842,-4.079,0.0403,0.00519,4.52e-06,0.308,0.681,123.039,0.087342,0.827668,0.901777,0.106736,0.773939,0.109332,0.292880,0.901372
3ZxOjtfOasnDolN3pZ8FAt,The Black Dog,Spanners,Barbola Work,0.751,0.907,-11.562,0.0441,0.0272,0.854,0.359,0.924,124.009,0.103174,0.950774,0.983697,0.064322,0.612733,0.174438,0.522330,0.886141
7GNLvWRG9itrCk0zarYKmQ,Collective Soul,Collective Soul,December,0.683,0.645,-5.707,0.0272,0.589,0.00432,0.18,0.366,121.995,0.491653,0.734449,0.530257,0.617038,0.854407,0.522514,0.546432,0.787899
0FINAWav6l4FyMdBpRM7GE,Avoure,Armada Deep - Ibiza 2019,Aura,0.593,0.801,-7.923,0.034,0.00082,0.9,0.105,0.199,123.016,0.073763,0.897794,0.668916,0.408104,0.972595,0.060361,0.891559,0.853870
4DveLaQHQYYVwDmRmPW6Af,mHz,Earth's Shadow,"golden hour, blue hour, dusk (+6° to -18°)",0.132,0.187,-19.351,0.0526,0.17,0.776,0.21,0.0339,172.802,0.609267,0.377789,0.094540,0.906754,0.858988,0.163662,0.871811,0.349137
1crA9Ty26EPBYotgHliTOO,Hank Williams,The Complete Hank Williams,I Dreamed About Mama Last Night,0.434,0.395,-11.125,0.0418,0.628,0.0,0.158,0.475,91.668,0.693191,0.367783,0.385304,0.681241,0.546470,0.696978,0.522724,0.300437
6GPhHxHruekYIuLesSfKSx,Isan,Plans Drawn In Pencil,Look And Yes,0.635,0.442,-11.017,0.0337,0.0135,0.905,0.358,0.109,123.045,0.485589,0.765649,0.455534,0.860333,0.941705,0.081368,0.885370,0.719232
55JRVOuDZzBrBwHecObTUb,Art Popular,Artpopuloucos #02 (Ao Vivo),Agamamou - Ao Vivo,0.754,0.871,-10.872,0.0469,0.189,0.000656,0.899,0.776,99.706,0.283074,0.891681,0.971267,0.072270,0.797102,0.413761,0.240810,0.828426
1kcNUj4udKEFesxdclbh8n,C AllStar,此刻無價 C AllCollection,再不再見,0.549,0.692,-5.336,0.0315,0.379,0.0,0.0853,0.341,143.905,0.202487,0.769948,0.560479,0.489428,0.907824,0.146936,0.268709,0.698031
2llwFWwibrfTgIyDnOAddS,Arvid Nero,Little White Dove,Out In The Night,0.42,0.612,-8.835,0.0257,0.76,0.000563,0.094,0.347,104.31,0.726036,0.735030,0.358890,0.632830,0.597137,0.609066,0.805836,0.572162
5GJPqaqlCSN19ReZ3Hmue4,When Chai Met Toast,When We Feel Young,When We Feel Young,0.573,0.7,-6.661,0.0271,0.267,0.0187,0.117,0.317,87.508,0.523210,0.632430,0.733107,0.595294,0.939492,0.331862,0.367251,0.673651
1v5qy0Q9MLAQ7mPoWZ5i5R,Hästpojken,En magisk tanke,Samma himlar,0.519,0.742,-4.043,0.0324,0.0747,0.0,0.127,0.598,116.752,0.139385,0.906367,0.925688,0.282665,0.890787,0.287808,0.364521,0.783917
0bb8X5e0tSxO8in2CSjJGl,Andrew Bird,Alternative Christmas 2022,Christmas In April,0.53,0.304,-10.509,0.0342,0.825,0.0182,0.145,0.301,90.495,0.814662,0.458398,0.491490,0.937615,0.707796,0.714625,0.760350,0.338026
2Xm7PDrm7BjRbqMsnwWUla,FACE,REVENGE,Тысячи птиц,0.679,0.524,-7.361,0.123,0.104,0.0,0.122,0.162,93.543,0.645495,0.675072,0.356147,0.798866,0.882015,0.233244,0.621162,0.661941
05Exd2AuGFpRqg6eSfSTtq,FEEST DJ MAARTEN,Lang Zullen Ze Leven,Lang Zullen Ze Leven,0.703,0.64,-3.45,0.0381,0.354,0.0,0.0586,0.908,120.003,0.249693,0.864636,0.886902,0.079910,0.614918,0.611869,0.482202,0.735273
5BUncTD8W5aUBF67ni1pKU,Bruno Mars;Anderson .Paak;Silk Sonic,On Chill - Rap & RnB,Smokin out the Window,0.627,0.618,-8.529,0.0437,0.0558,0.0,0.351,0.848,82.03,0.168337,0.794026,0.874097,0.058034,0.518423,0.426461,0.413361,0.598961
0ww38cWFekEKR9gq5iIuAQ,Los Tukas,10 de Colección,Albricias,0.589,0.461,-6.494,0.0245,0.803,0.0,0.124,0.582,91.883,0.822704,0.762988,0.471273,0.595121,0.354284,0.819105,0.353484,0.354164
7zkLpY72g6lKQbiHDqri1S,Norah Jones,Feels Like Home,Sunrise,0.526,0.299,-13.797,0.031,0.941,0.097,0.106,0.679,156.848,0.879365,0.583180,0.481116,0.650019,0.267102,0.831041,0.913093,0.708183
3kwtAEYzWabYBdSIfjoNmL,Dan Auerbach,Keep It Hid,The Prowl,0.37,0.755,-5.812,0.0552,0.204,0.0266,0.663,0.595,85.377,0.376772,0.786033,0.830967,0.400699,0.685218,0.349995,0.280922,0.810626
6KqiVlOLfDzJViJVAPym1p,The Beatles,1 (Remastered),All You Need Is Love - Remastered 2015,0.397,0.625,-5.829,0.0347,0.437,5.47e-06,0.263,0.676,104.54,0.332240,0.523945,0.670351,0.376927,0.648060,0.433124,0.548543,0.494233
0kfCf8GLQDZFZZIhVtHZvk,Charlotte de Witte,Asura EP,Asura,0.731,0.902,-10.807,0.0511,0.0122,0.899,0.111,0.409,136.014,0.115812,0.830647,0.827271,0.168766,0.889809,0.136732,0.774359,0.832266
0FzGKD3N0jK6nNOyOJBvNG,The Beatles,Love,While My Guitar Gently Weeps,0.417,0.163,-14.445,0.0369,0.676,0.000211,0.112,0.216,122.61,0.728907,0.248190,0.135202,0.941995,0.567352,0.454488,0.697890,0.370837
1SjCVgrZqywAgwe0U8pGJk,Eason Chan,The Line-Up,人來人往,0.542,0.26,-12.104,0.0347,0.759,3.98e-05,0.27,0.27,74.842,0.835798,0.388045,0.230340,0.888490,0.557863,0.848516,0.819242,0.612635
4sNG6zQBmtq7M8aeeKJRMQ,Declan McKenna,What Do You Think About the Car?,Brazil,0.687,0.617,-5.213,0.0287,0.0941,1.27e-05,0.0898,0.665,121.079,0.170730,0.794359,0.847251,0.179888,0.753141,0.314314,0.764318,0.699611
4fpAFti5ucsnsDLOV2LJxi,Andy Lau,coffee or tea,常言道,0.498,0.477,-9.477,0.0322,0.228,6.01e-06,0.19,0.168,75.986,0.506044,0.453653,0.273489,0.819197,0.860021,0.387613,0.243373,0.620831
3dP0pLbg9OfVwssDjp9aT0,Renée Elise Goldsberry;Original Broadway Cast of Hamilton,Hamilton (Original Broadway Cast Recording),Satisfied,0.707,0.593,-8.581,0.0949,0.287,0.0,0.15,0.478,123.772,0.286635,0.831873,0.849888,0.413186,0.750726,0.343777,0.719186,0.769476
0oAyMS75xW6Y8q019N54cE,Murilo Huff,Ao Vivão 2,Nossa História / Toma Juízo (Ao Vivo),0.477,0.559,-5.948,0.0373,0.339,0.0,0.178,0.328,114.632,0.430044,0.736934,0.580834,0.645770,0.940245,0.183488,0.549618,0.774431
0xWXwib13plprHeqn2JvMe,Rebourne;Wasted Penguinz,Univerze,Univerze - Extended Mix,0.371,0.902,-3.36,0.0538,0.172,0.33,0.0685,0.491,149.659,0.182487,0.895356,0.833615,0.503954,0.893566,0.232699,0.640979,0.878053
4ByEFOBuLXpCqvO1kw8Wdm,Cutting Crew,Broadcast,(I Just) Died In Your Arms,0.625,0.726,-11.402,0.0444,0.0158,0.000169,0.0625,0.507,124.945,0.156580,0.834536,0.852691,0.339702,0.875385,0.169769,0.330183,0.747638
7KX91rgYkAbeqDsYjVe4ec,Glee Cast,"Glee: The Music, The Complete Season Four",Signed Sealed Delivered I'm Yours (Glee Cast Version),0.548,0.839,-4.66,0.0368,0.0364,0.0,0.201,0.827,113.468,0.138541,0.753287,0.953657,0.085735,0.876280,0.219102,0.285413,0.799779
2W1S2nH5PiycBBDRjUhHQd,Boris Brejcha,Space Diver,Never Look Back,0.871,0.618,-8.251,0.044,0.000284,0.889,0.0828,0.451,124.989,0.136004,0.809558,0.768855,0.152654,0.823581,0.155020,0.891519,0.720705
4SzmKtY2v2Z98pedkWVoW3,Stringbean,Old Time Banjo Pickin' & Singin',Barnyard Banjo Pickin',0.715,0.615,-13.759,0.0353,0.752,0.0416,0.345,0.904,115.856,0.699004,0.695663,0.874610,0.119390,0.411419,0.780061,0.429076,0.741323
2Yi7wsvV9fuNdQAfvyvW12,Imaginasamba,Proposta,Duvido,0.32,0.813,-8.283,0.0996,0.299,0.0,0.948,0.464,140.776,0.122756,0.783276,0.630055,0.436121,0.650021,0.203678,0.267506,0.838486
0T6SmKzvfOcgDdT97b6OOR,Kolombo;Fedorovski,Kolombo Secret Weapons,Something Broke,0.812,0.677,-7.764,0.0688,0.00546,0.851,0.0608,0.456,120.014,0.189754,0.828974,0.844215,0.385936,0.727250,0.284683,0.891053,0.833584
5X92y382eZejxxp4KjWaJG,Jan Jelinek,La Nouvelle Pauvreté,Music To Interogate By,0.657,0.667,-11.146,0.0321,0.0418,0.887,0.385,0.493,123.757,0.170755,0.853378,0.757831,0.366786,0.808546,0.328186,0.762408,0.673769
74EsBpSsjhH7VrnCqtc7c8,Jay Pryor,All This,All This,0.598,0.955,-5.219,0.244,0.11,0.000141,0.934,0.503,126.002,0.170728,0.881609,0.760618,0.164449,0.859985,0.137623,0.061853,0.918332
2qoKPCtY8GuiSIVO1t5XWB,Anuel AA;KAROL G,Reggeaton Imperdible,Secreto,0.807,0.803,-4.156,0.126,0.6,0.0085,0.136,0.706,91.982,0.335697,0.736842,0.850606,0.375644,0.844364,0.551857,0.596994,0.837172
5vFFMf3on3rtVu46VDQJ1T,Johann Sebastian Bach;Boston Symphony Orchestra;Seiji Ozawa,Klassische Weihnachtsmusik,"Vom Himmel hoch da komm ich her, BWV 769 - Orch. Stravinsky: Choral",0.232,0.0142,-24.701,0.0308,0.996,0.867,0.133,0.255,95.139,0.974660,0.226095,0.129992,0.983867,0.429940,0.701976,0.978582,0.318276
4PF0AX3AFrv0Zf4tOAzY0D,Satanicpornocultshop,Arkhaiomelisidonophunikheratos,9 Headed Monster,0.651,0.925,-5.561,0.127,0.00878,0.804,0.0757,0.955,185.018,0.056392,0.951610,0.978949,0.074659,0.600853,0.228424,0.801963,0.951739
6sCjaNnN80hYy2LoTq1TS2,The Stunned Guys,Thunderdome 25 Years Of Hardcore,Beats Time - Edit,0.616,0.704,-11.206,0.163,0.0238,0.472,0.126,0.272,185.793,0.103621,0.838160,0.599601,0.532067,0.901483,0.306852,0.627613,0.817578
2DqSv7RDFWeIVUmmBpYaBc,anirap,O Único Homem no Céu (Capitão Pátria),O Único Homem no Céu (Capitão Pátria),0.657,0.754,-5.595,0.13,0.146,0.0,0.706,0.252,126.894,0.124733,0.847291,0.591864,0.414986,0.920656,0.165564,0.165838,0.799052
1VVyW3Dl9LaCAcPIhygo9A,Samantha Barks,Les Misérables: The Motion Picture Soundtrack Deluxe (Deluxe Edition),On My Own,0.303,0.116,-15.723,0.0552,0.888,0.0,0.144,0.196,85.473,0.938700,0.172065,0.155981,0.949435,0.769087,0.889549,0.894226,0.199854
7AT9jIs9H7tFjxEXmilL94,Agam,Manavyalakinchara (Mist of Capricorn) - Single,Manavyalakinchara (Mist of Capricorn),0.52,0.457,-10.313,0.0274,0.298,5.09e-05,0.101,0.366,86.031,0.486792,0.783412,0.648308,0.515465,0.673732,0.519067,0.541246,0.599951
4NQf9cmMzudBshudM9JArO,9smkr;Shiloh Dynasty,Luv,I'm not so perfect,0.789,0.0337,-13.449,0.0853,0.963,0.558,0.146,0.68,105.996,0.961823,0.601830,0.652824,0.726357,0.321936,0.908746,0.910997,0.460667
1qXXsm5HOx6lssCY9Sct2E,Ihsahn,Arktis.,Celestial Violence,0.435,0.498,-8.681,0.0356,0.00212,0.00748,0.0827,0.0563,138.075,0.325616,0.729262,0.557100,0.703994,0.937279,0.132885,0.349029,0.589079
0eKdJWDjubf1rbyCm0D59b,OneRepublic,Slow Christmas Songs 2022,Christmas Without You,0.262,0.677,-5.645,0.0528,0.447,0.0,0.205,0.365,207.478,0.153039,0.898354,0.478363,0.578224,0.757093,0.295713,0.639820,0.855720
2LNJtccdbODwZ9sVblGNgu,Parham,Torsken,Bad Boy,0.599,0.759,-6.423,0.111,0.243,0.0,0.0947,0.54,107.694,0.249572,0.761308,0.801031,0.365169,0.743145,0.218273,0.315525,0.881471
2WamPnD0DSXZXnJ9V2g3ip,El Bruto,Happy Hardcore Top 100,Let Yourself Go - Mix Cut,0.739,0.806,-5.748,0.251,0.00113,0.497,0.279,0.363,155.903,0.227063,0.930592,0.664890,0.393524,0.932715,0.128687,0.627248,0.945606
50TVKYY0LRQAqKI8EfBqzC,Larry Heard;Mr White,E.P.,The Sun Can't Compare - Long Version,0.803,0.654,-10.071,0.0468,0.00349,0.733,0.0859,0.435,128.007,0.060718,0.894152,0.720076,0.318016,0.832592,0.234939,0.816686,0.823626
4P2YFXfi4tiQLW0Ul0XJYC,Giuseppe Verdi;Quatuor Zaïde,No(s) Dames,I masnadieri: Prélude (Arr. for String Quartet by Eric Mouret),0.192,0.05,-23.002,0.0433,0.96,0.551,0.175,0.144,68.149,0.969084,0.127987,0.052512,0.992565,0.675444,0.942196,0.967442,0.059914
4RTpEWohPLpPBc6LUMGF7a,Jack Hartmann,"Hip-Hop Alphabop, Vol. 1",Hip-Hop to the Alphabet,0.942,0.629,-6.317,0.0687,0.000258,3.61e-06,0.0648,0.804,103.955,0.206112,0.930327,0.889874,0.034598,0.876563,0.348048,0.403278,0.798051
7uDjywLMNvTwD4WVYo9Yoh,Whales,Gilded Cage,Gilded Cage,0.698,0.744,-3.082,0.158,0.0132,0.0261,0.214,0.56,100.667,0.056212,0.729793,0.803096,0.226111,0.826164,0.199187,0.486137,0.841402
5rQ8KYGO7MetiCgqnn4hby,Tiësto;Ava Max,Dance Dance Dance,The Motto,0.754,0.763,-4.627,0.0435,0.0301,2.23e-05,0.0901,0.464,117.953,0.185916,0.847417,0.937380,0.182542,0.908845,0.155716,0.552903,0.893892
3gMSrAoq11yx5JdrMmereP,Soda Stereo,Ruido Blanco (Remastered),Vita-Set - Remasterizado 2007,0.271,0.978,-4.654,0.178,0.0893,0.588,0.96,0.474,178.936,0.069368,0.840052,0.688076,0.224202,0.920365,0.114514,0.375105,0.934395
6Gq50qy6gURua8ZDRyIqz4,SHE'S,J-Pop 輕旅行,Grow Old With Me,0.614,0.847,-4.686,0.0419,0.0178,0.0,0.274,0.933,156.019,0.080245,0.962996,0.969998,0.053178,0.574725,0.283098,0.304871,0.736722
3H1Er6tmf4akNcWW0iIRaj,Koven,Higher Ground (Part 1),Industrial Strain,0.398,0.91,-3.692,0.0911,0.000132,0.168,0.525,0.101,173.933,0.033467,0.919592,0.413817,0.710176,0.978842,0.156510,0.356043,0.880488
1LYMWLIvXHWehNAUUC32rO,Depth Charge,Spill,Legend of the Golden Snake - Single Version,0.676,0.716,-10.255,0.171,0.00973,0.87,0.384,0.381,91.47,0.295378,0.860161,0.766067,0.273842,0.864057,0.263571,0.823817,0.469665
03UUlyT64WFftDMfPuyXYy,ChuChu TV,"ChuChu TV Toddler Songs & Nursery Rhymes for Babies, Vol. 1 (US Version)",Incy Wincy Spider Nursery Rhyme,0.906,0.684,-5.667,0.0503,0.0514,0.00259,0.158,0.93,117.06,0.178930,0.893131,0.977390,0.064495,0.605046,0.293859,0.257855,0.865165
5xnLp83K91G0Qi9zPtOSnG,S3RL,Pika Girl - Single,Pika Girl,0.592,0.991,-1.827,0.144,0.0123,3.8e-06,0.361,0.523,175.047,0.079354,0.921843,0.905680,0.194011,0.940438,0.210387,0.312021,0.927832
2GB1sYi49t87FBHntFSWsW,Flunk,Chemistry and Math,Chemistry and Math,0.719,0.392,-11.301,0.0399,0.363,0.0116,0.0841,0.266,113.009,0.356998,0.622057,0.503560,0.581453,0.873725,0.385033,0.753471,0.588560
15lzXkV36tS2YA5RIUK6JX,Fritz Kalkbrenner,King Curtis,King Curtis - Edit,0.611,0.672,-10.758,0.0345,0.0467,0.893,0.153,0.194,121.01,0.263222,0.755156,0.658000,0.702561,0.855645,0.095272,0.884904,0.779648
5uM1JSanEe5PcQylkKXn6k,Millencolin,Pennybridge Pioneers,Devil Me,0.453,0.949,-2.984,0.0679,0.0018,0.0,0.132,0.816,92.379,0.133933,0.933899,0.872744,0.081176,0.875128,0.101936,0.331183,0.784015
6ZwTqNc7Ln6Dhn5UKNZJHy,boy in skirt,Sad Boy in Skirt,Losing Interest - Slowed Version,0.796,0.0617,-22.034,0.0754,0.768,0.895,0.111,0.166,96.44,0.837863,0.304782,0.417449,0.940684,0.726751,0.792583,0.969932,0.546169
0q7u1QUZmKDTTa4WekSLST,Nationalteatern,Livet är en fest,Hanna från Arlöv,0.588,0.422,-12.054,0.0302,0.225,0.0,0.486,0.832,123.627,0.467313,0.752693,0.959915,0.249837,0.439588,0.691078,0.479839,0.573912
4RLS7zLMhbApSUHe8Evp1G,Poupie,Enfant Roi,Pur,0.726,0.417,-6.64,0.0335,0.651,0.0,0.518,0.274,122.637,0.727511,0.677066,0.466901,0.841061,0.889706,0.641869,0.497002,0.591570
43bCIv2YSOOpgLe39cQhKH,Dean Evenson;Scott Huckabay,Harmonic Way,Blessed Path,0.144,0.136,-20.006,0.037,0.981,0.815,0.101,0.0389,178.946,0.891337,0.426785,0.069986,0.968599,0.433718,0.746966,0.982192,0.335130
42vKl66sQeXUnUEflHc00k,William Black;Sara Skinner,Universe,Wasted On You,0.61,0.572,-5.74,0.0438,0.275,0.000942,0.0917,0.24,145.02,0.369602,0.819855,0.538293,0.787598,0.834165,0.308920,0.687245,0.775679
1S7hEPenrIVKVTuEjtXKz9,Hogland;KIDDO,Letting Go,Letting Go,0.667,0.635,-5.924,0.0365,0.0534,0.0,0.0963,0.217,119.948,0.274334,0.649323,0.592599,0.405142,0.867498,0.122628,0.484615,0.700911
0a0ojBktF5aWS7Cdjf4rTA,Neon Trees,CHRISTMAS TOP HITS 2022,Holiday Rock,0.529,0.818,-6.622,0.04,6.5e-05,0.0,0.354,0.684,148.173,0.061825,0.828305,0.943138,0.111854,0.765458,0.284318,0.404549,0.892112
6mwuLb8sCidiHPtpQPR7z7,Meat Beat Manifesto,99%,Psyche-Out,0.568,0.908,-12.43,0.0546,0.00236,0.31,0.0675,0.814,115.586,0.175404,0.851884,0.941049,0.154238,0.650366,0.317458,0.270065,0.658065
7aTsbBoGoSNy0r8yXncVFR,Paul Kalkbrenner,Superimpose,Far Away,0.792,0.419,-16.239,0.251,0.0134,0.873,0.112,0.423,135.982,0.161953,0.705801,0.858562,0.297125,0.724106,0.238988,0.914922,0.671038
2S8zzsvlurouRcb7zbJOz1,Nova Issue,Liberation,Liberation,0.127,0.0286,-31.27,0.046,0.951,0.777,0.107,0.114,76.496,0.957404,0.042515,0.104366,0.986726,0.370793,0.870363,0.973983,0.182734
2u0iVKdjoV4V2eD5ETgeKZ,Sam Smith,Silent Night,Have Yourself A Merry Little Christmas,0.438,0.178,-9.402,0.0414,0.957,1.1e-06,0.316,0.344,75.25,0.969501,0.138338,0.077112,0.884758,0.489333,0.851915,0.799228,0.364669
5CteVMD0U8C9WbAWvrNgkN,Sonu Nigam;Shreya Ghoshal,Dabangg,Chori Kiya Re Jiya,0.507,0.585,-5.367,0.0288,0.475,0.0,0.317,0.449,132.741,0.333658,0.761235,0.465825,0.628671,0.767674,0.651280,0.562565,0.756529
2A40448819q6LAg0jc6TNt,Chimarruts,"Circuito Reggae, Vol. 12",Saber Voar,0.854,0.305,-9.032,0.0519,0.299,0.0,0.143,0.399,119.928,0.454550,0.579479,0.854890,0.638644,0.811288,0.690017,0.635117,0.714626
5qyHP14pcc5Pn1j6EXha3b,Grateful Dead,"Veneta, OR 8/27/72: The Complete Sunshine Daydream Concert (Live)","Promised Land - Live in Veneta, Oregon 8/27/72",0.604,0.809,-9.503,0.0387,0.647,0.741,0.333,0.956,161.272,0.490303,0.814324,0.903713,0.103243,0.500338,0.660928,0.882807,0.874318
0cKx33I7DYZkEPcZVIgrEB,Boris Brejcha,Club Vibes Part 01,Fckng Trap,0.797,0.704,-8.741,0.0529,0.000576,0.91,0.108,0.0556,125.001,0.170432,0.897489,0.661687,0.564858,0.901537,0.099377,0.855236,0.832233
0Hs9WwuAMYmMiIaaYLhE6i,No Doubt,Halloween Hits,Spiderwebs,0.485,0.924,-4.046,0.0579,0.0373,1.62e-06,0.248,0.661,143.244,0.169454,0.925789,0.790273,0.096421,0.916050,0.113605,0.308526,0.824055
2z7k8UytNaiMIJQNc1XZcZ,Diljit Dosanjh,Drive Thru,Vanilla,0.722,0.716,-4.089,0.0696,0.132,1.05e-05,0.0997,0.626,171.96,0.057306,0.902387,0.901148,0.299014,0.824496,0.226967,0.416988,0.710190
6RBLcDQvA3VgQ8vHoXoo0v,Social Distortion,White Light White Heat White Trash,Under My Thumb,0.108,0.953,-3.517,0.0707,2.45e-06,0.327,0.0271,0.449,182.119,0.041305,0.937612,0.694487,0.617073,0.846276,0.051997,0.591871,0.715422
2VraIbWVrzPs2YwGzjNPE3,KAS:ST;Anyma;Kevin de Vries,A Magic World (Remixes),"Outomorrow - Anyma, Kevin de Vries Remix",0.679,0.82,-8.343,0.045,0.0147,0.87,0.105,0.166,125.992,0.137008,0.777801,0.630578,0.439322,0.921206,0.152832,0.890685,0.819397
72yP0DUlWPyH8P7IoxskwN,Elton John;Britney Spears,Hold Me Closer,Hold Me Closer,0.667,0.75,-4.602,0.0906,0.0746,0.000198,0.197,0.486,126.041,0.136835,0.851245,0.915282,0.285295,0.916319,0.192041,0.387117,0.609913
6ccVm2vR5UnPU7J1uhR08r,Manim Vaqueiro,Não Acaba Não,Ponto Fraco,0.826,0.815,-4.725,0.0421,0.469,0.0,0.0514,0.902,156.058,0.407296,0.939622,0.942783,0.177240,0.605779,0.350924,0.611192,0.855800
6IIOcnq93QAaKeRX1cs16v,James Hype;Craig David,No Drama (feat. Craig David),No Drama (feat. Craig David),0.73,0.934,-3.995,0.078,0.168,2.56e-05,0.142,0.758,122.018,0.131352,0.919790,0.863532,0.156857,0.752196,0.296309,0.613075,0.922661
4fTAWfOq45ORpJl9tOh89b,Léo Magalhães,"Bebo e Choro, Vol. 6",A Fila Anda,0.653,0.764,-5.163,0.0303,0.514,0.0,0.137,0.663,143.914,0.223077,0.919758,0.894803,0.202848,0.640722,0.231806,0.825402,0.756127
0DDkW8j34M5hvxj79uGmK7,Frankie Avalon,Greatest Hits,Venus,0.558,0.483,-10.229,0.0291,0.732,2.76e-05,0.131,0.745,115.184,0.788840,0.677980,0.685133,0.594964,0.557594,0.570987,0.682199,0.740912
0WP2SQI2kVgHM7FHPQ97Fo,Lasse Stefanz,Mi Vida Loca,Cheerio,0.657,0.823,-6.884,0.0303,0.0482,0.0012,0.182,0.742,134.075,0.197516,0.911655,0.894075,0.186165,0.809012,0.315610,0.428864,0.906461
2x8BlDYVnlD57KLrbqXcbq,Vanessa Bell Armstrong,The Experience,Good News,0.604,0.801,-4.164,0.224,0.148,0.0,0.907,0.537,117.963,0.099773,0.919344,0.765097,0.231189,0.809840,0.295557,0.190881,0.885573
6EwgayfOiIQzOXBbFW1XW9,Eve 6,Essential 90's,Inside Out,0.484,0.817,-7.66,0.0435,0.104,0.0,0.361,0.728,175.518,0.056006,0.929733,0.929319,0.124596,0.419522,0.243315,0.269331,0.798651
31JhTEAWmmhZIZTm40pQZr,Scooter,No Time To Chill,How Much Is The Fish?,0.53,0.994,-9.629,0.0615,0.000592,0.00708,0.364,0.681,139.992,0.048339,0.894021,0.879359,0.176988,0.870611,0.209904,0.356879,0.903660
7rIBp3U5Igzn44l7Z7mOtE,Gen Hoshino,YELLOW DANCER,SUN,0.782,0.684,-5.774,0.0398,0.021,0.0,0.125,0.858,108.171,0.116575,0.901302,0.951996,0.107468,0.783349,0.398127,0.334416,0.493105
0PGpWcKIlayTwPdz6Qstol,Klingande;Wrabel,Big Love (with Wrabel),Big Love (with Wrabel),0.483,0.761,-7.15,0.111,0.0418,0.0,0.158,0.478,124.068,0.048840,0.873480,0.658049,0.299670,0.900051,0.139298,0.364326,0.778448
4TFYvTpA7QLnCcMlugJj6W,Wyatt Cenac,Furry Dumb Fighter,Ladies and Germs,0.524,0.532,-13.171,0.948,0.884,0.0,0.765,0.51,55.704,0.894603,0.354674,0.666122,0.692710,0.873436,0.759990,0.194324,0.470766
5BDiHXoVXj5JOoxJBQ9V5U,Chico Buarque,Almanaque,O Meu Guri,0.678,0.482,-13.419,0.0331,0.726,0.0125,0.218,0.862,135.657,0.349161,0.731038,0.883267,0.450012,0.344676,0.822560,0.671261,0.566951
6MXJQlaY0IcNjVDNYeYj8y,The Minds Of 99,Liber,Hjertet Følger Med,0.512,0.973,-4.822,0.0573,0.0022,0.494,0.0763,0.902,128.005,0.058021,0.926596,0.973391,0.085312,0.814041,0.114615,0.676213,0.861072
0QClTV1SGxUicck7KqG6sE,Floyd Cramer,For The Moment,Tennessee Waltz,0.394,0.159,-12.68,0.0286,0.964,0.727,0.121,0.246,83.072,0.923985,0.206268,0.185068,0.954870,0.610075,0.922850,0.937145,0.269927
6gnz3EIKMFwycZmiwbGeNp,Padre Fábio De Melo,Queremos Deus,Diante do Rei,0.384,0.367,-10.685,0.0305,0.757,0.0,0.461,0.237,64.807,0.858814,0.402025,0.165690,0.629581,0.794123,0.643068,0.442119,0.583871
47UO1iaEec4h7qWBDTwL1m,Ralphie May,Just Correct,Seigreid & Roy,0.494,0.764,-14.757,0.917,0.879,0.0,0.948,0.367,144.957,0.657674,0.883660,0.434198,0.620202,0.832259,0.542062,0.071148,0.881271
05uEelCxZhQjzYNgAntl45,Calcinha Preta,"Calcinha Preta, Vol. 13 (Ao Vivo)","Um Novo Amor ""Good Bye"" (Ao Vivo)",0.439,0.73,-2.324,0.0279,0.276,0.0,0.688,0.314,134.858,0.331062,0.844774,0.730864,0.719271,0.883166,0.220439,0.130037,0.735279
1xNcBAoUw8Hz6LqK2jt4Ff,Eric Prydz,Call on Me (Radio Mix),Call on Me - Radio Mix,0.597,0.837,-6.518,0.375,0.00427,0.00115,0.839,0.447,126.342,0.186090,0.903087,0.845651,0.430818,0.894096,0.185688,0.134657,0.896431
2hIsd0F6ZGfHCC1xa7vSad,Cigarettes After Sex,Cigarettes After Sex,Each Time You Fall in Love,0.378,0.533,-8.843,0.0279,0.479,0.508,0.131,0.285,75.927,0.639000,0.455976,0.628898,0.503670,0.560737,0.513375,0.717341,0.302106
3YnKuJ40mdFu4vxuuBYTO2,Leon Lai,Best Cantopop Tunes,夏日傾情,0.629,0.438,-8.394,0.029,0.56,0.0,0.127,0.219,158.027,0.589373,0.735644,0.526004,0.826777,0.653510,0.250345,0.602054,0.696322
1uT4Haj9BYmbjxvoF2omRc,Emma Watson,Beauty and the Beast (Original Motion Picture Soundtrack/Deluxe Edition),Belle (Reprise),0.395,0.32,-7.934,0.0317,0.511,2.15e-06,0.194,0.228,87.064,0.711186,0.569051,0.576357,0.930430,0.894723,0.710661,0.400428,0.312599
7geWKtL8FUXOjVgM8QLopD,Sujatha,Kaiyethum Doorathu (Original Motion Picture Soundrack),Aravindanayana Nin,0.669,0.247,-14.886,0.0407,0.577,0.000756,0.0721,0.213,117.95,0.761140,0.527783,0.523578,0.889351,0.797672,0.576719,0.735080,0.441006
3MZm4t1kRJ2e5JyaYQpjrF,Jackie Mittoo,The Keyboard King at Studio One,Black Organ,0.837,0.598,-9.047,0.181,0.391,0.238,0.0598,0.983,145.219,0.424016,0.900357,0.961124,0.128033,0.293804,0.636449,0.807629,0.800416
25jyi2W1s3ZF0aWuAK0Mb9,RWND,Hardstyle The Ultimate Collection Best Of 2019,M.A.R.C.,0.523,0.777,-3.954,0.0687,0.000363,0.0874,0.0803,0.417,149.882,0.080396,0.927389,0.772229,0.297599,0.803491,0.258335,0.543550,0.739231
1J9f1ooloQme6G8vhgKibt,Pritam;Arijit Singh,Bhool Bhulaiyaa 2,Mere Dholna (Arijit Version),0.681,0.917,-5.295,0.0573,0.343,0.0,0.663,0.772,116.03,0.206168,0.886794,0.952691,0.164198,0.787179,0.236758,0.257159,0.897245
4snocJfNuEvueU9yXZZroF,Rojin Sharafi,Kariz,Moss Grew,0.314,0.428,-15.667,0.161,0.068,0.37,0.371,0.0768,77.835,0.227513,0.429504,0.357464,0.693740,0.922377,0.198678,0.529038,0.549879
5TLA7O0ogTqwZHbS3ERabw,Soundgarden,Down On The Upside,Blow Up The Outside World,0.33,0.529,-10.043,0.0358,0.000807,0.214,0.126,0.148,140.156,0.192295,0.616576,0.280287,0.548121,0.844640,0.143104,0.527038,0.541101
5R3zrKrpaZWwXmyDo7lCEr,Jason Derulo;Kodak Black,Daily Pop Mix,Slidin',0.695,0.884,-1.953,0.172,0.106,0.0,0.134,0.803,100.088,0.171172,0.855692,0.925939,0.081615,0.768209,0.285976,0.373604,0.813757
3MrkW5fnetjLANJpTcWQK5,The Chisel,Retaliation,Retaliation,0.384,0.858,-5.604,0.0532,0.00123,0.839,0.103,0.821,97.735,0.077205,0.708620,0.971986,0.069342,0.798872,0.339384,0.770790,0.682941
3oN8FtgSrFmdTn4YgBY58e,The Cramps,Rock & Halloween,I Was A Teenage Werewolf - Remastered,0.412,0.601,-10.493,0.0536,0.000866,0.0455,0.321,0.49,114.543,0.236491,0.500306,0.797909,0.409139,0.875329,0.389368,0.340452,0.525615
4HQ2wkMrC5uQCh72HKrnan,Eddie Santiago,Era Salsa para Bailar,Lluvia,0.656,0.852,-4.857,0.0359,0.397,5.34e-05,0.0834,0.802,165.094,0.155612,0.923697,0.932427,0.138183,0.810555,0.233200,0.457114,0.908392
1ct6WrIPeIzrZivQ4JTZeb,Dropdead,Self Titled 1998,The Enemy Within (Part Two),0.24,0.973,-4.157,0.118,4.77e-06,0.995,0.0876,0.0307,111.737,0.087540,0.696942,0.304529,0.799691,0.964085,0.069384,0.927917,0.491519
1Cbx97zdKwqCVRPSqO0Quv,Prashant Soni,Flames: Season 2 (Music from the Tvf Original Series),Lamha,0.532,0.226,-14.169,0.0275,0.808,9.19e-05,0.105,0.0769,103.952,0.759978,0.513560,0.090849,0.950842,0.711929,0.854132,0.782982,0.479974
6t6PZ4020pWJJlpZMtkx2l,Tulipa Ruiz,Habilidades Extraordinárias,Estardalhaço,0.57,0.817,-4.657,0.0701,0.214,0.0,0.0771,0.776,174.241,0.086619,0.920902,0.897942,0.201627,0.774708,0.176265,0.707172,0.847672
3PFHRN5TsdfVT7SB7cuzj2,Matthias Reim,Himmel voller Geigen,Himmel voller Geigen,0.62,0.882,-5.008,0.0524,0.0182,0.0,0.0742,0.594,132.024,0.129922,0.901590,0.933714,0.131902,0.853415,0.176007,0.501322,0.664561
7fex2V7RzWl9nCKyILjibB,Jessie Ware,Tough Love (Deluxe),Say You Love Me,0.387,0.413,-8.95,0.0559,0.162,1.56e-05,0.262,0.249,173.73,0.252007,0.629926,0.315458,0.751896,0.936199,0.353521,0.580211,0.746833
5maqE0Bx0zNFvliGm50VBi,Avslut,Tyranni,Tyranni,0.252,0.985,-6.876,0.167,2.61e-06,0.27,0.321,0.0397,119.967,0.076722,0.849977,0.712956,0.654730,0.976631,0.049567,0.534231,0.805991
2ECokGI5VuABjcNb90be3p,Burna Boy,Summer Music Festival Hits,Last Last,0.795,0.565,-4.457,0.0948,0.131,0.0,0.0802,0.55,87.925,0.315005,0.783633,0.871993,0.299810,0.813902,0.652237,0.630442,0.704151
0AS63m1wHv9n4VVRizK6Hc,Shawn Mendes,Illuminate (Deluxe),Mercy,0.555,0.662,-4.952,0.0827,0.125,0.0,0.111,0.356,148.128,0.113731,0.850885,0.542291,0.362890,0.924120,0.309210,0.424990,0.670966
0sL9GKpJKZRngHncF2r0Rg,Tom Petty and the Heartbreakers,Home At Christmas,Christmas All Over Again,0.44,0.838,-6.196,0.0423,0.0956,0.0,0.473,0.619,138.908,0.069747,0.916875,0.879486,0.349447,0.733440,0.263235,0.365825,0.798964
3ATMIyGvkoR8yTeqFCiHFl,Justin Bieber,Weihnachten Musik,Mistletoe,0.623,0.668,-7.282,0.0531,0.475,0.0,0.0862,0.823,161.948,0.376087,0.859023,0.934340,0.194226,0.792166,0.504066,0.548250,0.761746
67VnPLN3mqfnyJYVtSSeBT,Deströyer 666,Phoenix Rising,The Last Revelation,0.29,0.959,-6.059,0.0913,2.09e-06,0.176,0.206,0.0372,160.57,0.107129,0.857979,0.549530,0.537399,0.967207,0.048580,0.528026,0.719349
5bVUUTXB0Dg7EzuSZC57ek,Joey Montana;Sebastian Yatra,Regageton Para Niños,Suena El Dembow,0.69,0.858,-4.431,0.0529,0.189,0.0,0.113,0.755,91.884,0.182038,0.849889,0.913556,0.187997,0.875471,0.177644,0.525138,0.766663
0gYrCS1xKsQlMY38hbpxb7,The Crystal Method,Vegas,High Roller,0.464,0.579,-9.136,0.0596,0.281,0.827,0.0992,0.14,171.752,0.290475,0.701466,0.294332,0.693115,0.911687,0.157791,0.884950,0.733932
3zof5D5OzxFubf8XivV17Q,Banda Magníficos,Magníficos Different,O Encanto,0.488,0.634,-4.311,0.0287,0.205,0.0,0.314,0.439,91.989,0.336180,0.678155,0.612142,0.494835,0.884767,0.439180,0.540897,0.688927
7wSKakIRtYIYUZEy4wGcTk,X-RX,Activate the Machinez,Hard Bass Hard Soundz,0.604,0.985,-3.583,0.0322,0.105,0.793,0.0358,0.278,142.959,0.073094,0.881259,0.620352,0.189848,0.903499,0.044681,0.944923,0.917650
3Xomal5ygcaPbGUwVqVtEg,Frejat,Dose Dupla Frejat,Amor pra recomeçar,0.564,0.856,-4.994,0.0363,0.215,0.0,0.337,0.726,120.528,0.140056,0.936885,0.904553,0.237133,0.763844,0.234330,0.407601,0.813189
0jpcPKLwQbM2YLO46t7fHk,Kailash Kher;Prem Jogi;Vijay Prakash;Siddarth Basrur,The Villain,Tick Tick Tick,0.693,0.926,-5.782,0.122,0.245,4.13e-05,0.0442,0.501,132.963,0.128675,0.940974,0.891279,0.263210,0.925757,0.234272,0.525871,0.863065
3Mk4nxxKHem8rWxdWLC0R6,Eikichi Yazawa,LIVE DECADE 1990-1999 (50th Anniversary Remastered),トラベリン・バス - Live at 横浜スタジアム'95 - Remastered 2022,0.493,0.943,-6.579,0.101,0.000409,0.1,0.923,0.274,140.2,0.100449,0.923588,0.692094,0.333356,0.944657,0.153474,0.223814,0.864303
6ujYgJuuMoDJMnJ8N7iKrm,Yiruma,The Best - Reminiscent 10th Anniversary,Love Me,0.544,0.137,-18.412,0.0683,0.992,0.868,0.0854,0.229,144.33,0.927826,0.600743,0.118756,0.967250,0.630712,0.778793,0.972992,0.432521
4rTrrtup2Oy2lrV5WXjLjJ,Abfahrt Hinwil,Links Berge Rechts Seen,Tech10,0.661,0.932,-6.411,0.0512,0.173,0.9,0.143,0.65,125.988,0.111401,0.922087,0.860809,0.204870,0.835249,0.216177,0.913613,0.873848
4OlpR5EwULijrATzM9VG3F,Calcinha Preta,As 20 +,Sonho Lindo,0.657,0.867,-5.726,0.0457,0.127,0.0,0.129,0.866,80.017,0.375868,0.787581,0.939374,0.087415,0.648138,0.439730,0.393103,0.890560
6r1Rdp605VoB2NoEVx4mFW,STUCA,Henny (VIP),Henny - VIP,0.597,0.985,-5.467,0.169,0.0502,0.462,0.138,0.179,105.005,0.272998,0.775177,0.535810,0.405329,0.977035,0.173024,0.588835,0.879260
3k458zzqcF9UeRfZqRbZYr,Prateek Kuhad,Raat Raazi,Raat Raazi,0.481,0.254,-10.642,0.0307,0.756,0.372,0.103,0.138,105.418,0.862043,0.380833,0.125432,0.758735,0.711156,0.690692,0.841055,0.473725
3CpD9lnEHelRkBtsdktwHy,Luis Fonsi,Ya huele a buñuelos,Let It Snow,0.552,0.676,-6.475,0.0627,0.247,0.0,0.177,0.452,147.769,0.224516,0.695438,0.711936,0.446973,0.854579,0.339843,0.613009,0.785417
3MW1QDG2onnS1mKdWSgjKG,The Countdown Kids,Happy Halloween! (Spooky Favorites for Kids),The Purple People Eater,0.572,0.698,-8.185,0.0354,0.0404,0.0,0.838,0.961,158.017,0.183005,0.868062,0.961389,0.125169,0.598313,0.426565,0.196934,0.929323
71Dv5Rf47Obs0Ue4fm2rHi,Maneli Jamal,Northern Lights,Northern Lights,0.623,0.236,-17.411,0.0447,0.971,0.918,0.0928,0.307,75.985,0.889176,0.267161,0.153439,0.856161,0.499263,0.911441,0.972362,0.394248
4JE6agBLHGA5TaF6FlqfBD,Matt Maltese,As the World Caves In,As the World Caves In,0.331,0.45,-5.362,0.034,0.365,0.00464,0.22,0.18,123.829,0.661337,0.644722,0.182270,0.770697,0.917872,0.238693,0.656297,0.552029
6sJImqJveB5c5qIHCRCLUd,Super Simple Songs,Humpty Dumpty & More Kids Songs,Humpty Dumpty,0.73,0.295,-9.447,0.0335,0.781,1.72e-05,0.122,0.961,114.002,0.655911,0.395010,0.769221,0.340289,0.257050,0.898129,0.788374,0.530590
6YX6ZHbeGnt3wqhcas8YOx,The Temptations,Best Christmas Playlist Ever 2022,Silent Night,0.277,0.344,-11.713,0.0264,0.215,8.6e-06,0.185,0.241,89.643,0.456585,0.476716,0.354631,0.671272,0.914192,0.433310,0.412354,0.596858
7c3qCkbYKDJe8bcWTD6A3j,Jhayco;Bad Bunny,Fiesta portatil,CÓMO SE SIENTE - Remix,0.807,0.606,-8.871,0.0872,0.0946,0.0,0.119,0.304,92.988,0.370879,0.736931,0.815075,0.346538,0.885924,0.159009,0.396754,0.824345
48VdMOHlnUZr3k0NDqza3r,Jhayco;Anuel AA,Halloween con perreito,Ley Seca,0.759,0.843,-3.718,0.0913,0.127,0.0,0.114,0.56,105.016,0.170215,0.916327,0.884819,0.099118,0.834735,0.314691,0.431110,0.930420
4bj0Wmx0UAYNoLv8UXYSyD,Mickie Krause,Best Of Karneval,Nur noch Schuhe an - Party-Version 2013,0.506,0.998,-1.502,0.132,0.0665,0.0,0.468,0.54,144.925,0.030613,0.957001,0.868064,0.202897,0.890341,0.074394,0.187722,0.923452
4hCepaOhXXxm3XTqHvPDJr,Norah Jones,Christmas Dinner 2022,I Dream Of Christmas,0.409,0.71,-6.215,0.0398,0.15,0.285,0.171,0.376,107.566,0.214868,0.925962,0.758939,0.366862,0.931727,0.392562,0.754642,0.776421
